user_id,image_type,gender,age_group,customer_type,clicks,converted,time_on_page,purchase_value
1,studio,male,adult,new,0,0,40.41,0.0
2,lifestyle,male,young,new,0,0,45.43,0.0
3,lifestyle,male,young,returning,0,0,23.85,0.0
4,lifestyle,female,adult,new,0,0,38.83,0.0
5,studio,male,adult,new,0,0,46.64,0.0
6,studio,female,adult,returning,0,0,24.29,0.0
7,studio,male,senior,returning,0,0,34.48,0.0
8,lifestyle,female,young,new,0,0,69.61,0.0
9,lifestyle,female,adult,returning,0,0,45.26,0.0
10,lifestyle,female,young,new,0,0,39.42,0.0
11,studio,female,adult,new,0,1,50.23,121.86
12,lifestyle,female,young,returning,0,0,45.73,0.0
13,lifestyle,female,young,returning,0,0,48.85,0.0
14,studio,male,young,returning,1,0,28.44,0.0
15,studio,female,young,new,0,0,12.66,0.0
16,studio,male,senior,returning,0,0,30.02,0.0
17,studio,male,adult,new,0,0,33.46,0.0
18,lifestyle,male,senior,new,0,0,47.76,0.0
19,studio,male,adult,returning,0,0,17.97,0.0
20,studio,male,young,new,0,0,32.95,0.0
21,lifestyle,male,young,returning,0,0,41.28,0.0
22,studio,male,young,new,1,0,41.5,0.0
23,studio,female,young,new,0,0,29.66,0.0
24,studio,male,adult,returning,0,0,27.73,0.0
25,studio,female,adult,returning,0,0,39.64,0.0
26,lifestyle,male,adult,new,0,0,42.07,0.0
27,studio,female,young,new,0,0,23.58,0.0
28,lifestyle,female,young,returning,0,0,51.55,0.0
29,lifestyle,female,young,new,0,0,28.33,0.0
30,studio,female,young,new,0,0,17.87,0.0
31,lifestyle,male,adult,new,0,0,39.55,0.0
32,studio,female,young,new,0,0,32.5,0.0
33,studio,female,adult,returning,0,0,35.73,0.0
34,lifestyle,female,adult,new,0,0,30.19,0.0
35,lifestyle,female,young,returning,0,0,50.93,0.0
36,lifestyle,male,adult,new,0,0,59.15,0.0
37,studio,female,adult,returning,0,0,34.78,0.0
38,studio,male,young,new,1,0,53.16,0.0
39,lifestyle,female,senior,new,0,0,25.85,0.0
40,studio,male,young,new,0,0,30.65,0.0
41,studio,female,young,new,0,0,28.04,0.0
42,studio,male,adult,new,0,0,26.42,0.0
43,studio,male,adult,new,0,0,28.42,0.0
44,lifestyle,female,young,new,0,0,36.42,0.0
45,studio,female,young,new,0,0,20.45,0.0
46,lifestyle,female,senior,new,1,0,57.13,0.0
47,studio,male,young,new,0,0,24.58,0.0
48,lifestyle,male,young,returning,0,0,49.88,0.0
49,lifestyle,female,adult,new,0,0,45.3,0.0
50,studio,female,senior,returning,0,0,43.32,0.0
51,lifestyle,female,young,new,0,0,51.77,0.0
52,lifestyle,male,adult,returning,0,0,33.74,0.0
53,lifestyle,female,adult,new,1,0,59.7,0.0
54,lifestyle,male,adult,returning,0,0,52.7,0.0
55,lifestyle,female,adult,new,0,0,33.04,0.0
56,lifestyle,male,senior,returning,0,0,26.71,0.0
57,studio,male,young,returning,0,0,28.09,0.0
58,studio,female,young,new,0,0,44.57,0.0
59,studio,female,senior,new,0,0,30.47,0.0
60,studio,male,adult,returning,0,0,30.35,0.0
61,studio,male,adult,new,0,0,27.2,0.0
62,studio,male,adult,new,0,0,33.1,0.0
63,lifestyle,female,adult,returning,0,0,31.51,0.0
64,studio,male,adult,new,0,0,20.17,0.0
65,studio,male,senior,returning,0,0,35.59,0.0
66,lifestyle,female,adult,new,1,0,54.3,0.0
67,studio,female,young,new,0,1,66.16,68.9
68,lifestyle,female,adult,new,0,1,62.66,98.39
69,studio,female,adult,new,0,0,23.28,0.0
70,lifestyle,female,adult,returning,1,1,69.68,119.36
71,lifestyle,female,adult,new,0,0,49.13,0.0
72,studio,female,young,new,0,0,30.76,0.0
73,studio,female,adult,new,1,1,59.07,155.62
74,lifestyle,male,adult,returning,0,0,42.82,0.0
75,lifestyle,female,adult,new,1,0,49.1,0.0
76,lifestyle,male,adult,new,0,0,46.78,0.0
77,lifestyle,male,young,new,0,0,45.63,0.0
78,studio,male,adult,new,0,0,23.53,0.0
79,studio,male,adult,new,0,0,52.85,0.0
80,studio,female,adult,new,1,1,68.77,156.49
81,lifestyle,female,adult,returning,0,0,15.36,0.0
82,lifestyle,female,adult,returning,0,0,45.81,0.0
83,studio,female,young,returning,0,0,9.02,0.0
84,studio,female,adult,new,0,0,45.4,0.0
85,studio,male,young,new,0,0,35.57,0.0
86,studio,female,adult,new,0,0,33.54,0.0
87,lifestyle,female,young,returning,0,0,41.15,0.0
88,lifestyle,male,young,new,0,0,47.02,0.0
89,lifestyle,female,adult,returning,0,1,56.35,174.53
90,studio,male,adult,new,0,0,34.05,0.0
91,studio,male,adult,returning,0,0,35.33,0.0
92,lifestyle,male,adult,returning,0,0,12.34,0.0
93,lifestyle,male,adult,new,0,0,47.09,0.0
94,lifestyle,female,adult,returning,0,0,48.78,0.0
95,lifestyle,female,adult,returning,0,0,45.67,0.0
96,studio,male,adult,returning,0,0,37.97,0.0
97,lifestyle,female,adult,returning,0,0,57.11,0.0
98,studio,female,adult,new,0,0,33.71,0.0
99,studio,male,senior,returning,0,0,39.05,0.0
100,studio,male,young,returning,0,1,47.63,175.89
101,studio,female,senior,new,0,0,20.01,0.0
102,lifestyle,female,young,new,0,0,45.73,0.0
103,studio,female,young,new,0,0,28.71,0.0
104,lifestyle,male,young,new,0,0,21.9,0.0
105,lifestyle,female,adult,returning,0,0,40.4,0.0
106,studio,male,young,new,0,0,33.12,0.0
107,studio,male,senior,new,0,0,36.85,0.0
108,lifestyle,female,adult,new,0,0,42.51,0.0
109,studio,male,adult,new,0,0,18.54,0.0
110,studio,male,adult,new,1,1,79.07,192.83
111,studio,male,senior,new,0,0,43.49,0.0
112,studio,male,adult,new,0,0,46.58,0.0
113,lifestyle,female,adult,returning,0,0,35.6,0.0
114,lifestyle,female,adult,new,0,0,45.45,0.0
115,lifestyle,male,adult,new,0,0,22.46,0.0
116,lifestyle,male,adult,new,0,0,32.82,0.0
117,lifestyle,male,young,new,1,0,42.43,0.0
118,studio,female,adult,new,1,0,51.75,0.0
119,lifestyle,male,young,new,0,0,30.11,0.0
120,lifestyle,female,adult,new,1,0,51.78,0.0
121,lifestyle,male,adult,new,0,0,41.11,0.0
122,lifestyle,male,senior,new,0,0,42.08,0.0
123,studio,female,senior,returning,0,0,25.99,0.0
124,studio,female,adult,new,0,0,50.61,0.0
125,studio,male,adult,returning,1,0,50.3,0.0
126,studio,female,young,returning,0,0,50.7,0.0
127,lifestyle,female,adult,returning,0,0,30.83,0.0
128,lifestyle,female,young,new,0,0,37.39,0.0
129,studio,female,young,returning,1,1,70.02,125.76
130,lifestyle,female,adult,new,1,0,71.47,0.0
131,studio,female,young,new,0,0,50.63,0.0
132,studio,male,young,new,0,0,29.81,0.0
133,studio,female,adult,returning,1,0,41.85,0.0
134,studio,male,young,new,0,0,34.1,0.0
135,lifestyle,male,young,returning,1,0,68.15,0.0
136,studio,male,young,new,0,0,35.51,0.0
137,lifestyle,male,young,returning,0,0,44.33,0.0
138,lifestyle,female,young,returning,0,0,53.06,0.0
139,studio,female,adult,returning,0,0,44.45,0.0
140,lifestyle,female,young,new,0,0,51.83,0.0
141,lifestyle,male,adult,returning,0,0,48.22,0.0
142,studio,male,young,returning,1,0,63.52,0.0
143,studio,female,adult,new,1,0,37.85,0.0
144,studio,male,adult,new,0,0,57.49,0.0
145,studio,female,adult,returning,0,0,45.6,0.0
146,studio,female,adult,new,0,0,33.4,0.0
147,lifestyle,female,senior,returning,0,0,58.1,0.0
148,lifestyle,female,young,new,0,0,38.53,0.0
149,studio,female,adult,new,1,0,54.75,0.0
150,studio,male,senior,new,0,0,45.92,0.0
151,lifestyle,female,young,new,0,0,50.62,0.0
152,studio,male,young,new,0,0,30.4,0.0
153,studio,male,young,returning,0,0,43.83,0.0
154,studio,male,adult,new,0,0,30.58,0.0
155,lifestyle,female,young,returning,1,0,64.31,0.0
156,studio,male,young,returning,0,0,34.82,0.0
157,lifestyle,male,adult,new,0,0,23.76,0.0
158,lifestyle,male,adult,new,0,0,34.63,0.0
159,studio,female,young,new,0,0,43.48,0.0
160,lifestyle,female,young,new,0,0,38.96,0.0
161,studio,female,adult,new,0,0,47.14,0.0
162,lifestyle,female,senior,new,1,0,49.87,0.0
163,lifestyle,male,adult,returning,0,0,48.96,0.0
164,lifestyle,male,adult,new,0,0,41.52,0.0
165,studio,female,adult,new,0,1,52.53,151.66
166,lifestyle,male,young,returning,1,1,65.22,106.13
167,studio,male,adult,returning,0,0,37.1,0.0
168,studio,male,adult,returning,0,0,24.91,0.0
169,studio,female,adult,returning,0,0,28.64,0.0
170,lifestyle,male,adult,new,0,1,60.59,91.71
171,lifestyle,female,senior,returning,0,0,43.34,0.0
172,studio,male,young,returning,1,0,60.28,0.0
173,lifestyle,female,young,new,0,0,16.1,0.0
174,studio,male,young,new,0,0,33.22,0.0
175,lifestyle,male,adult,new,0,0,38.37,0.0
176,studio,male,young,new,0,0,34.91,0.0
177,lifestyle,female,senior,new,0,0,41.56,0.0
178,studio,male,young,new,0,0,45.24,0.0
179,lifestyle,female,young,new,0,0,39.42,0.0
180,studio,female,young,new,0,0,36.33,0.0
181,studio,female,senior,new,0,0,48.92,0.0
182,studio,male,adult,returning,0,0,35.52,0.0
183,lifestyle,male,senior,new,0,0,34.31,0.0
184,lifestyle,male,senior,new,0,0,42.73,0.0
185,studio,female,adult,new,0,0,33.76,0.0
186,lifestyle,female,young,new,1,0,40.53,0.0
187,lifestyle,female,young,new,0,0,34.88,0.0
188,lifestyle,female,young,new,0,0,41.32,0.0
189,lifestyle,male,adult,returning,0,0,62.12,0.0
190,studio,male,young,new,0,0,38.71,0.0
191,studio,female,young,new,0,0,36.58,0.0
192,lifestyle,male,adult,new,0,0,58.91,0.0
193,lifestyle,male,adult,new,0,0,47.88,0.0
194,lifestyle,female,adult,returning,0,0,49.29,0.0
195,studio,male,adult,new,1,0,45.93,0.0
196,studio,female,adult,returning,0,0,22.35,0.0
197,lifestyle,female,adult,new,0,0,44.62,0.0
198,lifestyle,female,young,returning,0,0,60.22,0.0
199,lifestyle,male,adult,returning,0,0,57.13,0.0
200,lifestyle,male,senior,returning,0,0,53.58,0.0
201,lifestyle,female,young,returning,0,0,35.13,0.0
202,studio,male,adult,new,0,0,19.49,0.0
203,studio,male,adult,returning,1,0,41.78,0.0
204,lifestyle,male,young,new,0,0,44.18,0.0
205,lifestyle,male,senior,returning,0,0,42.29,0.0
206,studio,male,young,new,0,0,45.02,0.0
207,studio,female,adult,returning,0,0,20.11,0.0
208,lifestyle,male,adult,returning,0,0,40.71,0.0
209,studio,male,adult,new,1,0,42.33,0.0
210,studio,female,young,returning,0,0,44.91,0.0
211,lifestyle,female,young,returning,0,0,47.43,0.0
212,lifestyle,male,young,new,0,0,33.69,0.0
213,lifestyle,male,young,new,1,0,65.54,0.0
214,studio,female,young,new,0,0,18.77,0.0
215,lifestyle,female,adult,new,0,0,24.14,0.0
216,studio,female,adult,new,0,0,26.15,0.0
217,studio,female,adult,new,0,0,15.17,0.0
218,lifestyle,male,adult,new,0,0,40.87,0.0
219,lifestyle,female,adult,new,0,0,41.19,0.0
220,lifestyle,male,senior,new,0,0,42.94,0.0
221,lifestyle,female,young,returning,0,1,67.39,130.02
222,lifestyle,female,senior,new,0,0,39.77,0.0
223,studio,female,adult,returning,0,0,22.02,0.0
224,studio,male,adult,new,0,0,27.03,0.0
225,studio,male,adult,new,0,0,22.8,0.0
226,studio,female,adult,new,0,0,28.88,0.0
227,lifestyle,female,young,returning,0,0,47.96,0.0
228,studio,female,young,returning,0,0,17.44,0.0
229,lifestyle,male,adult,returning,0,0,38.6,0.0
230,lifestyle,male,senior,new,0,0,56.58,0.0
231,lifestyle,female,adult,returning,0,0,52.72,0.0
232,lifestyle,male,young,new,0,0,35.18,0.0
233,lifestyle,female,adult,returning,0,0,64.13,0.0
234,studio,male,adult,new,1,0,39.48,0.0
235,studio,female,young,new,1,0,47.72,0.0
236,lifestyle,female,young,new,0,0,30.3,0.0
237,studio,female,young,returning,0,0,39.33,0.0
238,studio,male,senior,new,0,0,68.01,0.0
239,lifestyle,female,adult,new,1,0,75.44,0.0
240,studio,male,young,new,0,0,43.46,0.0
241,lifestyle,female,young,returning,0,0,35.93,0.0
242,lifestyle,male,adult,new,0,0,40.32,0.0
243,lifestyle,male,senior,returning,0,0,58.16,0.0
244,studio,male,adult,returning,0,0,42.5,0.0
245,studio,male,adult,returning,0,0,35.83,0.0
246,lifestyle,female,young,returning,0,0,43.42,0.0
247,studio,male,adult,returning,0,0,45.56,0.0
248,lifestyle,female,young,new,0,0,55.03,0.0
249,lifestyle,female,adult,new,0,0,26.99,0.0
250,lifestyle,male,adult,new,0,0,44.27,0.0
251,studio,female,adult,new,0,0,40.78,0.0
252,studio,male,adult,new,0,0,29.68,0.0
253,lifestyle,male,adult,returning,0,0,54.79,0.0
254,studio,male,young,new,0,0,32.11,0.0
255,studio,female,adult,returning,0,0,48.07,0.0
256,lifestyle,male,adult,new,0,0,38.32,0.0
257,lifestyle,female,young,new,0,1,64.59,147.12
258,lifestyle,female,senior,new,0,0,49.37,0.0
259,lifestyle,female,adult,new,0,0,58.63,0.0
260,studio,male,adult,returning,0,0,42.41,0.0
261,lifestyle,female,adult,new,0,0,37.42,0.0
262,lifestyle,female,senior,new,0,0,44.28,0.0
263,studio,female,adult,returning,0,0,32.24,0.0
264,lifestyle,female,senior,new,0,0,47.18,0.0
265,lifestyle,female,young,new,0,0,32.55,0.0
266,lifestyle,male,young,new,0,0,41.19,0.0
267,lifestyle,male,adult,new,0,0,55.68,0.0
268,lifestyle,male,adult,new,0,0,55.24,0.0
269,studio,male,adult,returning,0,0,19.35,0.0
270,studio,male,young,new,0,0,17.77,0.0
271,lifestyle,male,adult,new,0,0,36.07,0.0
272,lifestyle,male,adult,new,0,0,24.21,0.0
273,lifestyle,female,adult,new,0,0,29.37,0.0
274,lifestyle,male,senior,returning,0,0,50.51,0.0
275,lifestyle,female,adult,new,0,1,61.62,138.27
276,lifestyle,female,young,returning,0,0,24.79,0.0
277,lifestyle,female,young,new,0,0,53.7,0.0
278,lifestyle,female,young,returning,0,0,37.78,0.0
279,lifestyle,male,adult,new,1,0,51.82,0.0
280,lifestyle,male,young,new,0,0,52.17,0.0
281,lifestyle,male,young,new,0,0,46.11,0.0
282,studio,male,senior,new,0,0,39.58,0.0
283,studio,female,adult,new,0,0,30.05,0.0
284,studio,female,young,new,0,0,40.7,0.0
285,lifestyle,male,young,returning,0,0,37.67,0.0
286,studio,male,senior,new,0,1,57.72,133.51
287,studio,male,senior,new,0,0,28.24,0.0
288,lifestyle,male,young,returning,0,0,53.43,0.0
289,studio,female,adult,new,0,0,50.53,0.0
290,lifestyle,male,adult,returning,1,0,59.12,0.0
291,studio,female,adult,new,0,0,30.14,0.0
292,studio,male,adult,new,0,0,44.35,0.0
293,lifestyle,male,adult,new,0,0,47.89,0.0
294,studio,female,senior,returning,0,0,35.56,0.0
295,studio,female,young,returning,0,0,46.51,0.0
296,lifestyle,female,young,returning,0,0,37.76,0.0
297,lifestyle,female,adult,new,0,0,29.14,0.0
298,studio,male,adult,returning,0,0,34.34,0.0
299,lifestyle,male,senior,new,0,0,57.84,0.0
300,studio,female,young,new,0,0,36.03,0.0
301,studio,female,adult,returning,0,0,23.27,0.0
302,lifestyle,female,young,new,0,0,37.97,0.0
303,lifestyle,male,adult,new,0,0,53.96,0.0
304,lifestyle,female,young,new,0,0,44.74,0.0
305,lifestyle,male,adult,returning,0,0,41.81,0.0
306,lifestyle,female,adult,new,1,0,55.7,0.0
307,lifestyle,female,adult,new,0,0,52.8,0.0
308,studio,male,young,returning,0,0,45.15,0.0
309,lifestyle,female,adult,new,1,0,42.99,0.0
310,studio,male,adult,new,1,0,59.4,0.0
311,studio,female,young,new,0,0,40.16,0.0
312,studio,male,young,returning,1,0,65.93,0.0
313,studio,female,young,new,0,0,34.31,0.0
314,lifestyle,male,senior,new,0,0,58.35,0.0
315,lifestyle,female,adult,new,0,0,46.69,0.0
316,lifestyle,female,young,new,0,1,50.86,140.3
317,studio,male,adult,new,0,0,45.21,0.0
318,studio,male,adult,new,0,0,43.09,0.0
319,studio,female,young,new,0,0,28.5,0.0
320,studio,male,senior,returning,0,0,42.9,0.0
321,lifestyle,female,adult,returning,0,0,63.08,0.0
322,lifestyle,male,adult,returning,0,0,37.17,0.0
323,lifestyle,female,adult,returning,1,0,64.26,0.0
324,studio,male,senior,new,0,0,29.05,0.0
325,lifestyle,male,young,new,0,0,36.3,0.0
326,lifestyle,male,young,returning,0,0,50.11,0.0
327,lifestyle,male,young,new,0,0,44.57,0.0
328,lifestyle,male,adult,returning,1,0,54.99,0.0
329,studio,female,adult,new,0,0,52.02,0.0
330,studio,female,adult,new,0,0,25.78,0.0
331,studio,female,young,new,0,0,33.54,0.0
332,lifestyle,female,adult,new,1,1,81.92,139.71
333,studio,male,adult,new,1,0,41.28,0.0
334,studio,female,adult,new,0,0,40.09,0.0
335,studio,male,adult,new,0,0,45.75,0.0
336,studio,female,young,new,0,0,33.85,0.0
337,lifestyle,male,adult,new,0,0,35.15,0.0
338,lifestyle,male,young,returning,0,0,38.88,0.0
339,studio,male,adult,new,0,0,8.22,0.0
340,studio,female,senior,new,0,1,70.06,69.39
341,studio,male,senior,new,1,0,57.65,0.0
342,studio,female,young,returning,0,0,33.24,0.0
343,studio,male,adult,new,1,0,33.33,0.0
344,studio,female,young,returning,0,0,46.09,0.0
345,studio,female,senior,new,0,0,35.62,0.0
346,lifestyle,male,adult,new,0,0,47.65,0.0
347,lifestyle,female,adult,new,1,0,56.89,0.0
348,studio,female,young,new,0,0,18.85,0.0
349,studio,female,senior,new,0,0,52.69,0.0
350,lifestyle,female,adult,returning,0,0,52.79,0.0
351,lifestyle,female,young,new,0,1,69.64,156.88
352,lifestyle,female,adult,returning,0,0,45.15,0.0
353,lifestyle,male,young,returning,0,0,30.03,0.0
354,studio,female,adult,returning,0,1,63.69,188.8
355,studio,male,senior,new,0,0,62.05,0.0
356,lifestyle,male,senior,returning,0,0,48.16,0.0
357,studio,female,adult,new,1,0,51.36,0.0
358,lifestyle,male,adult,new,0,0,30.98,0.0
359,lifestyle,male,adult,returning,1,0,36.3,0.0
360,lifestyle,female,young,new,0,0,38.41,0.0
361,studio,female,senior,returning,0,0,54.82,0.0
362,lifestyle,female,young,new,0,0,55.44,0.0
363,studio,female,young,new,0,0,34.35,0.0
364,lifestyle,female,senior,new,1,0,66.3,0.0
365,lifestyle,male,young,new,1,0,44.82,0.0
366,studio,male,adult,new,0,0,36.11,0.0
367,lifestyle,female,senior,new,0,0,41.76,0.0
368,lifestyle,male,adult,returning,0,0,42.55,0.0
369,studio,female,young,returning,0,0,32.25,0.0
370,studio,female,adult,returning,0,0,32.07,0.0
371,studio,male,young,returning,0,0,44.96,0.0
372,studio,female,adult,new,0,0,54.64,0.0
373,studio,female,adult,returning,0,0,33.31,0.0
374,lifestyle,male,adult,new,0,0,56.19,0.0
375,studio,female,adult,new,0,0,22.58,0.0
376,studio,female,adult,returning,0,0,34.08,0.0
377,lifestyle,male,adult,new,0,0,29.04,0.0
378,studio,female,senior,returning,0,0,36.88,0.0
379,lifestyle,female,young,new,0,0,49.16,0.0
380,studio,female,adult,new,0,0,46.19,0.0
381,studio,female,adult,new,0,0,27.21,0.0
382,lifestyle,female,young,new,0,0,46.58,0.0
383,lifestyle,male,young,returning,0,0,54.3,0.0
384,lifestyle,female,adult,returning,0,0,52.88,0.0
385,lifestyle,female,adult,new,0,0,44.59,0.0
386,lifestyle,male,young,new,0,0,36.11,0.0
387,studio,male,senior,new,0,0,33.11,0.0
388,studio,female,adult,returning,0,0,26.57,0.0
389,lifestyle,female,senior,new,0,0,46.68,0.0
390,lifestyle,female,young,returning,0,0,33.77,0.0
391,lifestyle,female,young,returning,0,0,48.78,0.0
392,studio,female,young,returning,0,0,37.28,0.0
393,studio,female,young,new,0,0,36.83,0.0
394,lifestyle,female,senior,returning,0,0,28.6,0.0
395,studio,male,young,new,0,0,35.28,0.0
396,lifestyle,female,adult,returning,0,0,37.41,0.0
397,lifestyle,female,young,returning,0,0,63.66,0.0
398,studio,female,adult,new,0,0,22.2,0.0
399,lifestyle,female,adult,new,0,0,39.95,0.0
400,lifestyle,female,adult,returning,0,0,45.83,0.0
401,studio,male,adult,returning,0,0,25.27,0.0
402,lifestyle,male,young,returning,0,0,61.28,0.0
403,lifestyle,male,senior,new,1,0,81.49,0.0
404,lifestyle,male,adult,new,0,0,33.42,0.0
405,studio,female,adult,returning,0,0,29.08,0.0
406,lifestyle,male,adult,new,0,0,63.47,0.0
407,studio,male,senior,new,0,0,53.95,0.0
408,studio,female,adult,new,1,0,46.31,0.0
409,lifestyle,female,adult,new,0,0,46.31,0.0
410,studio,male,adult,new,0,0,21.13,0.0
411,studio,female,young,new,0,0,56.97,0.0
412,lifestyle,female,adult,new,0,0,42.73,0.0
413,lifestyle,male,adult,returning,1,0,62.86,0.0
414,lifestyle,male,adult,returning,1,0,47.65,0.0
415,lifestyle,female,adult,new,0,0,30.64,0.0
416,studio,female,young,new,0,0,39.51,0.0
417,studio,female,adult,new,0,0,54.16,0.0
418,studio,male,senior,returning,0,0,34.6,0.0
419,lifestyle,male,senior,returning,0,0,37.21,0.0
420,lifestyle,female,young,returning,0,0,45.05,0.0
421,lifestyle,male,adult,returning,0,0,58.37,0.0
422,lifestyle,male,adult,new,0,0,35.61,0.0
423,studio,female,adult,new,0,0,32.5,0.0
424,studio,male,adult,new,0,0,43.37,0.0
425,studio,female,senior,returning,0,0,49.44,0.0
426,lifestyle,female,adult,new,0,0,39.16,0.0
427,studio,male,adult,returning,0,0,45.97,0.0
428,lifestyle,female,young,returning,0,0,47.29,0.0
429,studio,male,young,returning,0,0,35.16,0.0
430,studio,female,young,new,0,0,44.02,0.0
431,studio,male,senior,new,0,0,47.65,0.0
432,lifestyle,male,adult,returning,0,0,31.53,0.0
433,lifestyle,female,adult,new,0,1,76.84,126.14
434,studio,male,adult,new,0,0,38.45,0.0
435,studio,female,adult,returning,0,0,48.76,0.0
436,lifestyle,male,adult,returning,0,0,42.52,0.0
437,studio,male,young,new,0,0,37.48,0.0
438,lifestyle,female,adult,returning,0,0,45.99,0.0
439,lifestyle,male,young,new,1,1,82.47,104.02
440,studio,male,young,new,0,0,50.28,0.0
441,studio,female,young,new,0,0,39.66,0.0
442,lifestyle,female,young,returning,0,0,41.72,0.0
443,studio,female,young,new,0,0,45.1,0.0
444,studio,female,adult,new,0,0,39.3,0.0
445,lifestyle,male,young,new,0,0,71.56,0.0
446,lifestyle,female,adult,returning,0,0,44.91,0.0
447,lifestyle,male,young,returning,0,0,54.38,0.0
448,lifestyle,female,young,new,0,0,50.82,0.0
449,studio,male,adult,new,1,0,29.5,0.0
450,studio,female,senior,new,0,0,32.63,0.0
451,lifestyle,female,senior,new,0,0,42.61,0.0
452,lifestyle,female,senior,returning,1,0,47.0,0.0
453,studio,female,adult,new,0,0,31.05,0.0
454,lifestyle,female,adult,returning,0,0,28.29,0.0
455,studio,female,adult,new,0,0,23.91,0.0
456,studio,male,adult,new,0,0,37.42,0.0
457,studio,male,young,new,0,0,54.19,0.0
458,studio,male,adult,new,0,0,21.38,0.0
459,studio,male,adult,returning,0,0,22.85,0.0
460,studio,female,adult,returning,0,0,29.67,0.0
461,studio,female,adult,new,0,0,33.53,0.0
462,lifestyle,female,young,new,0,0,26.58,0.0
463,lifestyle,female,adult,new,0,0,35.01,0.0
464,lifestyle,female,young,new,0,0,34.09,0.0
465,lifestyle,male,senior,returning,1,0,65.18,0.0
466,studio,male,young,returning,0,0,39.26,0.0
467,studio,male,young,new,0,0,33.47,0.0
468,lifestyle,male,senior,new,0,0,43.22,0.0
469,studio,female,adult,new,0,1,47.9,96.28
470,lifestyle,female,young,returning,1,0,57.52,0.0
471,studio,female,adult,new,0,0,25.24,0.0
472,lifestyle,female,young,new,1,0,72.47,0.0
473,studio,female,young,new,0,0,20.02,0.0
474,lifestyle,male,young,new,0,0,35.44,0.0
475,lifestyle,female,adult,new,0,0,50.68,0.0
476,lifestyle,male,adult,returning,0,0,38.01,0.0
477,studio,male,adult,returning,0,0,41.72,0.0
478,lifestyle,male,adult,new,1,0,74.17,0.0
479,lifestyle,female,young,new,0,0,50.33,0.0
480,lifestyle,male,young,returning,0,0,29.98,0.0
481,lifestyle,male,adult,returning,0,0,30.46,0.0
482,lifestyle,female,young,new,0,0,40.13,0.0
483,studio,female,senior,returning,0,0,44.43,0.0
484,lifestyle,male,adult,returning,1,0,69.06,0.0
485,lifestyle,male,adult,new,1,1,69.15,103.0
486,lifestyle,female,young,new,0,0,37.15,0.0
487,studio,male,young,returning,0,0,32.49,0.0
488,studio,female,adult,returning,0,0,32.29,0.0
489,lifestyle,female,adult,new,0,0,56.96,0.0
490,lifestyle,male,young,new,0,0,40.96,0.0
491,studio,male,senior,new,0,0,41.53,0.0
492,lifestyle,male,young,returning,1,0,66.11,0.0
493,studio,male,young,new,0,0,50.91,0.0
494,studio,male,adult,new,0,0,34.65,0.0
495,studio,female,adult,returning,0,0,47.59,0.0
496,studio,male,senior,new,1,0,73.28,0.0
497,lifestyle,female,adult,returning,0,0,40.9,0.0
498,studio,female,young,new,1,0,44.36,0.0
499,lifestyle,male,adult,new,0,0,63.87,0.0
500,lifestyle,male,young,new,0,0,53.21,0.0
501,lifestyle,male,adult,returning,1,1,77.12,135.1
502,lifestyle,male,adult,returning,0,1,68.5,141.09
503,studio,female,young,new,0,0,24.55,0.0
504,lifestyle,male,adult,returning,0,0,53.09,0.0
505,lifestyle,female,adult,returning,0,0,24.0,0.0
506,studio,male,adult,new,0,0,45.71,0.0
507,lifestyle,male,adult,new,0,0,34.78,0.0
508,lifestyle,female,young,new,0,0,25.46,0.0
509,lifestyle,female,young,new,1,0,36.99,0.0
510,lifestyle,male,young,new,0,0,37.24,0.0
511,lifestyle,male,young,new,0,0,49.11,0.0
512,studio,female,adult,new,0,0,21.1,0.0
513,lifestyle,male,senior,new,0,0,34.64,0.0
514,lifestyle,male,adult,new,0,0,37.06,0.0
515,studio,female,adult,new,0,0,43.08,0.0
516,studio,female,adult,new,0,0,44.33,0.0
517,studio,female,young,new,1,0,51.4,0.0
518,lifestyle,female,senior,returning,0,0,56.83,0.0
519,lifestyle,female,senior,new,0,0,53.88,0.0
520,studio,female,adult,new,0,0,30.83,0.0
521,lifestyle,female,young,new,0,0,51.1,0.0
522,studio,female,adult,new,0,0,22.16,0.0
523,lifestyle,female,young,returning,0,0,46.86,0.0
524,lifestyle,male,adult,new,0,0,30.34,0.0
525,lifestyle,male,adult,new,0,0,43.43,0.0
526,studio,female,young,new,1,0,62.19,0.0
527,studio,female,senior,new,0,0,42.13,0.0
528,studio,male,senior,new,0,0,39.87,0.0
529,studio,female,senior,new,0,0,42.26,0.0
530,lifestyle,male,adult,new,0,0,48.63,0.0
531,lifestyle,female,young,returning,0,0,63.34,0.0
532,lifestyle,female,adult,new,0,0,48.52,0.0
533,lifestyle,female,adult,new,0,0,36.97,0.0
534,lifestyle,male,young,new,0,0,39.91,0.0
535,lifestyle,female,adult,returning,0,0,32.99,0.0
536,lifestyle,male,adult,new,0,0,29.61,0.0
537,lifestyle,male,young,new,0,0,17.68,0.0
538,studio,male,young,new,0,0,30.38,0.0
539,studio,female,young,new,0,0,20.96,0.0
540,studio,male,adult,new,0,0,35.97,0.0
541,lifestyle,male,adult,returning,0,0,36.91,0.0
542,lifestyle,female,young,new,0,0,31.14,0.0
543,studio,female,senior,returning,0,1,38.96,164.4
544,lifestyle,female,young,new,0,0,38.51,0.0
545,lifestyle,female,adult,returning,0,0,24.48,0.0
546,studio,male,adult,new,0,1,62.06,132.01
547,studio,female,adult,new,0,0,37.55,0.0
548,lifestyle,female,young,returning,1,0,54.73,0.0
549,lifestyle,male,senior,new,1,0,76.51,0.0
550,lifestyle,male,senior,returning,0,0,47.1,0.0
551,lifestyle,male,adult,new,0,0,45.86,0.0
552,lifestyle,male,adult,returning,0,0,48.87,0.0
553,lifestyle,female,young,new,0,0,36.83,0.0
554,lifestyle,female,adult,returning,0,0,36.89,0.0
555,lifestyle,female,adult,new,0,0,42.41,0.0
556,studio,female,adult,new,0,0,21.53,0.0
557,studio,male,adult,returning,0,0,52.85,0.0
558,studio,female,adult,returning,0,0,36.61,0.0
559,lifestyle,male,young,new,1,0,54.99,0.0
560,lifestyle,female,young,new,0,0,62.86,0.0
561,lifestyle,male,young,new,0,1,50.99,149.0
562,studio,female,young,new,0,0,50.36,0.0
563,studio,male,adult,new,0,0,43.13,0.0
564,studio,male,adult,returning,0,0,46.17,0.0
565,studio,male,adult,new,0,0,33.24,0.0
566,lifestyle,female,adult,new,0,0,42.56,0.0
567,studio,female,adult,returning,0,0,31.57,0.0
568,studio,male,young,new,0,0,44.96,0.0
569,lifestyle,female,adult,new,0,0,45.92,0.0
570,studio,female,young,returning,0,0,29.42,0.0
571,lifestyle,female,adult,returning,0,0,36.87,0.0
572,lifestyle,female,young,returning,0,0,41.85,0.0
573,studio,male,young,returning,0,0,31.68,0.0
574,lifestyle,male,adult,new,0,0,56.42,0.0
575,lifestyle,female,senior,new,0,0,55.08,0.0
576,lifestyle,female,adult,returning,0,0,50.06,0.0
577,studio,female,adult,new,0,0,37.34,0.0
578,lifestyle,female,adult,new,1,0,48.73,0.0
579,studio,male,adult,returning,0,0,41.96,0.0
580,studio,female,adult,returning,0,0,14.02,0.0
581,studio,male,adult,new,0,0,36.74,0.0
582,lifestyle,female,young,returning,0,0,33.88,0.0
583,studio,male,young,returning,0,0,26.11,0.0
584,studio,female,young,returning,0,0,30.37,0.0
585,lifestyle,female,adult,returning,0,0,41.16,0.0
586,studio,male,senior,new,0,0,39.77,0.0
587,studio,male,young,returning,0,0,42.9,0.0
588,studio,female,adult,returning,0,0,33.26,0.0
589,studio,female,senior,returning,0,0,38.98,0.0
590,studio,male,adult,returning,0,0,21.04,0.0
591,studio,female,adult,new,0,0,22.35,0.0
592,lifestyle,female,senior,new,0,0,49.87,0.0
593,studio,male,adult,new,0,0,41.31,0.0
594,studio,male,adult,returning,0,0,32.4,0.0
595,lifestyle,female,young,returning,0,0,51.33,0.0
596,studio,female,young,new,0,0,20.92,0.0
597,lifestyle,female,adult,new,0,0,45.99,0.0
598,studio,female,adult,returning,0,0,26.48,0.0
599,studio,male,senior,new,0,0,30.69,0.0
600,studio,male,senior,new,0,0,32.35,0.0
601,studio,male,senior,new,0,0,39.19,0.0
602,studio,male,young,returning,0,0,39.39,0.0
603,studio,female,senior,returning,0,0,43.63,0.0
604,studio,female,adult,new,0,0,32.1,0.0
605,studio,male,adult,new,0,0,41.32,0.0
606,studio,male,adult,new,0,0,51.87,0.0
607,studio,female,young,returning,0,0,33.81,0.0
608,studio,female,young,returning,0,0,35.95,0.0
609,lifestyle,female,adult,new,0,0,35.88,0.0
610,lifestyle,female,adult,new,0,0,38.08,0.0
611,studio,female,adult,returning,0,0,47.48,0.0
612,lifestyle,female,adult,new,0,0,54.59,0.0
613,lifestyle,male,senior,new,0,0,44.99,0.0
614,studio,male,adult,returning,0,0,39.9,0.0
615,lifestyle,male,adult,returning,0,0,51.2,0.0
616,lifestyle,female,young,returning,0,0,37.53,0.0
617,studio,female,young,new,0,0,21.94,0.0
618,studio,female,senior,new,0,0,46.89,0.0
619,lifestyle,male,adult,new,0,0,50.96,0.0
620,lifestyle,male,adult,new,0,0,49.49,0.0
621,studio,male,adult,new,0,1,51.26,116.08
622,studio,male,senior,new,0,0,55.23,0.0
623,studio,female,adult,returning,0,0,37.84,0.0
624,studio,female,adult,new,0,0,23.52,0.0
625,lifestyle,female,adult,new,0,0,26.04,0.0
626,studio,female,young,new,0,0,32.03,0.0
627,studio,female,senior,new,0,0,42.25,0.0
628,lifestyle,female,senior,new,1,0,59.12,0.0
629,studio,male,senior,returning,0,0,59.94,0.0
630,studio,female,senior,new,0,0,44.04,0.0
631,lifestyle,female,adult,returning,0,0,32.27,0.0
632,lifestyle,female,adult,new,0,0,19.3,0.0
633,lifestyle,male,adult,new,0,0,44.35,0.0
634,lifestyle,male,adult,new,0,0,51.89,0.0
635,studio,male,young,new,0,0,53.64,0.0
636,studio,female,adult,returning,0,0,32.98,0.0
637,lifestyle,male,senior,returning,0,0,64.22,0.0
638,studio,female,adult,new,0,0,21.41,0.0
639,studio,female,senior,new,0,1,56.56,82.78
640,studio,male,young,new,0,0,24.86,0.0
641,studio,female,young,returning,0,0,42.92,0.0
642,studio,female,adult,new,0,0,21.99,0.0
643,studio,male,young,returning,0,0,39.02,0.0
644,studio,female,young,new,0,0,22.58,0.0
645,studio,male,young,new,0,0,52.58,0.0
646,lifestyle,male,adult,new,0,0,38.26,0.0
647,lifestyle,female,young,new,0,0,45.78,0.0
648,lifestyle,female,young,new,1,0,39.11,0.0
649,lifestyle,female,young,new,0,0,27.05,0.0
650,studio,female,adult,new,0,0,27.27,0.0
651,studio,female,adult,new,1,0,58.51,0.0
652,lifestyle,female,adult,new,0,0,48.59,0.0
653,lifestyle,female,adult,new,0,0,52.85,0.0
654,lifestyle,female,young,new,0,0,26.9,0.0
655,studio,male,adult,new,0,0,40.07,0.0
656,studio,female,adult,new,0,0,29.4,0.0
657,studio,male,young,new,0,0,26.92,0.0
658,studio,female,adult,new,0,0,29.63,0.0
659,lifestyle,male,young,returning,0,0,40.84,0.0
660,lifestyle,female,young,new,0,0,48.61,0.0
661,studio,male,adult,returning,0,0,46.23,0.0
662,lifestyle,male,adult,new,0,0,47.21,0.0
663,lifestyle,female,young,returning,0,0,48.33,0.0
664,studio,male,young,returning,0,0,53.23,0.0
665,studio,female,senior,returning,0,0,46.97,0.0
666,studio,male,adult,returning,1,0,47.86,0.0
667,studio,male,senior,new,0,0,45.81,0.0
668,studio,male,adult,new,0,0,52.08,0.0
669,studio,female,adult,new,0,0,26.3,0.0
670,studio,male,adult,new,0,0,30.69,0.0
671,studio,female,young,new,0,0,49.5,0.0
672,lifestyle,male,adult,new,0,0,39.1,0.0
673,studio,male,adult,new,1,0,57.64,0.0
674,lifestyle,male,young,new,1,0,69.89,0.0
675,studio,male,adult,new,0,0,22.44,0.0
676,lifestyle,female,young,new,1,0,52.92,0.0
677,studio,female,adult,returning,0,0,47.05,0.0
678,studio,female,young,new,0,0,33.74,0.0
679,lifestyle,male,adult,new,0,0,21.81,0.0
680,lifestyle,male,young,new,0,0,36.9,0.0
681,lifestyle,male,young,returning,1,0,64.94,0.0
682,studio,female,adult,new,0,0,47.76,0.0
683,studio,male,adult,returning,0,0,35.51,0.0
684,lifestyle,female,adult,new,0,0,46.84,0.0
685,lifestyle,male,young,new,0,0,38.31,0.0
686,lifestyle,male,adult,returning,0,0,51.03,0.0
687,lifestyle,male,adult,returning,0,1,76.25,111.07
688,studio,male,young,new,1,0,57.68,0.0
689,lifestyle,female,adult,new,0,0,40.82,0.0
690,studio,male,adult,returning,0,0,39.34,0.0
691,studio,female,young,new,0,0,44.52,0.0
692,studio,male,senior,new,0,0,40.28,0.0
693,lifestyle,female,adult,new,0,0,50.01,0.0
694,studio,male,senior,new,0,0,43.7,0.0
695,studio,female,adult,returning,0,0,49.19,0.0
696,lifestyle,female,adult,new,0,0,49.0,0.0
697,studio,female,young,returning,0,0,30.01,0.0
698,lifestyle,male,adult,new,1,0,71.04,0.0
699,studio,female,senior,new,0,0,44.6,0.0
700,studio,male,adult,new,0,0,33.6,0.0
701,lifestyle,male,senior,returning,1,0,48.46,0.0
702,studio,male,young,returning,0,0,37.31,0.0
703,studio,male,adult,returning,1,0,68.35,0.0
704,studio,female,senior,new,0,0,12.71,0.0
705,studio,male,adult,returning,0,0,8.1,0.0
706,lifestyle,female,senior,returning,0,0,54.67,0.0
707,studio,female,adult,new,0,0,37.36,0.0
708,lifestyle,female,adult,new,1,0,63.72,0.0
709,studio,female,adult,new,0,0,29.74,0.0
710,lifestyle,male,senior,new,0,0,25.58,0.0
711,lifestyle,female,adult,returning,0,0,33.68,0.0
712,lifestyle,male,young,new,0,0,57.6,0.0
713,studio,female,adult,new,0,0,30.48,0.0
714,studio,female,adult,new,0,0,30.57,0.0
715,studio,female,young,new,0,0,8.71,0.0
716,lifestyle,male,adult,returning,0,0,23.96,0.0
717,lifestyle,male,young,new,0,0,53.1,0.0
718,lifestyle,male,adult,new,0,0,39.41,0.0
719,studio,male,adult,returning,0,0,44.91,0.0
720,lifestyle,male,adult,returning,0,0,34.46,0.0
721,lifestyle,female,adult,new,0,0,27.32,0.0
722,studio,male,young,new,0,0,32.39,0.0
723,studio,female,senior,new,0,0,34.27,0.0
724,lifestyle,female,young,returning,0,0,33.67,0.0
725,lifestyle,female,young,returning,1,0,48.93,0.0
726,lifestyle,male,senior,new,0,0,45.65,0.0
727,studio,male,adult,returning,0,0,30.08,0.0
728,lifestyle,male,young,new,0,0,32.68,0.0
729,studio,male,senior,new,0,0,58.05,0.0
730,studio,female,adult,new,0,0,39.58,0.0
731,studio,male,senior,new,0,0,41.58,0.0
732,lifestyle,female,adult,new,0,0,41.33,0.0
733,lifestyle,female,adult,returning,0,0,48.66,0.0
734,lifestyle,female,adult,new,0,0,47.32,0.0
735,studio,male,young,returning,0,0,24.66,0.0
736,lifestyle,male,adult,returning,0,1,46.68,185.74
737,studio,female,adult,returning,0,0,12.26,0.0
738,lifestyle,female,young,new,0,0,59.92,0.0
739,studio,male,young,new,0,0,30.55,0.0
740,studio,male,young,new,0,0,40.92,0.0
741,studio,male,senior,new,0,0,42.02,0.0
742,studio,female,adult,returning,0,0,44.13,0.0
743,lifestyle,male,adult,new,0,0,41.35,0.0
744,lifestyle,female,senior,new,0,0,33.72,0.0
745,studio,male,adult,new,0,0,24.63,0.0
746,lifestyle,female,senior,returning,1,1,78.49,145.86
747,studio,female,young,new,1,1,54.15,110.55
748,lifestyle,female,young,new,0,0,33.46,0.0
749,lifestyle,male,adult,returning,0,0,30.01,0.0
750,lifestyle,male,adult,new,0,0,38.71,0.0
751,studio,male,senior,new,0,0,35.04,0.0
752,lifestyle,female,adult,new,0,0,43.19,0.0
753,lifestyle,female,young,new,0,0,50.54,0.0
754,studio,female,adult,new,0,0,32.57,0.0
755,studio,male,adult,new,0,0,19.98,0.0
756,lifestyle,female,young,returning,0,0,21.52,0.0
757,lifestyle,male,adult,returning,1,0,58.62,0.0
758,lifestyle,female,senior,returning,0,0,40.35,0.0
759,lifestyle,male,adult,new,0,0,40.43,0.0
760,lifestyle,female,adult,new,0,0,45.3,0.0
761,studio,male,adult,returning,0,0,49.43,0.0
762,studio,male,young,new,0,0,17.52,0.0
763,studio,female,adult,returning,1,0,39.88,0.0
764,lifestyle,male,adult,new,0,0,41.15,0.0
765,studio,female,adult,returning,0,0,23.6,0.0
766,lifestyle,female,young,returning,0,0,27.11,0.0
767,lifestyle,female,senior,new,0,0,60.1,0.0
768,lifestyle,male,adult,new,0,0,31.52,0.0
769,studio,female,adult,new,0,0,21.91,0.0
770,lifestyle,female,young,new,0,0,30.52,0.0
771,studio,male,young,new,0,0,45.86,0.0
772,lifestyle,female,young,returning,0,0,35.05,0.0
773,studio,male,adult,new,1,0,36.14,0.0
774,studio,male,young,new,0,0,26.6,0.0
775,lifestyle,male,adult,new,0,0,41.52,0.0
776,studio,male,senior,new,0,0,48.92,0.0
777,studio,male,adult,new,0,0,43.08,0.0
778,lifestyle,female,adult,returning,0,0,34.22,0.0
779,lifestyle,female,adult,returning,0,1,56.69,115.99
780,lifestyle,male,senior,new,0,0,68.03,0.0
781,lifestyle,female,senior,new,0,0,56.96,0.0
782,lifestyle,female,young,returning,0,0,39.48,0.0
783,studio,female,young,new,0,0,12.05,0.0
784,studio,female,adult,new,0,0,30.41,0.0
785,studio,female,adult,new,0,0,21.73,0.0
786,lifestyle,male,young,new,0,0,33.37,0.0
787,lifestyle,male,adult,new,0,0,32.35,0.0
788,studio,male,adult,returning,0,0,32.69,0.0
789,studio,female,young,new,0,0,35.7,0.0
790,lifestyle,male,senior,returning,0,0,39.68,0.0
791,studio,female,young,new,0,0,22.22,0.0
792,lifestyle,male,adult,returning,0,0,40.21,0.0
793,lifestyle,female,adult,new,0,0,37.02,0.0
794,lifestyle,male,young,new,0,0,23.02,0.0
795,studio,male,adult,returning,1,0,56.08,0.0
796,lifestyle,male,adult,returning,0,0,34.71,0.0
797,lifestyle,male,senior,new,0,0,44.31,0.0
798,lifestyle,male,adult,returning,0,0,39.8,0.0
799,lifestyle,female,adult,new,0,0,41.85,0.0
800,lifestyle,male,adult,returning,0,1,63.46,156.69
801,lifestyle,male,adult,returning,0,0,28.95,0.0
802,studio,female,senior,new,0,0,43.12,0.0
803,lifestyle,male,young,new,0,0,38.56,0.0
804,lifestyle,female,young,new,0,0,52.84,0.0
805,studio,female,adult,returning,0,0,43.15,0.0
806,lifestyle,male,young,new,1,0,70.23,0.0
807,lifestyle,male,senior,new,0,0,37.62,0.0
808,lifestyle,male,adult,new,0,0,54.87,0.0
809,studio,female,adult,returning,0,0,35.94,0.0
810,studio,female,adult,new,0,0,41.9,0.0
811,lifestyle,female,adult,returning,0,0,48.74,0.0
812,lifestyle,female,adult,returning,0,0,46.59,0.0
813,studio,male,young,new,0,0,24.12,0.0
814,lifestyle,female,adult,new,0,0,51.55,0.0
815,lifestyle,female,young,returning,0,0,45.52,0.0
816,lifestyle,female,adult,new,0,0,27.27,0.0
817,lifestyle,female,adult,returning,0,0,37.16,0.0
818,studio,female,young,returning,0,0,22.87,0.0
819,studio,male,adult,returning,0,0,20.74,0.0
820,studio,male,young,new,0,0,43.53,0.0
821,lifestyle,female,senior,new,0,0,32.21,0.0
822,studio,male,young,returning,0,0,21.79,0.0
823,studio,female,senior,new,0,0,59.78,0.0
824,studio,male,adult,returning,0,0,30.52,0.0
825,lifestyle,female,adult,new,0,0,48.58,0.0
826,lifestyle,female,young,new,0,0,53.25,0.0
827,studio,male,senior,new,0,0,47.74,0.0
828,studio,female,young,returning,0,0,36.5,0.0
829,lifestyle,female,adult,new,0,0,41.63,0.0
830,studio,female,senior,new,0,0,45.38,0.0
831,studio,male,senior,returning,0,0,37.75,0.0
832,studio,male,adult,returning,0,0,41.95,0.0
833,studio,male,senior,returning,1,0,52.41,0.0
834,studio,male,adult,new,0,0,33.54,0.0
835,studio,female,young,returning,0,0,53.82,0.0
836,studio,female,adult,new,0,0,30.2,0.0
837,lifestyle,female,young,returning,0,0,42.19,0.0
838,studio,female,young,returning,0,0,39.31,0.0
839,lifestyle,female,adult,new,0,0,46.95,0.0
840,lifestyle,male,adult,new,0,0,44.93,0.0
841,studio,female,young,returning,0,0,22.5,0.0
842,lifestyle,male,senior,new,0,0,48.62,0.0
843,studio,female,young,returning,0,0,37.43,0.0
844,lifestyle,male,senior,new,0,0,58.4,0.0
845,studio,male,senior,returning,0,0,47.39,0.0
846,studio,female,senior,new,0,0,52.06,0.0
847,studio,female,adult,new,0,0,24.97,0.0
848,lifestyle,female,young,new,0,0,32.04,0.0
849,lifestyle,female,adult,new,0,0,45.28,0.0
850,lifestyle,male,young,new,0,0,53.33,0.0
851,studio,female,young,new,0,0,33.0,0.0
852,lifestyle,male,adult,new,0,0,34.6,0.0
853,studio,female,young,returning,0,0,18.99,0.0
854,lifestyle,female,senior,new,0,0,50.63,0.0
855,studio,male,senior,returning,0,0,38.87,0.0
856,studio,female,adult,new,0,0,30.66,0.0
857,studio,female,adult,new,0,0,44.05,0.0
858,studio,male,adult,new,0,0,34.13,0.0
859,lifestyle,female,senior,new,0,0,47.01,0.0
860,studio,female,adult,new,0,0,44.0,0.0
861,lifestyle,female,young,new,0,0,63.91,0.0
862,studio,male,adult,new,0,0,30.56,0.0
863,lifestyle,male,adult,new,0,0,33.24,0.0
864,studio,female,senior,new,0,0,30.11,0.0
865,studio,male,young,new,0,0,39.77,0.0
866,lifestyle,female,young,new,1,0,46.09,0.0
867,studio,male,senior,returning,0,0,36.27,0.0
868,studio,female,senior,new,0,0,37.15,0.0
869,lifestyle,female,senior,new,0,0,62.56,0.0
870,lifestyle,male,adult,new,0,0,53.93,0.0
871,studio,male,adult,new,0,0,19.63,0.0
872,studio,female,adult,new,0,0,50.85,0.0
873,lifestyle,female,young,returning,1,0,44.84,0.0
874,studio,male,adult,returning,0,0,36.6,0.0
875,studio,female,young,new,0,0,26.65,0.0
876,studio,male,young,new,0,0,31.12,0.0
877,lifestyle,male,senior,new,0,0,37.2,0.0
878,lifestyle,female,young,new,0,0,58.76,0.0
879,studio,male,senior,returning,0,0,38.6,0.0
880,studio,female,young,returning,0,0,37.26,0.0
881,studio,male,young,new,1,0,39.28,0.0
882,lifestyle,male,adult,returning,0,0,27.85,0.0
883,studio,male,adult,new,0,1,50.56,106.38
884,studio,female,adult,new,0,0,40.21,0.0
885,lifestyle,female,senior,new,0,0,45.79,0.0
886,studio,female,young,new,0,0,44.75,0.0
887,lifestyle,male,senior,returning,0,0,48.24,0.0
888,studio,male,young,returning,0,0,35.06,0.0
889,studio,female,senior,new,0,0,45.35,0.0
890,studio,male,adult,new,0,0,36.0,0.0
891,lifestyle,female,adult,returning,0,0,51.44,0.0
892,lifestyle,male,adult,returning,1,0,62.55,0.0
893,lifestyle,female,young,new,0,0,51.11,0.0
894,studio,male,senior,new,0,0,47.16,0.0
895,lifestyle,female,young,returning,0,1,75.6,120.0
896,studio,male,young,returning,0,0,43.29,0.0
897,studio,male,adult,returning,1,1,87.48,140.17
898,lifestyle,male,young,new,1,0,51.59,0.0
899,studio,male,young,new,0,0,43.35,0.0
900,studio,male,adult,returning,0,0,21.19,0.0
901,studio,female,adult,returning,0,0,44.47,0.0
902,studio,female,young,new,0,0,35.56,0.0
903,studio,female,adult,new,0,0,44.37,0.0
904,lifestyle,female,adult,returning,0,0,58.8,0.0
905,studio,female,senior,returning,0,0,48.01,0.0
906,lifestyle,male,senior,returning,0,0,42.87,0.0
907,lifestyle,male,adult,new,0,0,31.12,0.0
908,studio,male,adult,returning,0,0,40.36,0.0
909,studio,female,adult,new,0,0,32.14,0.0
910,studio,male,young,returning,0,0,41.64,0.0
911,lifestyle,male,adult,new,0,0,36.93,0.0
912,studio,female,senior,returning,1,0,45.71,0.0
913,lifestyle,male,adult,new,0,0,39.58,0.0
914,studio,female,young,returning,0,0,40.01,0.0
915,lifestyle,female,adult,new,0,0,43.22,0.0
916,studio,male,adult,new,0,1,46.87,94.0
917,studio,male,adult,returning,0,1,73.01,175.09
918,lifestyle,female,adult,new,0,0,40.61,0.0
919,lifestyle,female,adult,new,0,0,19.38,0.0
920,studio,male,young,returning,0,0,44.32,0.0
921,lifestyle,female,senior,new,0,0,46.89,0.0
922,studio,female,adult,returning,0,0,33.29,0.0
923,lifestyle,male,young,new,0,0,40.1,0.0
924,lifestyle,male,young,returning,0,0,40.15,0.0
925,studio,female,senior,returning,0,0,56.69,0.0
926,studio,male,senior,returning,0,0,44.65,0.0
927,studio,female,adult,returning,0,0,37.6,0.0
928,lifestyle,male,young,new,0,0,39.37,0.0
929,lifestyle,female,young,returning,1,0,74.28,0.0
930,studio,female,young,returning,0,0,43.43,0.0
931,studio,female,adult,new,0,0,44.89,0.0
932,lifestyle,male,adult,new,0,0,44.78,0.0
933,lifestyle,male,adult,returning,1,0,67.0,0.0
934,lifestyle,female,adult,new,0,0,45.93,0.0
935,studio,male,young,new,0,0,31.29,0.0
936,studio,male,young,new,1,0,53.69,0.0
937,studio,female,adult,new,0,0,55.97,0.0
938,lifestyle,male,young,returning,0,0,44.04,0.0
939,studio,male,young,new,0,0,47.7,0.0
940,lifestyle,male,adult,new,0,0,53.91,0.0
941,studio,female,adult,returning,0,0,40.63,0.0
942,lifestyle,female,adult,new,0,0,58.57,0.0
943,lifestyle,male,adult,returning,0,0,20.27,0.0
944,lifestyle,male,adult,returning,0,0,23.64,0.0
945,studio,male,adult,returning,0,0,52.28,0.0
946,studio,female,young,returning,0,0,28.53,0.0
947,studio,male,senior,new,0,0,41.12,0.0
948,lifestyle,female,young,new,0,0,59.51,0.0
949,lifestyle,male,young,new,0,0,44.0,0.0
950,lifestyle,female,young,new,0,0,58.9,0.0
951,lifestyle,male,senior,new,0,1,63.12,165.19
952,lifestyle,female,senior,new,1,0,68.16,0.0
953,studio,male,adult,new,0,0,35.58,0.0
954,lifestyle,male,adult,new,0,0,56.91,0.0
955,studio,female,adult,new,1,0,47.38,0.0
956,studio,female,senior,new,0,0,30.36,0.0
957,lifestyle,male,adult,new,0,0,37.32,0.0
958,studio,female,senior,new,0,0,35.77,0.0
959,studio,female,young,returning,0,0,28.53,0.0
960,lifestyle,female,young,returning,0,1,55.11,153.39
961,studio,male,senior,returning,0,0,51.22,0.0
962,lifestyle,female,young,returning,0,0,56.08,0.0
963,studio,female,senior,returning,0,0,43.92,0.0
964,studio,male,adult,new,0,0,28.53,0.0
965,studio,female,senior,new,0,0,34.16,0.0
966,studio,male,young,returning,0,0,14.27,0.0
967,lifestyle,male,adult,new,0,0,45.8,0.0
968,studio,female,adult,new,0,0,28.17,0.0
969,lifestyle,female,adult,new,1,0,71.71,0.0
970,studio,male,adult,new,0,0,21.22,0.0
971,lifestyle,male,senior,returning,0,0,41.08,0.0
972,lifestyle,female,adult,new,0,0,41.04,0.0
973,lifestyle,male,young,new,0,0,46.65,0.0
974,studio,female,senior,new,0,0,58.03,0.0
975,studio,female,young,returning,1,0,36.3,0.0
976,studio,male,adult,returning,0,0,31.98,0.0
977,lifestyle,female,young,new,0,0,27.72,0.0
978,studio,female,senior,returning,0,0,47.9,0.0
979,studio,male,young,new,0,0,28.53,0.0
980,lifestyle,female,young,returning,0,1,60.97,207.51
981,studio,female,senior,returning,0,0,38.28,0.0
982,lifestyle,female,adult,returning,0,0,43.16,0.0
983,studio,female,young,new,0,0,33.44,0.0
984,studio,male,adult,new,0,0,25.28,0.0
985,lifestyle,male,senior,new,0,0,47.85,0.0
986,studio,male,young,new,0,0,27.06,0.0
987,lifestyle,male,adult,new,0,0,50.15,0.0
988,studio,male,adult,new,0,0,35.57,0.0
989,studio,female,adult,new,0,0,24.6,0.0
990,lifestyle,female,adult,returning,0,0,66.07,0.0
991,lifestyle,female,adult,new,0,0,58.59,0.0
992,lifestyle,female,young,returning,1,0,81.43,0.0
993,studio,female,adult,returning,1,0,46.57,0.0
994,lifestyle,female,young,returning,0,0,33.65,0.0
995,studio,female,adult,returning,1,0,58.06,0.0
996,studio,male,young,returning,0,0,46.08,0.0
997,lifestyle,female,adult,returning,0,1,63.97,156.06
998,studio,female,young,new,0,0,13.96,0.0
999,lifestyle,male,adult,new,0,0,32.19,0.0
1000,studio,female,adult,returning,0,0,39.23,0.0
1001,studio,female,adult,new,1,0,43.4,0.0
1002,lifestyle,male,adult,new,0,0,28.35,0.0
1003,lifestyle,female,adult,returning,0,0,39.42,0.0
1004,lifestyle,male,young,new,0,0,9.53,0.0
1005,lifestyle,male,young,returning,0,0,35.97,0.0
1006,lifestyle,female,adult,new,1,0,52.74,0.0
1007,lifestyle,female,senior,new,0,0,50.1,0.0
1008,lifestyle,female,young,new,0,0,47.48,0.0
1009,studio,female,young,returning,0,0,38.78,0.0
1010,studio,male,young,new,0,0,43.97,0.0
1011,studio,female,adult,returning,0,0,33.32,0.0
1012,lifestyle,female,adult,new,0,0,27.44,0.0
1013,lifestyle,female,adult,new,0,0,42.44,0.0
1014,studio,male,young,new,1,0,41.24,0.0
1015,lifestyle,female,young,new,0,0,28.43,0.0
1016,lifestyle,female,young,new,0,0,47.79,0.0
1017,studio,female,adult,new,0,0,20.87,0.0
1018,lifestyle,female,adult,new,0,1,68.8,90.47
1019,lifestyle,male,young,new,0,0,29.08,0.0
1020,studio,female,senior,returning,0,0,37.09,0.0
1021,lifestyle,female,young,new,0,0,36.36,0.0
1022,studio,male,adult,new,1,0,61.37,0.0
1023,lifestyle,female,adult,new,0,0,47.94,0.0
1024,lifestyle,female,young,returning,0,0,33.76,0.0
1025,lifestyle,male,adult,returning,1,0,55.42,0.0
1026,studio,female,adult,returning,0,0,48.29,0.0
1027,lifestyle,male,adult,new,0,0,56.93,0.0
1028,lifestyle,male,adult,returning,0,0,28.31,0.0
1029,studio,female,young,returning,1,0,63.16,0.0
1030,lifestyle,male,adult,returning,0,0,54.4,0.0
1031,studio,male,young,new,0,0,36.79,0.0
1032,lifestyle,male,adult,returning,0,0,41.09,0.0
1033,studio,male,young,new,0,0,29.5,0.0
1034,studio,female,young,new,1,0,37.47,0.0
1035,studio,female,young,new,0,0,38.39,0.0
1036,lifestyle,female,young,new,0,0,40.3,0.0
1037,studio,female,adult,new,0,0,39.35,0.0
1038,lifestyle,male,young,new,0,0,46.59,0.0
1039,studio,female,adult,returning,0,0,60.18,0.0
1040,studio,female,young,new,0,0,46.97,0.0
1041,lifestyle,female,adult,returning,0,0,47.47,0.0
1042,lifestyle,female,adult,new,1,0,35.63,0.0
1043,studio,female,senior,returning,0,0,43.92,0.0
1044,lifestyle,female,senior,returning,0,0,62.82,0.0
1045,lifestyle,male,senior,new,0,0,42.73,0.0
1046,lifestyle,female,adult,returning,0,0,63.91,0.0
1047,studio,male,adult,new,0,0,40.44,0.0
1048,studio,male,adult,new,0,0,37.95,0.0
1049,lifestyle,male,senior,new,1,0,52.09,0.0
1050,studio,male,young,new,1,0,65.04,0.0
1051,lifestyle,male,adult,new,0,0,33.69,0.0
1052,lifestyle,male,young,new,0,0,36.36,0.0
1053,lifestyle,female,adult,returning,1,1,58.19,144.8
1054,lifestyle,female,adult,new,0,0,50.96,0.0
1055,lifestyle,female,adult,new,0,0,47.88,0.0
1056,studio,male,adult,returning,0,0,35.1,0.0
1057,lifestyle,female,senior,new,0,0,54.4,0.0
1058,studio,female,adult,returning,0,0,41.46,0.0
1059,studio,male,adult,new,0,1,51.34,127.03
1060,lifestyle,female,young,new,1,0,49.15,0.0
1061,lifestyle,female,adult,new,0,1,44.85,117.96
1062,lifestyle,male,adult,returning,1,0,55.22,0.0
1063,lifestyle,female,young,new,1,0,43.92,0.0
1064,studio,female,adult,new,0,0,36.63,0.0
1065,studio,male,adult,returning,0,0,33.4,0.0
1066,lifestyle,male,adult,returning,0,0,37.98,0.0
1067,studio,male,adult,new,0,0,45.47,0.0
1068,studio,male,adult,returning,0,0,25.14,0.0
1069,studio,female,young,new,0,0,16.52,0.0
1070,studio,female,adult,new,1,0,47.75,0.0
1071,studio,male,young,new,1,0,42.6,0.0
1072,studio,female,young,new,0,0,36.22,0.0
1073,studio,male,young,new,0,0,25.86,0.0
1074,studio,male,young,new,0,0,39.21,0.0
1075,lifestyle,male,young,new,0,0,32.27,0.0
1076,studio,female,young,new,0,0,25.16,0.0
1077,studio,male,young,new,0,0,41.16,0.0
1078,lifestyle,male,adult,returning,0,0,41.54,0.0
1079,studio,male,young,returning,0,0,23.13,0.0
1080,lifestyle,female,adult,new,1,0,47.48,0.0
1081,lifestyle,female,senior,returning,0,0,43.27,0.0
1082,studio,male,adult,new,0,0,23.57,0.0
1083,studio,male,young,new,0,0,32.12,0.0
1084,lifestyle,female,senior,new,0,1,64.47,79.92
1085,lifestyle,female,young,new,0,0,32.83,0.0
1086,studio,male,young,returning,0,0,41.5,0.0
1087,lifestyle,female,senior,returning,0,0,36.8,0.0
1088,studio,female,senior,new,0,0,52.46,0.0
1089,lifestyle,male,adult,new,0,0,39.82,0.0
1090,studio,female,adult,new,0,0,28.4,0.0
1091,lifestyle,female,adult,new,0,0,47.39,0.0
1092,lifestyle,female,young,returning,0,0,42.34,0.0
1093,lifestyle,male,young,new,0,0,49.6,0.0
1094,lifestyle,male,adult,new,0,0,21.99,0.0
1095,studio,male,senior,returning,0,0,45.17,0.0
1096,studio,male,young,new,1,0,44.81,0.0
1097,studio,female,adult,returning,0,0,35.38,0.0
1098,studio,female,young,new,0,0,34.12,0.0
1099,lifestyle,female,adult,new,0,0,55.47,0.0
1100,studio,female,adult,new,0,0,16.4,0.0
1101,studio,male,adult,new,0,0,51.14,0.0
1102,lifestyle,female,young,returning,0,0,49.06,0.0
1103,lifestyle,female,adult,new,0,0,43.52,0.0
1104,lifestyle,male,adult,returning,0,0,27.66,0.0
1105,lifestyle,female,young,new,0,0,25.28,0.0
1106,studio,male,young,returning,0,0,29.39,0.0
1107,studio,female,adult,returning,1,0,56.35,0.0
1108,lifestyle,female,adult,new,0,0,41.94,0.0
1109,lifestyle,male,young,new,0,0,47.78,0.0
1110,studio,female,adult,returning,0,0,20.37,0.0
1111,lifestyle,female,senior,new,0,0,47.44,0.0
1112,studio,male,young,returning,0,0,45.95,0.0
1113,studio,male,adult,new,0,0,49.52,0.0
1114,lifestyle,male,young,returning,0,0,29.46,0.0
1115,lifestyle,female,young,new,0,0,38.48,0.0
1116,lifestyle,female,young,returning,0,0,38.59,0.0
1117,studio,female,adult,new,0,0,28.74,0.0
1118,lifestyle,female,adult,returning,0,0,51.08,0.0
1119,studio,female,young,new,0,0,63.71,0.0
1120,studio,male,adult,new,0,0,23.86,0.0
1121,lifestyle,female,adult,returning,0,0,46.25,0.0
1122,lifestyle,male,young,returning,0,0,44.96,0.0
1123,lifestyle,male,adult,returning,0,0,45.17,0.0
1124,lifestyle,female,adult,new,0,0,55.33,0.0
1125,lifestyle,male,adult,new,0,0,45.73,0.0
1126,lifestyle,female,adult,new,0,0,20.64,0.0
1127,studio,female,young,returning,0,0,20.63,0.0
1128,studio,male,adult,new,0,0,24.33,0.0
1129,studio,male,young,new,0,0,27.51,0.0
1130,studio,female,adult,returning,0,0,33.6,0.0
1131,lifestyle,female,senior,new,1,0,59.85,0.0
1132,studio,male,young,returning,0,0,16.77,0.0
1133,studio,male,adult,new,0,0,18.91,0.0
1134,studio,female,adult,returning,0,0,13.81,0.0
1135,lifestyle,female,adult,returning,1,0,41.46,0.0
1136,studio,male,young,returning,0,0,44.91,0.0
1137,lifestyle,male,senior,new,0,0,44.3,0.0
1138,studio,female,adult,returning,0,1,45.47,120.32
1139,studio,female,young,new,0,0,15.82,0.0
1140,lifestyle,female,young,returning,0,0,31.87,0.0
1141,lifestyle,female,adult,new,0,0,48.07,0.0
1142,studio,female,young,new,0,0,39.76,0.0
1143,lifestyle,male,young,returning,0,0,39.48,0.0
1144,lifestyle,female,adult,new,0,0,39.33,0.0
1145,studio,male,adult,returning,0,0,17.29,0.0
1146,lifestyle,female,adult,new,0,0,34.24,0.0
1147,lifestyle,male,adult,returning,0,0,47.56,0.0
1148,lifestyle,male,adult,returning,1,0,50.25,0.0
1149,lifestyle,female,senior,new,0,0,63.23,0.0
1150,lifestyle,female,young,new,0,0,54.06,0.0
1151,lifestyle,male,adult,returning,0,0,37.46,0.0
1152,lifestyle,female,senior,new,0,0,44.35,0.0
1153,lifestyle,male,adult,new,0,0,64.23,0.0
1154,lifestyle,male,adult,new,1,0,65.47,0.0
1155,lifestyle,female,young,new,0,0,42.7,0.0
1156,lifestyle,male,adult,new,0,0,43.86,0.0
1157,studio,female,adult,new,0,0,36.49,0.0
1158,lifestyle,male,adult,new,0,0,41.83,0.0
1159,lifestyle,female,senior,new,0,0,36.29,0.0
1160,studio,female,young,new,0,0,30.98,0.0
1161,lifestyle,male,young,new,0,0,27.64,0.0
1162,studio,male,young,new,0,0,42.25,0.0
1163,studio,female,adult,returning,0,0,33.68,0.0
1164,lifestyle,female,young,new,1,0,64.75,0.0
1165,studio,male,adult,returning,0,0,22.26,0.0
1166,lifestyle,female,young,returning,0,1,76.22,155.05
1167,lifestyle,male,adult,new,0,1,74.98,107.05
1168,lifestyle,male,young,new,0,0,26.26,0.0
1169,studio,female,senior,new,0,0,34.94,0.0
1170,studio,male,adult,returning,0,0,31.03,0.0
1171,lifestyle,female,senior,new,0,0,32.62,0.0
1172,lifestyle,female,adult,returning,0,0,39.4,0.0
1173,lifestyle,female,young,returning,0,0,47.58,0.0
1174,studio,female,young,new,0,0,30.31,0.0
1175,lifestyle,female,senior,new,0,0,29.87,0.0
1176,lifestyle,female,adult,new,1,1,84.72,184.78
1177,lifestyle,female,young,new,0,0,34.08,0.0
1178,studio,female,adult,new,0,0,28.14,0.0
1179,lifestyle,female,adult,returning,0,0,58.81,0.0
1180,lifestyle,male,young,returning,0,0,45.97,0.0
1181,lifestyle,female,young,new,0,0,33.91,0.0
1182,studio,female,adult,new,0,0,23.11,0.0
1183,lifestyle,female,young,new,0,0,51.66,0.0
1184,lifestyle,female,young,new,0,0,50.97,0.0
1185,studio,female,young,returning,0,0,29.93,0.0
1186,lifestyle,female,young,new,0,0,29.41,0.0
1187,lifestyle,male,adult,returning,0,1,65.86,158.51
1188,studio,female,young,returning,0,0,40.94,0.0
1189,studio,male,young,new,0,0,31.27,0.0
1190,lifestyle,female,senior,new,0,0,35.97,0.0
1191,studio,female,young,new,0,0,35.25,0.0
1192,lifestyle,male,adult,new,0,0,46.62,0.0
1193,studio,male,adult,new,0,0,30.13,0.0
1194,lifestyle,female,adult,returning,1,0,59.62,0.0
1195,studio,male,adult,new,0,0,38.61,0.0
1196,lifestyle,male,young,returning,0,0,53.45,0.0
1197,lifestyle,female,senior,returning,0,0,42.79,0.0
1198,lifestyle,male,adult,returning,0,0,30.61,0.0
1199,lifestyle,female,adult,new,0,0,41.33,0.0
1200,studio,female,young,returning,0,0,51.88,0.0
1201,lifestyle,male,young,returning,0,0,24.37,0.0
1202,studio,male,adult,new,0,0,11.87,0.0
1203,studio,female,senior,returning,0,0,38.92,0.0
1204,studio,female,adult,returning,0,0,31.21,0.0
1205,studio,female,young,new,0,0,32.92,0.0
1206,lifestyle,female,young,returning,0,0,39.54,0.0
1207,lifestyle,female,adult,new,0,0,52.06,0.0
1208,studio,male,adult,new,0,0,34.58,0.0
1209,studio,male,young,new,0,0,43.2,0.0
1210,lifestyle,male,young,new,0,0,17.22,0.0
1211,studio,male,adult,new,1,0,44.71,0.0
1212,studio,female,adult,new,0,0,26.85,0.0
1213,studio,female,adult,returning,1,1,47.15,144.41
1214,lifestyle,male,adult,new,0,0,43.03,0.0
1215,lifestyle,female,adult,new,0,0,41.0,0.0
1216,studio,male,young,new,0,0,30.33,0.0
1217,studio,male,adult,new,0,0,33.74,0.0
1218,lifestyle,female,senior,new,0,0,48.03,0.0
1219,lifestyle,male,senior,new,0,0,57.13,0.0
1220,studio,male,senior,new,1,0,61.43,0.0
1221,lifestyle,male,young,new,0,0,45.29,0.0
1222,studio,male,adult,new,0,0,58.07,0.0
1223,studio,female,senior,returning,0,0,32.92,0.0
1224,lifestyle,female,adult,new,0,0,28.4,0.0
1225,studio,male,young,returning,0,0,46.74,0.0
1226,lifestyle,male,senior,new,0,0,65.67,0.0
1227,studio,female,adult,new,0,0,28.65,0.0
1228,studio,female,young,new,0,0,48.78,0.0
1229,lifestyle,male,young,returning,0,0,36.67,0.0
1230,studio,male,adult,new,0,0,40.85,0.0
1231,lifestyle,female,adult,returning,0,0,48.4,0.0
1232,studio,female,young,new,0,0,28.69,0.0
1233,studio,male,adult,new,0,0,53.47,0.0
1234,studio,female,adult,returning,0,0,54.62,0.0
1235,lifestyle,male,adult,new,0,0,31.79,0.0
1236,studio,female,young,new,0,0,37.01,0.0
1237,lifestyle,female,adult,new,0,0,51.15,0.0
1238,studio,female,young,new,0,0,16.17,0.0
1239,lifestyle,male,young,new,0,0,42.26,0.0
1240,studio,male,adult,new,0,0,18.47,0.0
1241,lifestyle,male,adult,new,0,0,48.67,0.0
1242,lifestyle,female,adult,new,0,0,42.86,0.0
1243,lifestyle,male,young,new,1,0,53.26,0.0
1244,lifestyle,male,adult,returning,1,0,41.33,0.0
1245,lifestyle,male,adult,new,0,0,36.01,0.0
1246,lifestyle,female,senior,returning,0,0,52.19,0.0
1247,studio,male,senior,returning,0,0,39.59,0.0
1248,studio,male,young,new,0,0,46.93,0.0
1249,lifestyle,male,young,new,1,0,68.28,0.0
1250,lifestyle,female,young,new,0,0,52.85,0.0
1251,lifestyle,female,adult,new,0,0,36.62,0.0
1252,studio,female,young,new,1,1,72.95,103.99
1253,studio,female,young,returning,0,0,25.35,0.0
1254,studio,female,adult,new,0,0,22.4,0.0
1255,lifestyle,male,young,new,0,0,53.82,0.0
1256,studio,female,young,new,0,0,23.13,0.0
1257,studio,male,adult,returning,0,0,22.06,0.0
1258,studio,male,young,new,0,0,36.05,0.0
1259,studio,female,adult,new,0,0,32.29,0.0
1260,lifestyle,male,senior,new,0,0,45.16,0.0
1261,studio,male,young,new,0,0,58.06,0.0
1262,lifestyle,male,adult,returning,0,0,32.06,0.0
1263,studio,female,senior,returning,0,0,44.95,0.0
1264,studio,male,senior,returning,0,0,40.87,0.0
1265,studio,female,adult,new,0,0,45.09,0.0
1266,studio,female,adult,returning,0,0,27.14,0.0
1267,studio,female,young,new,0,0,32.76,0.0
1268,studio,male,adult,new,0,0,36.14,0.0
1269,lifestyle,female,senior,new,0,0,32.66,0.0
1270,studio,male,adult,new,0,0,16.94,0.0
1271,lifestyle,male,adult,new,0,0,41.79,0.0
1272,lifestyle,male,young,new,0,0,55.38,0.0
1273,lifestyle,female,adult,new,0,1,58.48,163.92
1274,studio,male,adult,new,0,0,32.85,0.0
1275,studio,male,adult,returning,1,0,61.51,0.0
1276,studio,male,young,returning,0,0,33.51,0.0
1277,studio,male,adult,new,0,0,42.77,0.0
1278,lifestyle,female,adult,returning,0,1,88.66,208.15
1279,studio,female,young,returning,0,0,29.23,0.0
1280,studio,female,young,returning,0,0,33.23,0.0
1281,lifestyle,male,young,new,1,0,60.96,0.0
1282,lifestyle,male,adult,returning,0,0,56.92,0.0
1283,lifestyle,female,adult,new,0,0,40.85,0.0
1284,studio,male,adult,new,0,0,42.29,0.0
1285,studio,female,young,returning,1,0,53.48,0.0
1286,lifestyle,male,senior,returning,0,0,46.28,0.0
1287,studio,female,adult,new,0,0,30.8,0.0
1288,studio,male,adult,returning,0,0,28.91,0.0
1289,studio,male,young,new,0,0,65.66,0.0
1290,studio,female,young,new,1,0,34.59,0.0
1291,studio,female,senior,new,0,0,25.54,0.0
1292,studio,male,young,returning,0,0,37.45,0.0
1293,lifestyle,female,young,returning,0,0,44.03,0.0
1294,lifestyle,female,young,returning,0,0,46.26,0.0
1295,lifestyle,male,adult,new,0,0,33.25,0.0
1296,studio,male,young,new,0,0,24.74,0.0
1297,studio,male,young,new,0,0,32.15,0.0
1298,studio,male,adult,new,0,0,44.08,0.0
1299,lifestyle,female,adult,new,0,0,31.82,0.0
1300,lifestyle,male,adult,new,0,0,43.51,0.0
1301,studio,male,adult,new,0,0,29.88,0.0
1302,lifestyle,male,adult,returning,0,0,26.76,0.0
1303,studio,female,adult,new,1,0,37.19,0.0
1304,lifestyle,male,adult,returning,0,0,51.1,0.0
1305,lifestyle,male,young,new,0,0,35.96,0.0
1306,lifestyle,male,adult,new,0,0,54.44,0.0
1307,lifestyle,female,young,new,0,0,41.63,0.0
1308,lifestyle,male,young,new,0,0,28.32,0.0
1309,studio,female,senior,new,0,0,44.77,0.0
1310,lifestyle,male,adult,new,0,0,33.99,0.0
1311,studio,male,adult,returning,0,0,31.23,0.0
1312,lifestyle,female,senior,returning,0,0,58.33,0.0
1313,lifestyle,male,senior,new,0,0,34.1,0.0
1314,lifestyle,female,adult,new,0,0,37.5,0.0
1315,studio,female,adult,returning,0,0,24.16,0.0
1316,lifestyle,female,adult,returning,0,0,30.1,0.0
1317,lifestyle,female,young,new,1,0,52.27,0.0
1318,lifestyle,male,young,returning,0,0,33.42,0.0
1319,studio,male,adult,new,0,0,32.26,0.0
1320,studio,female,young,new,0,0,41.39,0.0
1321,studio,female,young,new,0,0,27.49,0.0
1322,studio,female,young,new,0,0,20.32,0.0
1323,lifestyle,male,adult,new,1,1,83.41,186.06
1324,studio,male,senior,new,0,0,32.42,0.0
1325,lifestyle,female,adult,returning,1,0,75.28,0.0
1326,studio,male,adult,new,1,0,45.91,0.0
1327,studio,male,senior,new,0,0,38.64,0.0
1328,lifestyle,male,senior,new,0,0,23.96,0.0
1329,lifestyle,female,adult,new,0,0,30.38,0.0
1330,studio,male,senior,new,0,0,17.21,0.0
1331,lifestyle,female,adult,returning,0,0,44.94,0.0
1332,lifestyle,male,young,returning,0,0,41.18,0.0
1333,studio,female,young,new,0,0,41.3,0.0
1334,lifestyle,female,adult,new,1,0,65.07,0.0
1335,lifestyle,male,adult,returning,1,0,66.61,0.0
1336,lifestyle,female,adult,new,0,1,59.75,144.17
1337,studio,male,adult,new,0,0,35.85,0.0
1338,lifestyle,male,young,new,0,1,67.79,126.75
1339,studio,female,young,returning,0,0,27.05,0.0
1340,studio,male,adult,new,0,0,25.62,0.0
1341,studio,male,young,returning,1,0,65.4,0.0
1342,studio,male,adult,new,0,0,16.94,0.0
1343,lifestyle,male,adult,new,0,0,47.0,0.0
1344,lifestyle,female,adult,returning,0,0,45.41,0.0
1345,lifestyle,male,young,new,0,0,30.77,0.0
1346,studio,female,adult,new,0,0,28.32,0.0
1347,studio,female,adult,new,0,0,31.43,0.0
1348,studio,male,senior,new,0,0,42.17,0.0
1349,lifestyle,male,adult,new,0,0,45.52,0.0
1350,studio,female,adult,returning,0,0,34.69,0.0
1351,lifestyle,male,young,returning,1,0,58.88,0.0
1352,lifestyle,male,adult,returning,0,0,48.59,0.0
1353,studio,male,senior,returning,0,0,46.13,0.0
1354,lifestyle,female,young,returning,0,0,57.34,0.0
1355,studio,female,young,returning,0,0,45.43,0.0
1356,lifestyle,male,young,returning,1,1,77.18,150.71
1357,lifestyle,male,adult,new,0,0,48.41,0.0
1358,studio,female,adult,new,0,0,39.24,0.0
1359,studio,female,young,returning,0,0,36.64,0.0
1360,lifestyle,female,senior,new,0,0,38.31,0.0
1361,lifestyle,female,adult,returning,0,0,43.62,0.0
1362,studio,male,young,new,1,0,29.35,0.0
1363,lifestyle,female,young,new,0,0,52.72,0.0
1364,lifestyle,male,young,returning,0,0,45.5,0.0
1365,lifestyle,male,adult,new,0,0,40.41,0.0
1366,studio,female,young,returning,0,0,30.79,0.0
1367,lifestyle,male,adult,returning,0,0,48.55,0.0
1368,lifestyle,female,adult,returning,0,0,60.38,0.0
1369,studio,male,adult,new,0,0,38.75,0.0
1370,studio,female,young,new,0,0,54.02,0.0
1371,lifestyle,female,adult,new,0,0,49.84,0.0
1372,studio,male,adult,returning,0,0,26.95,0.0
1373,lifestyle,female,young,new,0,1,66.88,146.33
1374,studio,male,young,new,0,0,38.9,0.0
1375,studio,female,adult,new,0,0,26.94,0.0
1376,lifestyle,male,adult,new,0,0,37.92,0.0
1377,studio,female,young,returning,0,1,50.72,135.14
1378,lifestyle,male,adult,new,0,0,43.0,0.0
1379,studio,male,adult,new,1,0,47.2,0.0
1380,lifestyle,male,senior,returning,0,0,49.69,0.0
1381,studio,male,young,returning,0,0,39.31,0.0
1382,studio,female,adult,returning,0,0,47.68,0.0
1383,lifestyle,female,young,returning,0,0,47.49,0.0
1384,studio,female,adult,new,0,0,27.98,0.0
1385,lifestyle,male,adult,new,0,0,63.11,0.0
1386,studio,female,adult,returning,1,0,43.05,0.0
1387,lifestyle,male,adult,returning,0,0,38.12,0.0
1388,studio,female,young,new,0,1,60.97,183.44
1389,lifestyle,female,adult,returning,0,0,70.95,0.0
1390,studio,male,young,returning,0,0,39.02,0.0
1391,studio,male,adult,new,0,0,28.58,0.0
1392,studio,male,young,new,0,0,18.61,0.0
1393,studio,female,adult,returning,0,0,17.94,0.0
1394,lifestyle,female,adult,returning,0,0,42.11,0.0
1395,studio,female,adult,returning,0,0,40.45,0.0
1396,lifestyle,male,young,returning,0,0,27.8,0.0
1397,studio,female,adult,new,0,0,37.22,0.0
1398,studio,female,young,new,0,0,21.86,0.0
1399,lifestyle,male,adult,new,0,0,32.76,0.0
1400,lifestyle,female,adult,returning,0,0,48.32,0.0
1401,studio,male,adult,new,0,0,27.52,0.0
1402,studio,male,adult,new,0,0,48.1,0.0
1403,studio,female,young,returning,0,0,29.16,0.0
1404,lifestyle,male,adult,new,0,1,73.09,106.83
1405,lifestyle,female,young,returning,0,0,64.65,0.0
1406,studio,female,senior,new,1,0,47.54,0.0
1407,lifestyle,male,senior,new,0,0,71.66,0.0
1408,lifestyle,female,adult,new,0,0,42.13,0.0
1409,lifestyle,female,senior,returning,0,0,40.67,0.0
1410,lifestyle,male,young,new,1,0,54.04,0.0
1411,studio,male,senior,returning,0,0,35.97,0.0
1412,studio,male,young,new,0,0,49.02,0.0
1413,studio,male,adult,new,0,0,48.18,0.0
1414,studio,male,adult,new,0,0,48.06,0.0
1415,lifestyle,male,young,returning,0,0,29.01,0.0
1416,lifestyle,male,adult,new,0,0,43.89,0.0
1417,studio,female,young,new,0,0,19.5,0.0
1418,studio,male,senior,returning,0,0,50.11,0.0
1419,studio,female,young,new,0,0,30.16,0.0
1420,lifestyle,female,adult,new,0,0,47.03,0.0
1421,studio,female,adult,new,0,0,29.98,0.0
1422,lifestyle,male,young,returning,0,0,24.44,0.0
1423,studio,female,adult,new,0,0,43.85,0.0
1424,studio,female,adult,returning,1,0,59.62,0.0
1425,lifestyle,female,young,new,0,0,43.39,0.0
1426,lifestyle,male,adult,new,0,0,20.89,0.0
1427,studio,male,young,returning,0,0,42.5,0.0
1428,lifestyle,female,young,new,0,0,34.62,0.0
1429,lifestyle,male,adult,returning,0,0,47.17,0.0
1430,lifestyle,male,adult,new,0,0,37.09,0.0
1431,studio,male,senior,new,0,0,36.12,0.0
1432,lifestyle,female,senior,new,0,0,51.98,0.0
1433,studio,female,adult,new,0,0,26.79,0.0
1434,lifestyle,male,adult,new,1,0,55.33,0.0
1435,studio,female,young,new,0,0,40.1,0.0
1436,studio,female,young,new,0,0,56.66,0.0
1437,studio,female,adult,new,0,1,54.26,130.97
1438,lifestyle,female,adult,new,0,0,50.39,0.0
1439,studio,female,young,new,0,0,23.28,0.0
1440,lifestyle,female,young,new,0,0,58.95,0.0
1441,lifestyle,male,adult,new,0,0,33.92,0.0
1442,studio,female,young,new,0,0,33.68,0.0
1443,lifestyle,male,adult,returning,0,0,47.11,0.0
1444,studio,male,adult,returning,0,0,27.2,0.0
1445,lifestyle,female,adult,new,0,0,52.81,0.0
1446,studio,female,young,new,0,0,28.38,0.0
1447,lifestyle,female,senior,new,0,0,55.31,0.0
1448,lifestyle,male,young,returning,0,0,52.68,0.0
1449,lifestyle,male,senior,new,0,0,52.78,0.0
1450,lifestyle,female,adult,new,0,0,49.08,0.0
1451,studio,male,senior,new,0,0,65.31,0.0
1452,lifestyle,female,adult,returning,0,0,46.17,0.0
1453,lifestyle,male,young,returning,0,0,43.1,0.0
1454,lifestyle,male,adult,new,1,0,60.36,0.0
1455,studio,female,adult,new,1,0,62.71,0.0
1456,lifestyle,male,young,returning,1,0,80.29,0.0
1457,lifestyle,male,young,new,0,0,40.34,0.0
1458,lifestyle,male,adult,new,0,1,52.88,147.22
1459,studio,female,adult,returning,0,0,46.63,0.0
1460,lifestyle,female,adult,new,0,0,28.37,0.0
1461,studio,male,adult,new,0,0,37.58,0.0
1462,lifestyle,male,adult,new,0,0,45.05,0.0
1463,studio,female,adult,returning,0,0,33.93,0.0
1464,lifestyle,male,adult,new,0,0,41.51,0.0
1465,lifestyle,female,young,returning,0,0,25.48,0.0
1466,studio,male,senior,new,0,0,31.32,0.0
1467,lifestyle,male,young,returning,0,0,51.37,0.0
1468,studio,female,adult,returning,0,0,14.59,0.0
1469,lifestyle,male,adult,new,0,0,41.14,0.0
1470,lifestyle,female,adult,new,0,0,38.87,0.0
1471,lifestyle,male,young,new,0,0,22.08,0.0
1472,lifestyle,male,young,returning,0,1,78.92,138.79
1473,lifestyle,female,adult,new,0,0,31.7,0.0
1474,studio,male,senior,returning,0,0,45.49,0.0
1475,studio,female,adult,new,0,0,30.31,0.0
1476,lifestyle,male,adult,new,0,0,33.55,0.0
1477,lifestyle,female,young,returning,1,0,54.64,0.0
1478,lifestyle,female,young,new,0,0,38.44,0.0
1479,lifestyle,male,young,new,0,0,40.13,0.0
1480,studio,female,young,returning,0,0,27.13,0.0
1481,lifestyle,female,adult,new,0,0,31.86,0.0
1482,studio,male,young,returning,0,0,45.04,0.0
1483,lifestyle,female,young,returning,0,0,42.07,0.0
1484,studio,female,adult,returning,1,0,49.4,0.0
1485,studio,male,senior,new,0,0,31.09,0.0
1486,studio,male,senior,new,0,0,55.74,0.0
1487,studio,male,adult,new,0,0,34.13,0.0
1488,lifestyle,male,young,new,0,0,23.04,0.0
1489,studio,female,adult,returning,0,0,37.76,0.0
1490,studio,female,young,new,0,1,47.36,158.65
1491,studio,female,adult,new,0,0,44.11,0.0
1492,studio,male,adult,new,0,0,45.38,0.0
1493,studio,male,adult,new,0,0,44.23,0.0
1494,studio,female,senior,new,0,0,35.39,0.0
1495,lifestyle,female,adult,new,0,0,40.87,0.0
1496,lifestyle,female,adult,returning,0,0,44.49,0.0
1497,lifestyle,male,young,new,0,0,50.93,0.0
1498,studio,male,senior,new,0,0,29.62,0.0
1499,studio,male,young,new,0,0,35.93,0.0
1500,lifestyle,female,senior,new,0,0,65.68,0.0
1501,lifestyle,male,young,new,0,0,36.65,0.0
1502,studio,female,young,returning,0,0,34.74,0.0
1503,studio,female,adult,new,0,0,61.13,0.0
1504,studio,male,young,new,0,0,32.59,0.0
1505,studio,female,adult,returning,0,0,19.61,0.0
1506,studio,female,young,returning,0,0,34.43,0.0
1507,lifestyle,female,senior,new,0,0,63.73,0.0
1508,lifestyle,male,adult,new,0,0,52.57,0.0
1509,lifestyle,male,adult,returning,0,0,32.2,0.0
1510,lifestyle,male,adult,new,0,0,46.15,0.0
1511,lifestyle,male,young,new,0,0,40.24,0.0
1512,lifestyle,female,adult,new,0,0,50.12,0.0
1513,lifestyle,female,young,new,0,0,35.85,0.0
1514,studio,male,adult,new,0,0,39.95,0.0
1515,studio,female,adult,new,0,0,54.1,0.0
1516,studio,female,adult,new,0,0,8.88,0.0
1517,lifestyle,male,young,returning,0,0,47.93,0.0
1518,lifestyle,male,young,new,0,0,55.19,0.0
1519,studio,female,young,new,0,0,19.44,0.0
1520,lifestyle,female,senior,new,0,0,39.79,0.0
1521,studio,female,young,returning,1,0,46.06,0.0
1522,lifestyle,male,senior,new,0,0,39.69,0.0
1523,studio,male,young,returning,0,0,26.94,0.0
1524,studio,male,young,new,0,0,31.25,0.0
1525,studio,female,adult,returning,0,0,43.52,0.0
1526,studio,female,young,returning,0,0,49.88,0.0
1527,studio,male,adult,returning,0,0,48.03,0.0
1528,studio,female,senior,new,0,0,49.94,0.0
1529,lifestyle,female,young,new,0,0,60.32,0.0
1530,lifestyle,female,adult,new,0,0,62.31,0.0
1531,studio,female,adult,new,0,0,36.66,0.0
1532,lifestyle,male,young,new,0,1,76.31,142.18
1533,lifestyle,female,young,new,0,0,46.24,0.0
1534,studio,male,senior,returning,0,0,37.84,0.0
1535,studio,male,young,returning,0,0,34.5,0.0
1536,studio,female,senior,new,0,0,50.13,0.0
1537,studio,female,adult,new,0,0,49.66,0.0
1538,lifestyle,female,young,returning,0,0,47.8,0.0
1539,studio,female,adult,new,0,0,31.04,0.0
1540,lifestyle,female,adult,new,0,0,37.11,0.0
1541,lifestyle,female,adult,new,0,0,23.47,0.0
1542,studio,male,adult,new,0,0,38.61,0.0
1543,lifestyle,female,senior,new,0,0,49.93,0.0
1544,studio,female,young,returning,0,0,24.55,0.0
1545,lifestyle,male,senior,new,0,0,51.73,0.0
1546,studio,male,adult,new,0,0,39.56,0.0
1547,lifestyle,female,adult,new,0,0,27.16,0.0
1548,lifestyle,female,adult,returning,0,0,38.78,0.0
1549,studio,female,adult,returning,0,0,49.09,0.0
1550,lifestyle,female,adult,new,0,0,35.67,0.0
1551,lifestyle,male,adult,returning,0,0,42.18,0.0
1552,lifestyle,female,adult,new,0,0,43.6,0.0
1553,lifestyle,female,adult,new,0,0,41.74,0.0
1554,lifestyle,female,young,returning,0,0,48.89,0.0
1555,studio,female,adult,new,0,1,64.35,110.17
1556,studio,female,young,new,0,0,47.65,0.0
1557,lifestyle,female,young,returning,0,0,38.87,0.0
1558,studio,female,young,new,0,0,40.24,0.0
1559,lifestyle,male,senior,new,0,0,55.4,0.0
1560,lifestyle,female,adult,new,0,0,40.82,0.0
1561,studio,male,adult,new,0,0,27.81,0.0
1562,studio,male,young,new,0,0,36.44,0.0
1563,lifestyle,female,adult,new,0,0,35.94,0.0
1564,studio,male,young,returning,0,0,27.96,0.0
1565,lifestyle,female,young,returning,1,0,59.2,0.0
1566,studio,male,adult,new,0,0,33.12,0.0
1567,lifestyle,male,adult,new,0,0,43.76,0.0
1568,studio,female,young,returning,0,0,19.49,0.0
1569,lifestyle,male,adult,returning,1,0,55.24,0.0
1570,studio,female,senior,new,0,0,17.4,0.0
1571,lifestyle,male,young,returning,0,0,31.55,0.0
1572,studio,male,young,new,0,0,34.11,0.0
1573,lifestyle,male,adult,returning,0,0,54.13,0.0
1574,lifestyle,male,young,new,0,0,47.37,0.0
1575,studio,female,senior,returning,0,0,40.9,0.0
1576,studio,male,adult,new,0,0,31.23,0.0
1577,studio,female,adult,returning,0,0,32.49,0.0
1578,lifestyle,female,adult,new,0,0,55.06,0.0
1579,lifestyle,female,adult,new,0,0,30.94,0.0
1580,lifestyle,female,young,returning,0,0,34.74,0.0
1581,studio,male,senior,returning,0,0,50.67,0.0
1582,studio,male,adult,new,0,1,51.56,79.6
1583,lifestyle,female,young,new,1,0,76.39,0.0
1584,studio,female,adult,returning,0,1,61.91,163.62
1585,lifestyle,female,young,returning,0,0,53.55,0.0
1586,studio,female,young,new,0,0,18.74,0.0
1587,lifestyle,male,adult,new,0,0,52.59,0.0
1588,studio,male,adult,returning,0,0,26.51,0.0
1589,studio,female,adult,returning,0,0,42.16,0.0
1590,lifestyle,female,young,returning,0,0,38.36,0.0
1591,lifestyle,male,adult,returning,0,0,44.23,0.0
1592,lifestyle,female,young,returning,0,0,30.94,0.0
1593,studio,male,adult,returning,0,0,17.79,0.0
1594,studio,male,adult,returning,0,0,36.51,0.0
1595,lifestyle,female,adult,returning,0,1,59.06,157.83
1596,lifestyle,female,senior,returning,0,0,38.06,0.0
1597,studio,female,senior,new,0,0,23.18,0.0
1598,studio,male,senior,new,1,0,28.25,0.0
1599,studio,male,senior,new,0,0,45.24,0.0
1600,lifestyle,female,adult,returning,0,0,39.45,0.0
1601,studio,male,senior,new,0,0,33.96,0.0
1602,studio,female,senior,new,0,0,42.13,0.0
1603,studio,female,adult,new,0,1,65.14,159.45
1604,studio,female,young,returning,1,0,52.7,0.0
1605,studio,male,young,returning,0,0,30.57,0.0
1606,lifestyle,female,adult,returning,0,0,63.32,0.0
1607,studio,male,adult,new,0,0,28.64,0.0
1608,lifestyle,male,adult,new,0,0,27.9,0.0
1609,studio,male,young,new,0,0,36.0,0.0
1610,lifestyle,male,adult,new,0,0,39.44,0.0
1611,lifestyle,female,adult,returning,0,0,51.47,0.0
1612,lifestyle,male,senior,new,0,0,41.74,0.0
1613,lifestyle,male,young,new,0,0,40.35,0.0
1614,studio,female,senior,new,0,0,31.34,0.0
1615,studio,male,adult,new,0,0,43.08,0.0
1616,lifestyle,female,young,new,0,0,43.44,0.0
1617,lifestyle,male,adult,new,0,0,39.25,0.0
1618,lifestyle,male,young,new,0,0,40.5,0.0
1619,lifestyle,female,young,new,0,0,41.79,0.0
1620,lifestyle,male,adult,new,0,0,27.63,0.0
1621,studio,female,young,new,1,0,61.63,0.0
1622,studio,male,young,returning,0,0,46.04,0.0
1623,lifestyle,male,adult,new,0,0,42.41,0.0
1624,lifestyle,male,adult,new,0,0,41.34,0.0
1625,studio,male,adult,returning,0,0,25.03,0.0
1626,lifestyle,male,young,new,0,0,59.27,0.0
1627,studio,female,adult,new,0,1,69.85,168.82
1628,lifestyle,female,senior,new,0,0,50.94,0.0
1629,studio,male,adult,new,0,0,43.2,0.0
1630,studio,male,senior,new,0,0,52.3,0.0
1631,lifestyle,female,adult,new,0,0,52.27,0.0
1632,studio,female,adult,returning,0,0,26.44,0.0
1633,lifestyle,female,adult,new,0,0,38.89,0.0
1634,lifestyle,female,young,returning,0,0,46.68,0.0
1635,lifestyle,male,young,returning,0,0,44.03,0.0
1636,studio,male,young,returning,0,0,42.53,0.0
1637,studio,female,young,returning,0,0,41.44,0.0
1638,studio,female,young,new,0,0,37.47,0.0
1639,lifestyle,female,senior,returning,0,0,20.96,0.0
1640,lifestyle,male,young,new,0,0,53.73,0.0
1641,lifestyle,female,senior,returning,0,0,55.39,0.0
1642,lifestyle,female,adult,new,0,0,62.69,0.0
1643,lifestyle,male,young,new,0,0,37.23,0.0
1644,lifestyle,female,adult,returning,0,0,23.57,0.0
1645,studio,male,young,new,0,0,33.2,0.0
1646,lifestyle,male,senior,new,0,0,51.57,0.0
1647,studio,male,adult,new,0,0,30.58,0.0
1648,lifestyle,male,young,returning,0,0,55.72,0.0
1649,lifestyle,male,senior,new,0,0,40.4,0.0
1650,lifestyle,female,adult,returning,0,0,40.99,0.0
1651,studio,male,young,returning,0,0,32.54,0.0
1652,studio,female,adult,new,0,0,62.74,0.0
1653,studio,male,adult,new,0,0,25.94,0.0
1654,studio,male,young,returning,0,0,40.84,0.0
1655,studio,female,adult,new,0,0,22.99,0.0
1656,lifestyle,female,young,new,0,0,45.43,0.0
1657,lifestyle,female,adult,new,0,0,32.46,0.0
1658,studio,female,young,new,0,0,46.0,0.0
1659,studio,male,senior,new,0,0,49.08,0.0
1660,studio,male,adult,new,0,0,37.72,0.0
1661,lifestyle,female,young,new,0,0,28.09,0.0
1662,lifestyle,female,young,new,0,0,41.47,0.0
1663,lifestyle,female,young,new,0,0,38.96,0.0
1664,studio,female,adult,returning,0,0,43.3,0.0
1665,lifestyle,female,young,returning,0,0,32.98,0.0
1666,lifestyle,male,adult,new,0,0,53.55,0.0
1667,studio,female,senior,new,0,0,49.67,0.0
1668,lifestyle,female,adult,returning,0,0,28.26,0.0
1669,studio,female,young,new,0,0,32.8,0.0
1670,lifestyle,male,adult,returning,0,0,41.49,0.0
1671,studio,male,adult,new,0,0,45.06,0.0
1672,lifestyle,male,adult,returning,0,0,35.13,0.0
1673,lifestyle,male,adult,new,0,0,44.08,0.0
1674,lifestyle,female,adult,new,0,0,52.99,0.0
1675,lifestyle,male,adult,returning,0,0,44.51,0.0
1676,studio,male,senior,returning,0,0,21.43,0.0
1677,studio,male,young,new,0,0,30.05,0.0
1678,studio,female,adult,returning,0,1,64.04,122.12
1679,studio,female,adult,new,0,0,42.79,0.0
1680,lifestyle,male,young,returning,0,0,19.51,0.0
1681,studio,male,adult,new,0,0,37.01,0.0
1682,lifestyle,male,adult,new,1,0,66.46,0.0
1683,lifestyle,female,adult,returning,0,0,47.39,0.0
1684,lifestyle,male,young,new,0,0,48.54,0.0
1685,studio,female,young,new,0,0,55.62,0.0
1686,lifestyle,male,young,new,0,0,41.57,0.0
1687,lifestyle,male,young,new,1,0,60.05,0.0
1688,studio,female,senior,returning,0,1,50.61,110.13
1689,lifestyle,male,adult,new,0,0,35.65,0.0
1690,lifestyle,female,young,returning,0,0,38.68,0.0
1691,studio,male,senior,new,0,0,48.5,0.0
1692,lifestyle,female,adult,new,0,0,34.52,0.0
1693,studio,female,young,new,0,0,47.35,0.0
1694,studio,female,adult,new,0,0,24.07,0.0
1695,studio,male,young,new,1,0,56.4,0.0
1696,studio,male,senior,new,0,0,45.52,0.0
1697,studio,male,adult,new,0,0,37.57,0.0
1698,studio,female,senior,returning,0,0,49.85,0.0
1699,lifestyle,female,young,new,0,0,34.57,0.0
1700,lifestyle,male,senior,returning,0,1,62.34,177.69
1701,lifestyle,male,young,new,0,0,32.37,0.0
1702,studio,female,senior,new,1,0,55.09,0.0
1703,studio,male,senior,new,0,0,38.8,0.0
1704,lifestyle,male,adult,new,0,0,50.56,0.0
1705,studio,male,adult,new,0,0,38.87,0.0
1706,studio,female,adult,returning,0,0,41.89,0.0
1707,lifestyle,female,senior,new,0,0,45.03,0.0
1708,studio,female,young,new,0,0,39.06,0.0
1709,lifestyle,male,adult,new,0,0,60.13,0.0
1710,lifestyle,female,senior,new,0,0,33.54,0.0
1711,studio,female,adult,new,0,0,16.61,0.0
1712,studio,male,adult,returning,1,1,76.37,132.97
1713,lifestyle,female,adult,new,0,0,33.51,0.0
1714,studio,male,young,returning,0,0,21.18,0.0
1715,studio,male,adult,new,0,0,40.34,0.0
1716,lifestyle,male,young,new,0,0,31.96,0.0
1717,studio,male,young,new,0,0,50.39,0.0
1718,lifestyle,female,adult,new,0,0,43.56,0.0
1719,lifestyle,male,adult,new,0,0,39.97,0.0
1720,studio,male,adult,new,0,0,26.78,0.0
1721,studio,male,adult,new,0,0,37.15,0.0
1722,studio,female,young,returning,0,0,19.09,0.0
1723,studio,female,young,new,0,0,10.32,0.0
1724,studio,female,adult,returning,0,0,19.46,0.0
1725,lifestyle,female,adult,new,0,0,53.37,0.0
1726,studio,male,adult,returning,0,0,25.76,0.0
1727,lifestyle,male,adult,new,0,0,27.65,0.0
1728,lifestyle,female,senior,new,0,0,46.11,0.0
1729,lifestyle,male,adult,returning,0,0,64.25,0.0
1730,lifestyle,male,young,new,0,0,52.92,0.0
1731,studio,female,adult,new,1,0,42.0,0.0
1732,lifestyle,male,senior,new,0,0,38.82,0.0
1733,lifestyle,male,adult,new,0,0,34.04,0.0
1734,studio,male,senior,returning,0,0,30.9,0.0
1735,studio,male,adult,returning,0,0,40.44,0.0
1736,lifestyle,female,adult,returning,0,0,38.64,0.0
1737,studio,female,young,returning,0,0,23.87,0.0
1738,studio,female,adult,new,0,0,21.64,0.0
1739,studio,female,young,new,0,0,58.01,0.0
1740,studio,male,young,returning,0,0,42.39,0.0
1741,lifestyle,male,young,new,1,1,68.44,136.27
1742,lifestyle,male,young,new,0,0,54.12,0.0
1743,lifestyle,male,adult,new,0,0,30.48,0.0
1744,studio,female,adult,returning,0,0,33.63,0.0
1745,studio,female,young,new,0,0,32.53,0.0
1746,studio,male,senior,returning,0,0,41.82,0.0
1747,studio,male,young,new,1,0,40.58,0.0
1748,studio,male,adult,new,0,0,36.28,0.0
1749,lifestyle,male,young,returning,0,0,24.52,0.0
1750,studio,male,young,returning,0,0,31.23,0.0
1751,lifestyle,female,young,new,0,0,55.35,0.0
1752,studio,female,adult,new,0,0,45.25,0.0
1753,studio,female,adult,new,0,0,28.04,0.0
1754,studio,male,young,returning,0,0,19.74,0.0
1755,lifestyle,male,adult,new,0,0,20.17,0.0
1756,lifestyle,female,young,new,0,0,48.17,0.0
1757,lifestyle,female,adult,returning,0,0,44.78,0.0
1758,studio,female,adult,new,0,0,38.86,0.0
1759,studio,female,young,new,0,0,51.91,0.0
1760,lifestyle,female,adult,returning,0,0,43.53,0.0
1761,studio,female,senior,returning,0,0,42.28,0.0
1762,lifestyle,male,adult,returning,0,0,28.03,0.0
1763,studio,female,adult,new,0,0,51.24,0.0
1764,studio,male,adult,returning,0,0,33.36,0.0
1765,studio,male,adult,returning,0,0,26.83,0.0
1766,studio,female,senior,new,1,0,57.08,0.0
1767,lifestyle,male,senior,new,0,0,67.0,0.0
1768,studio,male,adult,new,0,0,56.35,0.0
1769,studio,male,adult,returning,1,0,40.3,0.0
1770,studio,male,adult,returning,0,0,46.75,0.0
1771,studio,male,adult,returning,0,0,38.36,0.0
1772,lifestyle,male,senior,new,0,0,56.88,0.0
1773,lifestyle,male,adult,new,0,0,44.77,0.0
1774,lifestyle,male,adult,new,0,0,48.15,0.0
1775,lifestyle,female,young,returning,0,0,55.21,0.0
1776,studio,male,adult,returning,0,0,17.51,0.0
1777,lifestyle,male,senior,new,1,0,65.6,0.0
1778,studio,female,adult,new,0,0,23.3,0.0
1779,studio,female,young,returning,0,0,30.36,0.0
1780,lifestyle,female,young,new,0,0,42.01,0.0
1781,studio,male,adult,returning,0,0,24.92,0.0
1782,lifestyle,female,senior,new,1,0,56.19,0.0
1783,studio,female,senior,returning,0,0,25.99,0.0
1784,lifestyle,female,senior,new,0,0,41.07,0.0
1785,lifestyle,female,adult,new,0,0,47.12,0.0
1786,lifestyle,female,adult,returning,0,0,50.65,0.0
1787,lifestyle,female,adult,new,0,0,34.31,0.0
1788,lifestyle,female,adult,new,0,0,55.28,0.0
1789,studio,male,adult,returning,0,0,40.77,0.0
1790,lifestyle,female,adult,new,0,0,56.33,0.0
1791,studio,female,adult,returning,0,0,17.29,0.0
1792,lifestyle,male,young,new,0,0,45.11,0.0
1793,lifestyle,female,young,new,0,0,48.11,0.0
1794,lifestyle,male,adult,new,1,0,39.81,0.0
1795,studio,male,senior,new,1,0,79.14,0.0
1796,studio,female,adult,returning,0,0,28.63,0.0
1797,lifestyle,male,young,returning,0,0,47.44,0.0
1798,studio,male,senior,new,0,0,49.27,0.0
1799,studio,male,adult,new,0,0,36.01,0.0
1800,studio,male,adult,returning,0,0,48.86,0.0
1801,lifestyle,male,adult,new,0,0,61.95,0.0
1802,lifestyle,male,adult,new,0,0,30.9,0.0
1803,studio,male,adult,new,0,0,36.16,0.0
1804,studio,female,senior,new,0,0,49.16,0.0
1805,studio,female,young,new,0,0,18.67,0.0
1806,lifestyle,male,young,new,0,0,52.64,0.0
1807,lifestyle,female,young,new,1,0,74.07,0.0
1808,studio,male,young,returning,0,0,47.84,0.0
1809,studio,male,young,new,0,0,39.38,0.0
1810,studio,male,young,new,0,0,50.39,0.0
1811,lifestyle,female,young,new,0,0,45.57,0.0
1812,lifestyle,female,young,returning,0,0,28.8,0.0
1813,studio,male,young,new,0,0,29.78,0.0
1814,studio,male,young,new,0,0,32.44,0.0
1815,studio,male,adult,returning,0,0,34.36,0.0
1816,lifestyle,female,adult,new,0,0,41.06,0.0
1817,studio,female,young,new,1,0,46.62,0.0
1818,lifestyle,male,adult,returning,0,0,44.19,0.0
1819,lifestyle,female,senior,new,0,0,62.04,0.0
1820,studio,male,senior,new,0,0,42.14,0.0
1821,studio,female,young,new,0,0,41.29,0.0
1822,studio,female,adult,returning,0,0,13.06,0.0
1823,lifestyle,male,adult,new,0,0,43.26,0.0
1824,lifestyle,female,young,returning,1,0,67.87,0.0
1825,lifestyle,female,young,returning,0,0,54.47,0.0
1826,lifestyle,male,young,new,0,0,53.45,0.0
1827,studio,male,adult,returning,0,0,38.03,0.0
1828,lifestyle,female,adult,new,0,0,46.14,0.0
1829,lifestyle,male,adult,new,0,0,35.27,0.0
1830,studio,male,young,returning,0,1,63.45,76.26
1831,lifestyle,male,young,new,0,0,35.33,0.0
1832,lifestyle,female,young,new,1,0,63.81,0.0
1833,lifestyle,female,adult,returning,1,0,57.42,0.0
1834,lifestyle,female,senior,returning,0,0,47.15,0.0
1835,lifestyle,female,adult,new,0,0,52.01,0.0
1836,lifestyle,male,senior,returning,0,0,52.61,0.0
1837,studio,female,adult,new,0,0,37.83,0.0
1838,studio,female,adult,returning,0,0,30.02,0.0
1839,lifestyle,male,adult,returning,0,0,58.02,0.0
1840,studio,male,adult,new,0,0,38.33,0.0
1841,studio,male,adult,new,0,0,42.47,0.0
1842,studio,female,adult,returning,0,0,35.81,0.0
1843,studio,female,adult,returning,0,0,28.06,0.0
1844,lifestyle,female,young,new,0,0,45.55,0.0
1845,lifestyle,female,adult,new,1,0,51.04,0.0
1846,studio,male,senior,new,0,0,44.38,0.0
1847,studio,female,adult,new,0,0,2.35,0.0
1848,studio,female,adult,returning,0,0,30.99,0.0
1849,lifestyle,male,young,new,0,0,41.86,0.0
1850,lifestyle,female,adult,returning,1,0,47.46,0.0
1851,studio,male,young,returning,1,0,53.64,0.0
1852,lifestyle,female,young,returning,0,0,37.78,0.0
1853,lifestyle,female,adult,new,0,0,41.94,0.0
1854,lifestyle,female,young,returning,0,0,36.48,0.0
1855,lifestyle,female,adult,returning,1,0,66.72,0.0
1856,studio,male,senior,new,0,0,45.46,0.0
1857,lifestyle,female,young,new,0,0,44.98,0.0
1858,studio,male,adult,returning,0,0,35.62,0.0
1859,lifestyle,female,adult,new,0,0,67.31,0.0
1860,lifestyle,female,young,returning,0,0,40.43,0.0
1861,lifestyle,female,adult,new,0,0,35.03,0.0
1862,lifestyle,male,adult,new,0,0,30.27,0.0
1863,studio,female,adult,new,0,0,44.05,0.0
1864,lifestyle,female,senior,new,0,0,63.31,0.0
1865,lifestyle,female,adult,new,0,0,33.52,0.0
1866,lifestyle,male,senior,new,0,0,44.15,0.0
1867,studio,male,adult,new,0,0,31.41,0.0
1868,studio,male,young,new,0,0,33.76,0.0
1869,studio,female,adult,new,0,0,17.32,0.0
1870,lifestyle,female,young,returning,0,0,50.07,0.0
1871,lifestyle,female,adult,new,0,0,53.9,0.0
1872,studio,male,adult,returning,0,0,15.95,0.0
1873,lifestyle,male,adult,returning,0,0,59.58,0.0
1874,lifestyle,female,young,new,0,0,58.18,0.0
1875,lifestyle,female,adult,new,0,0,11.3,0.0
1876,lifestyle,female,young,returning,1,0,35.27,0.0
1877,lifestyle,female,adult,returning,0,1,60.67,206.03
1878,lifestyle,male,adult,new,0,0,55.16,0.0
1879,studio,female,senior,returning,0,0,42.9,0.0
1880,lifestyle,female,young,new,0,0,42.21,0.0
1881,lifestyle,female,adult,new,0,0,47.74,0.0
1882,lifestyle,male,adult,new,0,0,33.92,0.0
1883,lifestyle,male,senior,new,0,0,59.77,0.0
1884,lifestyle,male,adult,returning,0,0,40.96,0.0
1885,studio,female,young,returning,0,0,18.67,0.0
1886,studio,male,adult,new,0,1,47.05,81.33
1887,studio,male,adult,new,0,0,38.69,0.0
1888,studio,male,adult,new,0,0,32.1,0.0
1889,lifestyle,female,senior,new,0,0,43.07,0.0
1890,lifestyle,male,young,new,1,0,59.03,0.0
1891,studio,female,senior,new,0,0,43.59,0.0
1892,studio,male,young,new,0,0,22.7,0.0
1893,lifestyle,male,senior,new,0,0,59.23,0.0
1894,studio,female,senior,returning,0,0,38.69,0.0
1895,lifestyle,male,adult,returning,0,0,46.2,0.0
1896,lifestyle,male,adult,new,0,0,42.97,0.0
1897,lifestyle,male,young,new,0,0,37.9,0.0
1898,studio,female,young,new,0,0,44.12,0.0
1899,studio,female,young,new,0,0,35.81,0.0
1900,lifestyle,male,young,returning,0,0,42.73,0.0
1901,lifestyle,male,adult,returning,0,0,17.11,0.0
1902,studio,female,young,new,0,0,43.2,0.0
1903,lifestyle,female,senior,new,0,0,45.29,0.0
1904,studio,male,adult,returning,0,0,42.55,0.0
1905,lifestyle,female,adult,new,0,0,58.45,0.0
1906,studio,female,adult,new,0,0,43.23,0.0
1907,lifestyle,female,young,returning,0,0,42.54,0.0
1908,studio,male,young,new,0,0,32.14,0.0
1909,studio,male,young,new,0,0,60.26,0.0
1910,studio,male,adult,new,0,0,39.83,0.0
1911,studio,female,adult,returning,1,0,52.1,0.0
1912,lifestyle,female,young,returning,0,0,40.17,0.0
1913,lifestyle,male,adult,new,0,0,33.03,0.0
1914,studio,female,young,new,0,0,15.49,0.0
1915,studio,female,adult,new,0,0,50.21,0.0
1916,lifestyle,female,adult,new,0,0,34.21,0.0
1917,lifestyle,female,adult,new,0,0,40.1,0.0
1918,lifestyle,female,senior,new,0,0,45.94,0.0
1919,studio,male,adult,new,0,0,49.33,0.0
1920,studio,female,adult,returning,0,0,27.34,0.0
1921,lifestyle,female,young,new,0,0,44.57,0.0
1922,studio,male,adult,new,0,0,40.12,0.0
1923,lifestyle,male,adult,new,0,0,28.16,0.0
1924,studio,female,young,returning,0,0,20.22,0.0
1925,lifestyle,male,adult,new,0,0,34.85,0.0
1926,studio,female,young,new,0,0,37.44,0.0
1927,lifestyle,male,young,returning,0,0,43.16,0.0
1928,studio,male,senior,returning,0,0,38.81,0.0
1929,lifestyle,male,adult,returning,0,0,48.52,0.0
1930,studio,male,young,new,0,0,26.43,0.0
1931,lifestyle,female,adult,new,0,0,40.29,0.0
1932,lifestyle,female,senior,returning,0,0,45.86,0.0
1933,lifestyle,male,young,new,0,0,33.7,0.0
1934,lifestyle,male,adult,new,0,0,65.02,0.0
1935,lifestyle,male,adult,returning,0,0,20.4,0.0
1936,lifestyle,male,young,returning,0,0,54.41,0.0
1937,studio,female,adult,returning,0,0,43.0,0.0
1938,lifestyle,male,young,returning,0,0,50.08,0.0
1939,studio,male,adult,new,0,0,35.96,0.0
1940,studio,female,adult,returning,0,0,48.34,0.0
1941,studio,male,young,new,0,0,30.52,0.0
1942,studio,male,adult,returning,0,0,38.92,0.0
1943,lifestyle,male,adult,new,0,0,42.73,0.0
1944,lifestyle,female,young,new,1,0,54.68,0.0
1945,lifestyle,female,adult,new,0,0,43.22,0.0
1946,lifestyle,female,young,new,0,0,32.51,0.0
1947,studio,male,senior,new,0,0,33.36,0.0
1948,studio,male,adult,new,0,0,50.8,0.0
1949,studio,female,adult,new,0,0,63.82,0.0
1950,studio,female,adult,new,0,0,40.2,0.0
1951,studio,female,adult,new,0,0,43.34,0.0
1952,studio,male,senior,new,0,0,42.52,0.0
1953,lifestyle,male,adult,new,0,0,46.55,0.0
1954,lifestyle,female,senior,returning,0,0,52.44,0.0
1955,lifestyle,female,adult,new,0,0,52.35,0.0
1956,lifestyle,female,young,new,0,0,57.37,0.0
1957,lifestyle,female,senior,new,0,0,38.16,0.0
1958,studio,female,adult,returning,0,0,63.28,0.0
1959,lifestyle,female,adult,returning,0,0,43.38,0.0
1960,lifestyle,female,senior,new,0,0,48.39,0.0
1961,studio,female,young,returning,0,0,30.87,0.0
1962,studio,female,adult,returning,0,0,30.91,0.0
1963,lifestyle,male,young,returning,0,0,48.16,0.0
1964,studio,male,adult,new,0,0,41.37,0.0
1965,lifestyle,female,adult,returning,0,0,47.65,0.0
1966,lifestyle,male,senior,new,0,0,42.45,0.0
1967,studio,female,adult,returning,0,0,7.99,0.0
1968,studio,male,adult,returning,0,0,17.04,0.0
1969,studio,male,senior,returning,0,0,40.13,0.0
1970,studio,female,adult,new,0,0,38.36,0.0
1971,studio,male,young,returning,0,0,30.8,0.0
1972,lifestyle,male,adult,new,0,0,35.07,0.0
1973,studio,male,senior,new,0,0,42.97,0.0
1974,lifestyle,female,senior,new,1,0,60.92,0.0
1975,studio,male,adult,returning,0,0,30.24,0.0
1976,lifestyle,female,senior,new,0,0,30.84,0.0
1977,studio,male,young,new,0,0,26.56,0.0
1978,studio,female,young,new,1,0,59.33,0.0
1979,lifestyle,male,senior,new,0,0,37.37,0.0
1980,lifestyle,male,young,returning,0,0,48.64,0.0
1981,studio,male,young,returning,0,0,48.86,0.0
1982,lifestyle,male,adult,new,0,0,34.09,0.0
1983,studio,female,adult,returning,0,0,30.55,0.0
1984,studio,male,adult,returning,0,0,44.87,0.0
1985,studio,male,young,returning,0,0,47.33,0.0
1986,studio,female,senior,returning,0,0,33.55,0.0
1987,lifestyle,male,senior,returning,0,0,30.79,0.0
1988,studio,male,adult,returning,0,0,47.55,0.0
1989,studio,female,adult,new,0,0,40.84,0.0
1990,lifestyle,female,adult,new,0,0,46.01,0.0
1991,lifestyle,male,adult,returning,0,0,51.16,0.0
1992,studio,male,adult,new,0,0,23.15,0.0
1993,lifestyle,female,adult,new,0,0,45.91,0.0
1994,studio,male,young,new,0,0,32.15,0.0
1995,lifestyle,female,young,new,0,0,48.03,0.0
1996,lifestyle,male,adult,new,0,0,49.99,0.0
1997,lifestyle,female,adult,returning,0,0,51.77,0.0
1998,studio,male,adult,returning,0,0,40.99,0.0
1999,studio,female,adult,new,0,0,37.51,0.0
2000,studio,male,adult,new,0,0,37.84,0.0
2001,studio,female,adult,new,1,0,53.67,0.0
2002,studio,male,young,new,0,0,28.76,0.0
2003,lifestyle,male,adult,new,0,0,38.3,0.0
2004,studio,female,adult,returning,0,0,39.02,0.0
2005,studio,female,adult,returning,1,0,56.5,0.0
2006,lifestyle,female,adult,new,0,0,35.49,0.0
2007,studio,male,adult,new,1,0,39.23,0.0
2008,lifestyle,female,senior,returning,0,0,30.25,0.0
2009,studio,male,adult,returning,0,0,22.39,0.0
2010,studio,female,adult,returning,0,0,29.6,0.0
2011,studio,female,senior,new,0,0,35.53,0.0
2012,studio,male,adult,new,0,0,32.17,0.0
2013,lifestyle,female,adult,new,0,0,29.95,0.0
2014,studio,female,young,new,0,0,16.87,0.0
2015,lifestyle,male,adult,returning,1,1,78.27,181.42
2016,studio,female,adult,new,0,0,36.27,0.0
2017,studio,male,adult,returning,0,0,41.21,0.0
2018,lifestyle,female,adult,new,0,0,50.15,0.0
2019,studio,male,senior,returning,0,0,43.92,0.0
2020,lifestyle,male,young,new,0,0,43.15,0.0
2021,lifestyle,male,adult,new,0,0,50.76,0.0
2022,lifestyle,female,adult,new,0,0,56.24,0.0
2023,lifestyle,female,adult,new,0,0,35.23,0.0
2024,studio,female,adult,returning,0,0,42.7,0.0
2025,studio,male,young,new,0,0,28.76,0.0
2026,studio,male,young,returning,0,0,37.19,0.0
2027,lifestyle,female,adult,new,0,0,52.7,0.0
2028,lifestyle,female,adult,new,0,0,39.26,0.0
2029,studio,male,adult,returning,0,0,25.48,0.0
2030,lifestyle,male,senior,returning,0,1,62.41,192.03
2031,studio,female,young,new,1,0,40.47,0.0
2032,lifestyle,male,adult,returning,0,0,31.26,0.0
2033,studio,female,adult,new,0,0,47.07,0.0
2034,lifestyle,female,senior,new,0,0,52.32,0.0
2035,lifestyle,female,senior,returning,0,0,39.8,0.0
2036,studio,female,adult,new,1,0,40.16,0.0
2037,studio,male,adult,new,0,0,25.85,0.0
2038,studio,female,young,returning,0,0,27.8,0.0
2039,studio,female,adult,new,0,0,46.53,0.0
2040,studio,male,adult,new,0,0,33.9,0.0
2041,lifestyle,female,adult,new,0,0,63.32,0.0
2042,lifestyle,male,adult,returning,1,0,56.6,0.0
2043,lifestyle,female,adult,returning,0,0,36.24,0.0
2044,studio,male,adult,new,0,0,44.28,0.0
2045,lifestyle,female,adult,returning,0,0,25.3,0.0
2046,lifestyle,male,young,new,1,0,58.88,0.0
2047,studio,male,young,returning,0,0,22.88,0.0
2048,lifestyle,female,young,returning,1,0,35.18,0.0
2049,lifestyle,female,senior,returning,0,0,45.82,0.0
2050,studio,male,young,new,1,0,58.35,0.0
2051,studio,male,adult,returning,0,0,37.14,0.0
2052,studio,male,young,new,0,0,35.94,0.0
2053,studio,female,adult,new,0,0,9.01,0.0
2054,lifestyle,female,senior,new,0,0,45.45,0.0
2055,lifestyle,female,adult,new,0,0,40.55,0.0
2056,lifestyle,female,young,new,0,0,48.21,0.0
2057,studio,female,young,new,0,0,24.42,0.0
2058,studio,male,senior,new,0,0,48.3,0.0
2059,lifestyle,male,adult,returning,0,0,36.91,0.0
2060,lifestyle,female,adult,new,0,0,39.01,0.0
2061,studio,female,adult,new,1,0,55.28,0.0
2062,lifestyle,female,adult,new,0,0,30.11,0.0
2063,lifestyle,female,young,returning,0,0,50.24,0.0
2064,studio,female,adult,new,0,0,21.45,0.0
2065,studio,female,adult,new,0,0,41.55,0.0
2066,lifestyle,male,young,new,0,0,39.65,0.0
2067,studio,male,adult,returning,0,0,33.46,0.0
2068,studio,female,senior,new,0,0,9.35,0.0
2069,studio,female,senior,new,0,0,34.09,0.0
2070,studio,male,young,returning,0,0,32.9,0.0
2071,lifestyle,male,young,new,0,0,57.49,0.0
2072,lifestyle,male,senior,new,0,1,66.64,143.64
2073,studio,male,young,new,0,0,28.47,0.0
2074,lifestyle,female,young,returning,0,1,70.34,156.28
2075,lifestyle,male,senior,new,0,0,41.95,0.0
2076,lifestyle,female,young,new,0,0,52.32,0.0
2077,studio,male,adult,new,0,0,37.61,0.0
2078,studio,female,adult,returning,0,0,26.0,0.0
2079,lifestyle,male,adult,new,0,0,51.38,0.0
2080,lifestyle,female,young,new,0,0,48.01,0.0
2081,studio,female,senior,returning,0,0,48.96,0.0
2082,studio,female,adult,returning,0,0,33.18,0.0
2083,studio,male,adult,returning,1,0,56.01,0.0
2084,lifestyle,male,young,new,0,0,61.2,0.0
2085,lifestyle,male,young,new,0,0,43.71,0.0
2086,studio,male,adult,new,0,0,31.01,0.0
2087,studio,female,adult,new,0,1,70.44,188.09
2088,lifestyle,female,senior,returning,0,0,53.67,0.0
2089,lifestyle,female,adult,returning,0,0,37.5,0.0
2090,studio,female,adult,new,1,0,67.35,0.0
2091,lifestyle,male,adult,returning,0,0,29.97,0.0
2092,lifestyle,male,adult,returning,1,0,62.29,0.0
2093,studio,male,adult,returning,0,0,46.46,0.0
2094,lifestyle,female,young,returning,0,0,52.72,0.0
2095,studio,female,senior,new,1,0,46.0,0.0
2096,lifestyle,male,adult,new,0,0,29.59,0.0
2097,lifestyle,male,adult,new,0,0,44.3,0.0
2098,lifestyle,female,adult,new,0,0,49.05,0.0
2099,lifestyle,female,adult,new,0,0,31.22,0.0
2100,studio,female,young,new,0,0,38.02,0.0
2101,lifestyle,male,young,new,0,0,27.43,0.0
2102,lifestyle,male,adult,new,0,0,52.61,0.0
2103,studio,female,young,new,0,0,29.29,0.0
2104,lifestyle,female,adult,new,0,0,40.36,0.0
2105,lifestyle,male,young,new,0,0,50.64,0.0
2106,studio,female,adult,new,0,0,42.71,0.0
2107,lifestyle,female,young,new,0,0,46.74,0.0
2108,lifestyle,male,adult,returning,0,0,52.29,0.0
2109,studio,male,adult,new,0,0,39.09,0.0
2110,lifestyle,male,young,new,0,0,56.48,0.0
2111,studio,male,adult,new,0,0,17.89,0.0
2112,studio,female,senior,new,0,0,39.4,0.0
2113,studio,male,adult,returning,0,0,33.98,0.0
2114,lifestyle,female,adult,new,0,0,39.81,0.0
2115,lifestyle,female,senior,returning,0,0,51.97,0.0
2116,studio,male,senior,returning,0,0,42.14,0.0
2117,studio,male,senior,new,0,0,48.25,0.0
2118,lifestyle,female,young,new,0,0,30.16,0.0
2119,studio,female,senior,new,1,0,77.92,0.0
2120,lifestyle,female,adult,new,0,0,38.09,0.0
2121,lifestyle,male,adult,returning,0,0,44.87,0.0
2122,lifestyle,male,young,new,0,0,39.94,0.0
2123,lifestyle,female,senior,new,0,1,67.81,144.08
2124,studio,female,adult,new,0,0,29.65,0.0
2125,lifestyle,male,adult,new,0,0,44.06,0.0
2126,lifestyle,female,young,returning,0,0,47.8,0.0
2127,lifestyle,male,young,new,0,0,17.98,0.0
2128,studio,female,senior,new,0,0,36.71,0.0
2129,lifestyle,female,adult,new,0,0,38.33,0.0
2130,studio,male,adult,new,0,0,58.21,0.0
2131,studio,female,adult,new,0,0,43.6,0.0
2132,studio,male,young,new,0,0,50.0,0.0
2133,lifestyle,male,adult,new,0,0,47.58,0.0
2134,lifestyle,male,adult,new,0,0,42.82,0.0
2135,lifestyle,male,young,new,0,1,65.64,144.63
2136,lifestyle,male,young,new,0,1,73.23,145.29
2137,studio,female,young,new,0,0,52.5,0.0
2138,lifestyle,female,young,new,0,0,45.02,0.0
2139,studio,male,adult,returning,1,0,43.77,0.0
2140,lifestyle,female,senior,new,0,0,56.25,0.0
2141,lifestyle,female,adult,returning,1,0,48.47,0.0
2142,lifestyle,female,young,returning,0,0,45.9,0.0
2143,lifestyle,female,young,new,0,0,48.81,0.0
2144,studio,male,adult,returning,1,0,48.92,0.0
2145,studio,male,senior,returning,0,0,30.95,0.0
2146,lifestyle,female,young,new,0,0,37.45,0.0
2147,studio,male,young,returning,0,0,31.84,0.0
2148,studio,male,adult,new,1,0,39.46,0.0
2149,studio,male,adult,new,0,0,31.14,0.0
2150,lifestyle,male,adult,returning,0,0,27.48,0.0
2151,studio,male,adult,new,0,0,40.91,0.0
2152,studio,female,adult,returning,0,0,38.33,0.0
2153,lifestyle,male,senior,returning,0,0,49.66,0.0
2154,lifestyle,female,young,returning,1,0,53.14,0.0
2155,studio,female,senior,new,0,0,37.48,0.0
2156,studio,male,adult,returning,0,0,26.71,0.0
2157,studio,male,adult,new,0,0,40.05,0.0
2158,studio,male,adult,new,0,0,21.42,0.0
2159,studio,male,adult,new,0,0,35.84,0.0
2160,lifestyle,male,adult,new,0,0,35.66,0.0
2161,lifestyle,male,adult,new,0,0,59.57,0.0
2162,lifestyle,female,young,new,0,0,47.27,0.0
2163,studio,female,adult,new,1,0,50.0,0.0
2164,lifestyle,male,adult,new,0,0,30.94,0.0
2165,studio,male,young,returning,0,0,21.36,0.0
2166,lifestyle,female,senior,new,1,1,86.96,155.4
2167,lifestyle,female,young,new,0,0,59.99,0.0
2168,studio,female,adult,returning,0,0,39.09,0.0
2169,lifestyle,female,young,new,0,0,43.75,0.0
2170,studio,male,adult,returning,0,0,36.9,0.0
2171,lifestyle,male,young,new,0,0,43.03,0.0
2172,studio,female,adult,new,0,0,37.03,0.0
2173,studio,male,young,new,0,0,28.15,0.0
2174,lifestyle,female,young,new,0,0,32.26,0.0
2175,studio,female,adult,returning,0,0,36.09,0.0
2176,lifestyle,female,adult,new,0,0,56.93,0.0
2177,studio,male,young,returning,0,0,42.77,0.0
2178,lifestyle,female,young,new,0,0,29.67,0.0
2179,lifestyle,female,senior,new,0,0,44.45,0.0
2180,lifestyle,male,young,returning,0,0,49.29,0.0
2181,studio,male,senior,new,0,0,55.17,0.0
2182,studio,female,adult,returning,0,0,52.91,0.0
2183,studio,female,young,new,0,0,32.89,0.0
2184,studio,male,adult,new,0,0,43.24,0.0
2185,lifestyle,male,senior,returning,0,0,49.49,0.0
2186,lifestyle,female,adult,new,0,0,40.8,0.0
2187,lifestyle,female,adult,new,0,0,42.62,0.0
2188,lifestyle,female,adult,returning,0,0,42.75,0.0
2189,lifestyle,female,senior,new,0,0,58.75,0.0
2190,lifestyle,male,adult,new,0,0,27.96,0.0
2191,studio,female,young,new,1,0,54.68,0.0
2192,lifestyle,male,young,new,0,0,57.39,0.0
2193,lifestyle,female,young,new,0,0,56.32,0.0
2194,lifestyle,female,young,new,0,0,47.69,0.0
2195,studio,male,young,new,0,0,27.43,0.0
2196,studio,male,adult,new,0,0,42.77,0.0
2197,studio,female,young,returning,0,0,48.25,0.0
2198,lifestyle,male,adult,new,0,0,36.85,0.0
2199,lifestyle,male,adult,new,1,0,60.58,0.0
2200,studio,female,young,returning,0,0,32.95,0.0
2201,lifestyle,male,young,returning,1,0,50.86,0.0
2202,studio,female,young,new,0,0,31.85,0.0
2203,studio,male,young,returning,0,0,36.29,0.0
2204,studio,female,adult,new,0,1,45.82,79.94
2205,lifestyle,male,adult,new,0,0,31.18,0.0
2206,lifestyle,male,young,returning,0,0,33.1,0.0
2207,studio,female,adult,returning,0,0,38.28,0.0
2208,lifestyle,female,young,new,0,0,27.34,0.0
2209,studio,male,adult,new,0,0,12.83,0.0
2210,lifestyle,male,adult,new,0,0,55.73,0.0
2211,lifestyle,female,adult,new,0,0,31.87,0.0
2212,lifestyle,female,young,returning,0,0,40.06,0.0
2213,studio,female,young,new,0,0,44.22,0.0
2214,lifestyle,female,adult,new,1,0,42.62,0.0
2215,lifestyle,female,senior,new,0,0,32.61,0.0
2216,studio,male,senior,returning,0,0,33.67,0.0
2217,lifestyle,female,young,new,0,0,51.61,0.0
2218,studio,female,adult,returning,0,0,34.78,0.0
2219,lifestyle,male,adult,returning,0,0,41.92,0.0
2220,studio,male,senior,new,1,0,52.05,0.0
2221,lifestyle,male,young,returning,0,0,47.62,0.0
2222,lifestyle,male,adult,returning,0,0,56.32,0.0
2223,studio,male,young,new,0,0,64.84,0.0
2224,studio,female,adult,new,0,0,33.52,0.0
2225,studio,female,adult,new,0,0,50.26,0.0
2226,studio,female,adult,new,0,0,44.99,0.0
2227,studio,male,senior,new,0,0,42.67,0.0
2228,lifestyle,male,adult,new,0,0,19.9,0.0
2229,studio,female,adult,returning,1,0,46.22,0.0
2230,studio,male,young,new,0,0,31.62,0.0
2231,lifestyle,female,adult,new,0,0,45.59,0.0
2232,studio,female,adult,new,0,0,33.03,0.0
2233,lifestyle,male,young,returning,0,0,36.37,0.0
2234,lifestyle,male,senior,new,0,0,67.3,0.0
2235,lifestyle,male,young,new,0,0,55.08,0.0
2236,lifestyle,female,adult,new,0,0,21.77,0.0
2237,lifestyle,female,senior,new,1,0,59.19,0.0
2238,studio,female,senior,new,0,0,46.31,0.0
2239,studio,male,adult,new,0,0,48.31,0.0
2240,studio,female,young,returning,1,0,45.8,0.0
2241,lifestyle,male,adult,returning,0,0,39.85,0.0
2242,studio,male,young,new,0,0,35.95,0.0
2243,lifestyle,female,senior,new,0,0,53.62,0.0
2244,lifestyle,female,adult,returning,0,0,26.64,0.0
2245,lifestyle,male,adult,new,0,0,21.85,0.0
2246,lifestyle,male,young,returning,0,0,54.55,0.0
2247,studio,male,adult,returning,0,0,25.1,0.0
2248,lifestyle,male,adult,returning,0,0,63.23,0.0
2249,lifestyle,male,senior,new,0,0,38.36,0.0
2250,studio,female,young,new,0,0,33.15,0.0
2251,studio,female,senior,new,0,0,43.69,0.0
2252,lifestyle,female,young,new,0,0,20.68,0.0
2253,lifestyle,female,adult,new,0,0,70.64,0.0
2254,lifestyle,female,adult,returning,0,0,38.05,0.0
2255,lifestyle,female,young,new,0,0,33.61,0.0
2256,lifestyle,female,young,returning,0,0,30.34,0.0
2257,lifestyle,male,adult,returning,0,0,45.62,0.0
2258,studio,female,adult,new,0,0,37.91,0.0
2259,studio,female,young,new,0,0,23.67,0.0
2260,studio,female,adult,new,0,0,21.28,0.0
2261,lifestyle,female,adult,new,0,0,52.55,0.0
2262,lifestyle,male,adult,new,1,0,50.44,0.0
2263,lifestyle,female,young,new,0,0,24.79,0.0
2264,studio,male,young,returning,1,0,48.52,0.0
2265,lifestyle,female,adult,new,0,0,37.98,0.0
2266,lifestyle,male,adult,new,0,0,61.5,0.0
2267,lifestyle,male,adult,returning,1,0,51.78,0.0
2268,lifestyle,male,adult,new,0,0,38.92,0.0
2269,studio,female,adult,new,0,0,37.19,0.0
2270,lifestyle,male,young,new,0,1,56.29,109.19
2271,studio,female,senior,new,0,0,44.41,0.0
2272,studio,male,adult,new,0,0,24.83,0.0
2273,studio,female,adult,returning,0,0,32.61,0.0
2274,lifestyle,female,senior,new,1,0,66.07,0.0
2275,lifestyle,male,senior,new,0,0,58.38,0.0
2276,lifestyle,male,adult,new,0,0,36.14,0.0
2277,lifestyle,female,young,returning,0,1,56.02,154.84
2278,lifestyle,female,senior,new,0,1,82.41,78.16
2279,lifestyle,female,adult,new,0,0,36.48,0.0
2280,studio,male,adult,new,0,0,34.43,0.0
2281,studio,female,adult,new,0,0,52.13,0.0
2282,studio,female,adult,new,0,0,35.67,0.0
2283,studio,male,senior,returning,0,0,37.52,0.0
2284,studio,male,adult,returning,0,0,33.27,0.0
2285,studio,male,adult,new,0,0,27.6,0.0
2286,studio,female,adult,new,0,0,39.51,0.0
2287,lifestyle,female,adult,new,0,0,32.76,0.0
2288,studio,male,adult,returning,0,0,42.79,0.0
2289,studio,male,senior,new,0,0,40.15,0.0
2290,studio,male,adult,returning,0,0,37.35,0.0
2291,lifestyle,male,young,returning,0,0,59.3,0.0
2292,studio,male,adult,new,0,0,20.51,0.0
2293,studio,female,adult,returning,0,0,35.24,0.0
2294,lifestyle,male,young,returning,0,0,48.38,0.0
2295,studio,male,young,new,0,0,28.84,0.0
2296,studio,female,young,new,0,0,44.51,0.0
2297,studio,female,adult,new,0,0,29.55,0.0
2298,studio,female,adult,new,0,0,37.92,0.0
2299,studio,male,young,new,0,0,33.77,0.0
2300,studio,male,adult,new,0,0,36.62,0.0
2301,lifestyle,female,young,new,0,0,42.74,0.0
2302,lifestyle,female,adult,new,0,0,41.68,0.0
2303,lifestyle,male,adult,returning,0,0,37.27,0.0
2304,studio,female,adult,returning,0,0,28.35,0.0
2305,lifestyle,female,adult,returning,0,0,45.16,0.0
2306,studio,male,young,new,0,0,35.53,0.0
2307,studio,female,adult,returning,0,0,28.08,0.0
2308,lifestyle,female,young,returning,0,0,45.43,0.0
2309,studio,male,senior,new,0,0,35.37,0.0
2310,studio,female,adult,returning,1,0,65.55,0.0
2311,lifestyle,female,adult,new,0,0,66.89,0.0
2312,lifestyle,female,adult,returning,0,0,55.89,0.0
2313,studio,male,young,returning,0,0,48.33,0.0
2314,lifestyle,male,adult,returning,0,0,50.14,0.0
2315,lifestyle,female,senior,new,0,0,44.9,0.0
2316,studio,male,young,new,0,0,16.01,0.0
2317,studio,male,adult,new,0,0,24.75,0.0
2318,studio,male,adult,new,0,0,28.23,0.0
2319,studio,male,adult,new,0,0,47.08,0.0
2320,studio,female,young,new,0,0,37.56,0.0
2321,lifestyle,male,adult,returning,0,0,35.4,0.0
2322,lifestyle,female,senior,new,0,0,28.55,0.0
2323,lifestyle,male,young,returning,0,0,65.18,0.0
2324,studio,female,adult,new,0,0,40.33,0.0
2325,lifestyle,male,adult,new,0,1,71.09,129.17
2326,lifestyle,female,adult,new,0,0,36.64,0.0
2327,lifestyle,female,adult,new,0,0,40.61,0.0
2328,studio,male,adult,new,0,0,31.56,0.0
2329,lifestyle,female,young,returning,0,0,42.64,0.0
2330,studio,male,senior,new,0,0,58.46,0.0
2331,studio,female,adult,returning,0,0,22.96,0.0
2332,studio,female,young,returning,0,0,34.59,0.0
2333,lifestyle,female,adult,new,0,1,65.61,121.91
2334,lifestyle,female,adult,returning,0,0,40.83,0.0
2335,studio,male,senior,returning,0,0,49.95,0.0
2336,studio,male,senior,returning,0,0,22.64,0.0
2337,studio,male,senior,returning,0,0,58.84,0.0
2338,studio,female,young,returning,0,0,21.29,0.0
2339,studio,female,senior,new,0,0,28.7,0.0
2340,studio,male,senior,new,0,0,35.51,0.0
2341,lifestyle,female,adult,returning,0,0,35.52,0.0
2342,studio,male,adult,returning,1,0,54.25,0.0
2343,studio,male,adult,new,1,0,53.09,0.0
2344,studio,female,adult,new,0,0,36.14,0.0
2345,lifestyle,male,young,returning,0,0,27.82,0.0
2346,lifestyle,female,young,new,0,0,40.61,0.0
2347,lifestyle,male,young,new,0,0,42.2,0.0
2348,studio,female,adult,new,0,0,47.32,0.0
2349,lifestyle,male,young,returning,0,0,43.99,0.0
2350,studio,male,adult,new,0,0,38.83,0.0
2351,lifestyle,female,young,new,0,0,61.62,0.0
2352,lifestyle,female,senior,returning,0,0,35.4,0.0
2353,lifestyle,male,senior,returning,0,0,43.12,0.0
2354,lifestyle,male,senior,new,0,0,35.64,0.0
2355,lifestyle,female,adult,new,0,0,58.07,0.0
2356,studio,male,young,new,0,1,71.75,161.98
2357,lifestyle,female,adult,returning,0,0,57.29,0.0
2358,studio,female,young,new,0,0,40.47,0.0
2359,lifestyle,male,senior,new,0,0,50.81,0.0
2360,studio,male,young,returning,0,0,30.42,0.0
2361,studio,female,adult,returning,0,0,42.69,0.0
2362,studio,male,adult,new,0,0,22.19,0.0
2363,studio,female,senior,new,0,0,27.15,0.0
2364,studio,male,adult,new,1,0,45.8,0.0
2365,lifestyle,female,adult,new,0,0,60.87,0.0
2366,studio,male,adult,new,0,0,29.87,0.0
2367,studio,female,adult,new,0,0,31.22,0.0
2368,lifestyle,male,young,new,0,0,44.88,0.0
2369,studio,male,senior,new,0,0,48.99,0.0
2370,lifestyle,female,adult,returning,0,0,54.52,0.0
2371,lifestyle,male,young,new,0,0,30.8,0.0
2372,lifestyle,male,senior,new,0,0,46.03,0.0
2373,lifestyle,male,adult,returning,0,0,44.25,0.0
2374,studio,male,senior,new,0,0,43.25,0.0
2375,lifestyle,female,senior,returning,0,0,55.66,0.0
2376,studio,female,adult,new,0,0,43.2,0.0
2377,studio,male,young,new,1,0,50.25,0.0
2378,lifestyle,female,young,new,0,0,53.52,0.0
2379,studio,female,senior,new,0,0,49.69,0.0
2380,lifestyle,female,senior,new,0,0,55.88,0.0
2381,lifestyle,male,adult,returning,0,0,36.71,0.0
2382,lifestyle,female,adult,new,0,0,49.13,0.0
2383,lifestyle,female,young,returning,0,0,54.04,0.0
2384,studio,female,senior,new,0,0,34.86,0.0
2385,studio,male,young,returning,0,0,36.32,0.0
2386,lifestyle,male,young,new,0,0,57.65,0.0
2387,studio,female,adult,returning,0,1,58.96,181.62
2388,lifestyle,male,young,new,0,0,41.12,0.0
2389,lifestyle,female,senior,returning,0,0,61.62,0.0
2390,lifestyle,male,young,new,0,0,37.3,0.0
2391,studio,female,young,returning,0,0,18.04,0.0
2392,studio,female,adult,new,0,0,27.21,0.0
2393,studio,female,adult,returning,0,0,46.36,0.0
2394,studio,female,young,returning,0,0,40.21,0.0
2395,lifestyle,female,adult,returning,1,0,57.68,0.0
2396,studio,male,adult,new,0,0,45.61,0.0
2397,studio,female,senior,returning,0,1,61.67,96.49
2398,studio,male,young,new,0,0,32.78,0.0
2399,lifestyle,female,senior,new,0,0,55.35,0.0
2400,lifestyle,male,adult,new,0,0,38.18,0.0
2401,studio,female,young,new,0,0,39.9,0.0
2402,studio,female,young,returning,0,0,27.05,0.0
2403,studio,male,adult,new,0,0,24.45,0.0
2404,studio,male,young,new,0,0,26.34,0.0
2405,lifestyle,female,young,new,0,0,41.74,0.0
2406,lifestyle,male,young,returning,0,0,35.52,0.0
2407,studio,male,adult,new,0,0,28.8,0.0
2408,studio,male,adult,returning,1,0,48.47,0.0
2409,lifestyle,female,young,new,0,0,41.28,0.0
2410,studio,female,adult,returning,0,0,19.49,0.0
2411,lifestyle,female,adult,returning,0,0,16.78,0.0
2412,studio,female,young,new,0,0,39.0,0.0
2413,studio,male,senior,new,0,0,41.39,0.0
2414,studio,female,adult,returning,0,0,21.3,0.0
2415,lifestyle,male,senior,returning,1,0,66.36,0.0
2416,lifestyle,male,young,new,0,0,46.34,0.0
2417,studio,male,senior,new,0,0,36.98,0.0
2418,studio,female,adult,returning,0,0,54.59,0.0
2419,studio,female,adult,new,0,0,47.69,0.0
2420,studio,male,adult,new,0,0,31.01,0.0
2421,studio,female,young,returning,0,1,51.2,113.17
2422,studio,male,senior,new,0,0,25.42,0.0
2423,lifestyle,male,adult,new,0,0,54.25,0.0
2424,studio,male,young,returning,0,0,37.47,0.0
2425,studio,female,young,new,0,0,43.23,0.0
2426,lifestyle,female,young,returning,0,0,20.66,0.0
2427,studio,male,adult,returning,0,0,42.78,0.0
2428,lifestyle,female,adult,returning,0,0,36.9,0.0
2429,studio,male,adult,returning,0,1,60.84,116.13
2430,lifestyle,female,young,new,1,0,62.21,0.0
2431,lifestyle,female,adult,new,1,0,56.79,0.0
2432,lifestyle,male,adult,new,0,0,35.03,0.0
2433,lifestyle,female,young,new,0,0,45.99,0.0
2434,studio,female,young,new,0,0,26.64,0.0
2435,lifestyle,male,young,new,0,0,52.51,0.0
2436,studio,female,senior,new,0,0,32.78,0.0
2437,studio,female,adult,new,0,0,35.23,0.0
2438,studio,male,senior,returning,0,0,32.54,0.0
2439,lifestyle,male,young,returning,0,0,43.59,0.0
2440,studio,male,senior,new,0,0,29.68,0.0
2441,lifestyle,female,adult,new,0,0,33.91,0.0
2442,lifestyle,female,adult,new,0,0,64.95,0.0
2443,lifestyle,female,young,new,0,0,50.44,0.0
2444,lifestyle,male,adult,returning,1,1,80.69,167.18
2445,studio,male,senior,returning,0,0,45.14,0.0
2446,studio,male,young,new,1,0,53.06,0.0
2447,studio,female,young,new,0,0,34.11,0.0
2448,studio,female,adult,new,0,0,42.57,0.0
2449,studio,female,senior,new,0,0,31.73,0.0
2450,studio,male,adult,returning,0,1,70.96,142.26
2451,studio,female,young,new,0,0,36.2,0.0
2452,lifestyle,female,adult,returning,1,0,65.02,0.0
2453,lifestyle,male,adult,new,0,0,57.73,0.0
2454,studio,female,senior,new,0,0,44.91,0.0
2455,lifestyle,male,adult,new,0,0,33.9,0.0
2456,studio,male,adult,new,0,0,47.2,0.0
2457,studio,male,young,returning,1,0,66.96,0.0
2458,lifestyle,male,senior,returning,0,0,27.53,0.0
2459,studio,male,adult,returning,0,0,33.98,0.0
2460,studio,male,senior,new,0,0,42.91,0.0
2461,lifestyle,male,adult,returning,0,1,59.36,158.13
2462,lifestyle,female,adult,new,0,0,29.54,0.0
2463,lifestyle,female,adult,new,0,0,33.17,0.0
2464,lifestyle,female,young,new,0,0,23.51,0.0
2465,lifestyle,male,senior,new,0,0,56.55,0.0
2466,studio,male,young,returning,0,0,48.74,0.0
2467,studio,male,adult,returning,0,0,48.6,0.0
2468,studio,male,senior,new,0,0,39.7,0.0
2469,studio,female,young,new,0,0,37.72,0.0
2470,lifestyle,female,adult,new,0,0,52.7,0.0
2471,studio,female,adult,new,0,0,32.67,0.0
2472,lifestyle,female,adult,new,0,0,32.51,0.0
2473,lifestyle,male,senior,returning,1,1,76.29,161.47
2474,lifestyle,male,adult,new,0,0,43.76,0.0
2475,lifestyle,female,adult,returning,0,0,34.86,0.0
2476,lifestyle,male,young,new,0,0,46.73,0.0
2477,studio,male,young,new,0,0,21.45,0.0
2478,lifestyle,male,adult,new,0,0,39.57,0.0
2479,studio,male,adult,returning,0,0,39.06,0.0
2480,lifestyle,male,young,new,0,0,43.33,0.0
2481,studio,female,adult,new,1,0,42.65,0.0
2482,lifestyle,female,adult,returning,0,0,49.35,0.0
2483,lifestyle,male,adult,new,0,0,44.62,0.0
2484,studio,male,young,returning,0,0,14.11,0.0
2485,studio,female,adult,new,0,0,39.55,0.0
2486,lifestyle,male,adult,returning,1,0,52.78,0.0
2487,studio,male,senior,new,1,0,49.75,0.0
2488,lifestyle,male,adult,new,0,0,33.7,0.0
2489,lifestyle,male,adult,new,0,0,31.97,0.0
2490,studio,female,senior,new,0,1,62.07,106.6
2491,studio,female,adult,returning,0,0,40.46,0.0
2492,studio,male,young,returning,0,0,36.53,0.0
2493,lifestyle,male,senior,new,0,0,56.49,0.0
2494,studio,male,adult,new,0,0,40.81,0.0
2495,lifestyle,male,adult,new,0,0,21.93,0.0
2496,studio,female,adult,returning,0,0,25.83,0.0
2497,lifestyle,female,senior,new,0,0,58.88,0.0
2498,lifestyle,female,senior,new,0,0,34.31,0.0
2499,lifestyle,female,senior,returning,0,0,19.65,0.0
2500,studio,female,young,new,0,0,53.31,0.0
2501,lifestyle,female,adult,new,0,0,44.97,0.0
2502,lifestyle,male,young,new,0,0,35.17,0.0
2503,lifestyle,male,young,returning,1,0,48.52,0.0
2504,lifestyle,female,senior,new,0,0,53.29,0.0
2505,studio,male,adult,returning,0,0,39.78,0.0
2506,studio,female,adult,new,0,1,58.27,134.28
2507,lifestyle,female,adult,new,0,0,40.11,0.0
2508,studio,female,adult,returning,0,0,22.19,0.0
2509,lifestyle,male,young,new,0,0,41.64,0.0
2510,lifestyle,female,young,new,0,0,52.65,0.0
2511,studio,male,adult,new,0,0,29.58,0.0
2512,lifestyle,female,adult,new,0,0,48.01,0.0
2513,studio,male,senior,returning,0,0,35.95,0.0
2514,lifestyle,female,adult,new,1,0,65.01,0.0
2515,lifestyle,female,adult,returning,1,0,47.2,0.0
2516,lifestyle,male,senior,new,1,0,62.14,0.0
2517,studio,male,young,returning,1,0,54.56,0.0
2518,studio,female,adult,returning,0,0,28.25,0.0
2519,lifestyle,male,young,new,0,0,45.63,0.0
2520,lifestyle,female,adult,new,0,0,41.7,0.0
2521,lifestyle,male,adult,new,0,0,41.56,0.0
2522,studio,female,young,new,0,0,28.22,0.0
2523,studio,female,young,returning,0,0,44.97,0.0
2524,studio,male,adult,returning,0,0,25.55,0.0
2525,lifestyle,male,adult,new,0,0,44.8,0.0
2526,studio,female,young,returning,0,0,26.51,0.0
2527,studio,male,adult,new,1,0,49.34,0.0
2528,lifestyle,male,adult,new,0,0,48.43,0.0
2529,studio,female,adult,new,0,0,32.11,0.0
2530,lifestyle,male,adult,new,0,0,11.24,0.0
2531,lifestyle,male,young,new,0,0,28.55,0.0
2532,lifestyle,female,adult,new,1,0,35.42,0.0
2533,studio,male,senior,new,0,0,40.68,0.0
2534,studio,male,adult,returning,0,1,54.95,118.47
2535,lifestyle,male,adult,returning,0,0,38.49,0.0
2536,lifestyle,female,adult,new,0,0,35.74,0.0
2537,lifestyle,female,young,new,0,0,44.21,0.0
2538,studio,female,adult,new,1,0,35.53,0.0
2539,lifestyle,male,senior,returning,0,1,76.56,161.84
2540,lifestyle,male,young,returning,0,0,42.75,0.0
2541,lifestyle,male,senior,returning,0,0,37.55,0.0
2542,lifestyle,male,young,new,0,0,37.82,0.0
2543,lifestyle,female,adult,new,0,0,40.69,0.0
2544,lifestyle,male,senior,new,0,0,33.19,0.0
2545,studio,male,adult,new,0,0,41.71,0.0
2546,studio,male,senior,new,0,0,49.65,0.0
2547,studio,female,senior,returning,0,0,41.17,0.0
2548,studio,female,adult,new,0,0,44.41,0.0
2549,studio,female,adult,new,0,0,61.5,0.0
2550,studio,female,adult,returning,0,0,16.22,0.0
2551,studio,female,adult,new,0,0,35.52,0.0
2552,studio,male,adult,returning,1,0,36.57,0.0
2553,lifestyle,male,adult,new,1,0,72.61,0.0
2554,lifestyle,female,adult,new,0,0,44.46,0.0
2555,studio,female,adult,new,0,0,28.02,0.0
2556,lifestyle,female,adult,returning,0,0,39.4,0.0
2557,lifestyle,female,young,new,1,0,70.36,0.0
2558,studio,female,adult,new,0,0,39.52,0.0
2559,studio,female,adult,new,0,0,40.79,0.0
2560,lifestyle,female,adult,returning,0,0,56.88,0.0
2561,lifestyle,female,adult,new,0,0,51.54,0.0
2562,lifestyle,male,adult,returning,0,0,53.24,0.0
2563,studio,female,senior,returning,0,1,58.74,108.71
2564,studio,female,adult,returning,0,0,12.46,0.0
2565,studio,male,adult,returning,0,0,36.04,0.0
2566,studio,female,adult,new,0,0,28.36,0.0
2567,studio,female,young,new,0,0,42.89,0.0
2568,studio,male,young,new,1,0,32.3,0.0
2569,lifestyle,female,young,new,0,0,50.28,0.0
2570,lifestyle,male,adult,returning,1,0,58.89,0.0
2571,studio,female,young,new,0,0,38.54,0.0
2572,lifestyle,female,senior,returning,0,0,53.19,0.0
2573,studio,male,adult,returning,0,0,34.72,0.0
2574,studio,male,adult,new,0,0,31.67,0.0
2575,studio,female,young,new,0,0,46.35,0.0
2576,lifestyle,male,young,new,0,0,47.93,0.0
2577,lifestyle,male,young,new,0,0,48.89,0.0
2578,lifestyle,female,adult,new,1,1,76.17,109.73
2579,studio,male,adult,new,0,0,36.1,0.0
2580,lifestyle,male,adult,new,0,0,41.87,0.0
2581,studio,female,adult,returning,0,0,17.56,0.0
2582,lifestyle,female,adult,new,1,0,43.19,0.0
2583,lifestyle,female,young,new,1,0,55.77,0.0
2584,studio,female,adult,returning,0,0,16.23,0.0
2585,lifestyle,male,adult,new,0,0,40.9,0.0
2586,lifestyle,male,adult,new,0,0,33.06,0.0
2587,studio,male,young,returning,0,0,34.24,0.0
2588,lifestyle,female,adult,returning,0,1,63.7,133.44
2589,studio,female,young,returning,0,0,16.42,0.0
2590,lifestyle,female,senior,new,0,0,50.25,0.0
2591,lifestyle,female,adult,new,0,1,57.5,115.55
2592,lifestyle,female,senior,new,0,0,23.77,0.0
2593,lifestyle,male,adult,returning,0,0,37.39,0.0
2594,lifestyle,male,young,new,0,0,45.8,0.0
2595,studio,male,adult,new,0,0,30.94,0.0
2596,lifestyle,male,young,returning,0,0,37.33,0.0
2597,studio,female,senior,returning,1,0,56.54,0.0
2598,studio,male,adult,returning,0,0,30.21,0.0
2599,studio,female,adult,new,0,0,32.33,0.0
2600,studio,female,adult,new,0,0,21.74,0.0
2601,lifestyle,male,adult,returning,1,0,51.82,0.0
2602,studio,male,senior,new,0,0,58.84,0.0
2603,lifestyle,male,young,new,1,0,58.78,0.0
2604,studio,male,adult,new,0,0,37.69,0.0
2605,studio,female,adult,returning,0,0,28.57,0.0
2606,lifestyle,male,senior,new,0,0,43.05,0.0
2607,studio,female,adult,returning,0,0,32.72,0.0
2608,studio,female,senior,new,0,0,48.74,0.0
2609,lifestyle,female,adult,new,0,0,53.99,0.0
2610,studio,female,young,returning,0,0,30.46,0.0
2611,lifestyle,male,adult,new,0,0,41.77,0.0
2612,studio,male,adult,returning,0,0,32.65,0.0
2613,studio,male,adult,new,0,0,42.62,0.0
2614,lifestyle,male,young,new,0,0,46.69,0.0
2615,studio,female,adult,returning,1,0,49.1,0.0
2616,studio,female,young,returning,0,0,45.1,0.0
2617,studio,male,senior,returning,0,0,45.18,0.0
2618,studio,male,young,new,0,0,27.29,0.0
2619,lifestyle,male,adult,new,0,0,42.08,0.0
2620,studio,female,young,returning,0,0,33.23,0.0
2621,lifestyle,female,adult,new,1,0,47.12,0.0
2622,lifestyle,female,senior,returning,0,0,44.75,0.0
2623,studio,female,young,new,0,0,46.39,0.0
2624,lifestyle,male,young,returning,0,0,52.95,0.0
2625,studio,male,young,returning,0,0,44.13,0.0
2626,lifestyle,male,adult,new,1,0,64.79,0.0
2627,studio,male,adult,returning,0,0,37.08,0.0
2628,lifestyle,female,young,new,0,0,35.99,0.0
2629,studio,female,adult,new,1,0,55.64,0.0
2630,studio,female,young,new,1,0,33.54,0.0
2631,lifestyle,female,senior,new,0,0,40.28,0.0
2632,lifestyle,male,adult,new,0,0,53.05,0.0
2633,studio,male,senior,new,0,0,35.08,0.0
2634,studio,female,senior,new,0,0,46.4,0.0
2635,lifestyle,female,adult,new,0,0,38.37,0.0
2636,lifestyle,male,adult,new,1,0,62.5,0.0
2637,lifestyle,female,adult,new,0,0,26.6,0.0
2638,lifestyle,female,young,returning,0,0,54.72,0.0
2639,lifestyle,male,young,new,0,0,30.84,0.0
2640,lifestyle,female,young,returning,0,0,28.38,0.0
2641,studio,male,adult,new,0,0,47.18,0.0
2642,studio,female,adult,new,0,0,34.97,0.0
2643,lifestyle,female,young,new,0,0,38.94,0.0
2644,lifestyle,female,young,returning,0,0,57.68,0.0
2645,studio,male,adult,new,0,0,42.31,0.0
2646,studio,male,young,returning,0,0,30.5,0.0
2647,lifestyle,male,senior,new,0,0,45.66,0.0
2648,lifestyle,male,young,new,1,0,67.74,0.0
2649,studio,female,adult,returning,0,0,25.36,0.0
2650,studio,female,adult,new,0,0,49.43,0.0
2651,studio,male,young,new,0,0,30.57,0.0
2652,studio,male,adult,new,0,0,26.29,0.0
2653,studio,male,adult,new,0,0,45.87,0.0
2654,studio,male,senior,new,0,0,47.35,0.0
2655,lifestyle,male,adult,new,0,0,24.23,0.0
2656,studio,male,young,returning,0,0,33.93,0.0
2657,lifestyle,female,young,returning,0,0,30.95,0.0
2658,lifestyle,male,young,new,0,0,49.98,0.0
2659,studio,female,young,new,0,0,52.2,0.0
2660,lifestyle,female,adult,new,0,0,47.38,0.0
2661,studio,male,senior,returning,0,0,32.4,0.0
2662,lifestyle,female,adult,new,0,0,50.9,0.0
2663,studio,female,adult,new,0,0,34.5,0.0
2664,lifestyle,female,adult,new,0,0,41.26,0.0
2665,lifestyle,male,adult,new,0,0,37.15,0.0
2666,studio,male,young,returning,0,0,36.05,0.0
2667,studio,female,adult,new,0,0,34.29,0.0
2668,lifestyle,female,senior,returning,1,0,37.96,0.0
2669,lifestyle,male,young,new,0,0,42.26,0.0
2670,studio,male,young,new,0,0,33.62,0.0
2671,lifestyle,male,senior,new,0,0,50.47,0.0
2672,studio,male,adult,new,0,0,14.93,0.0
2673,lifestyle,female,young,new,0,0,47.12,0.0
2674,studio,male,adult,new,0,0,35.29,0.0
2675,lifestyle,male,adult,new,0,0,46.95,0.0
2676,studio,female,adult,returning,0,0,18.71,0.0
2677,studio,male,adult,new,0,0,22.65,0.0
2678,studio,female,young,new,0,0,16.25,0.0
2679,studio,female,adult,returning,0,0,36.46,0.0
2680,lifestyle,male,adult,new,0,0,38.55,0.0
2681,studio,female,senior,returning,0,0,38.56,0.0
2682,lifestyle,female,young,returning,0,0,28.08,0.0
2683,studio,male,adult,new,0,0,22.9,0.0
2684,studio,male,young,new,1,0,25.04,0.0
2685,studio,female,adult,returning,0,0,21.54,0.0
2686,studio,female,senior,returning,0,0,33.5,0.0
2687,studio,female,adult,new,0,0,29.02,0.0
2688,studio,male,young,new,0,0,34.32,0.0
2689,studio,female,young,new,0,0,42.62,0.0
2690,studio,male,adult,returning,0,0,28.11,0.0
2691,lifestyle,female,adult,new,0,0,46.89,0.0
2692,lifestyle,female,senior,returning,0,0,54.78,0.0
2693,studio,female,adult,returning,0,0,46.5,0.0
2694,studio,female,senior,returning,0,0,44.9,0.0
2695,lifestyle,female,adult,returning,0,0,42.73,0.0
2696,lifestyle,female,senior,new,0,0,36.2,0.0
2697,lifestyle,male,young,new,0,0,44.73,0.0
2698,studio,female,senior,new,0,0,36.24,0.0
2699,lifestyle,female,adult,new,0,0,55.76,0.0
2700,lifestyle,male,senior,new,0,0,47.91,0.0
2701,lifestyle,female,young,returning,0,0,40.4,0.0
2702,lifestyle,male,adult,new,0,0,56.16,0.0
2703,studio,female,adult,returning,0,0,30.18,0.0
2704,studio,female,senior,new,0,0,39.97,0.0
2705,lifestyle,male,adult,new,0,0,62.09,0.0
2706,lifestyle,female,adult,new,0,0,44.66,0.0
2707,studio,male,adult,returning,0,0,46.25,0.0
2708,studio,female,adult,returning,0,0,50.04,0.0
2709,studio,male,young,new,0,0,29.48,0.0
2710,studio,male,young,new,0,0,44.09,0.0
2711,lifestyle,male,young,returning,0,0,38.67,0.0
2712,lifestyle,male,adult,new,1,1,97.4,141.85
2713,studio,female,senior,new,0,0,54.44,0.0
2714,studio,female,senior,new,0,0,47.43,0.0
2715,studio,male,young,new,0,0,45.45,0.0
2716,studio,male,young,new,0,0,28.04,0.0
2717,lifestyle,male,young,new,0,0,59.18,0.0
2718,lifestyle,female,young,new,0,0,32.96,0.0
2719,lifestyle,female,young,new,0,0,46.07,0.0
2720,studio,male,adult,new,0,0,27.86,0.0
2721,lifestyle,female,adult,new,0,0,50.6,0.0
2722,lifestyle,male,adult,new,0,0,59.45,0.0
2723,lifestyle,female,adult,new,0,0,46.52,0.0
2724,studio,female,young,new,0,0,38.15,0.0
2725,studio,female,adult,new,0,0,33.86,0.0
2726,studio,female,adult,new,0,0,36.0,0.0
2727,studio,female,young,new,0,0,31.64,0.0
2728,studio,female,young,new,0,0,51.33,0.0
2729,studio,female,young,new,0,0,42.94,0.0
2730,studio,male,young,new,0,0,31.53,0.0
2731,lifestyle,male,adult,new,0,0,42.6,0.0
2732,studio,male,young,returning,0,0,64.16,0.0
2733,studio,female,adult,new,0,0,37.72,0.0
2734,lifestyle,male,young,returning,0,0,56.53,0.0
2735,lifestyle,male,adult,returning,0,0,36.23,0.0
2736,lifestyle,male,young,returning,0,0,46.74,0.0
2737,lifestyle,male,adult,new,0,0,35.76,0.0
2738,lifestyle,female,young,new,0,0,36.65,0.0
2739,lifestyle,female,young,returning,0,0,49.94,0.0
2740,studio,female,senior,new,0,0,31.04,0.0
2741,studio,female,adult,new,0,0,23.08,0.0
2742,studio,female,young,new,0,0,41.85,0.0
2743,studio,female,adult,returning,0,0,30.12,0.0
2744,studio,male,adult,new,0,0,32.2,0.0
2745,lifestyle,female,adult,new,0,0,23.99,0.0
2746,lifestyle,male,adult,returning,0,0,29.31,0.0
2747,lifestyle,male,senior,new,0,0,49.21,0.0
2748,studio,female,young,returning,0,0,32.66,0.0
2749,lifestyle,male,adult,new,0,0,51.09,0.0
2750,lifestyle,male,young,returning,0,0,33.0,0.0
2751,studio,male,adult,new,1,0,48.34,0.0
2752,lifestyle,male,senior,returning,0,0,47.46,0.0
2753,studio,male,adult,returning,0,0,32.96,0.0
2754,studio,male,adult,returning,0,0,40.98,0.0
2755,lifestyle,female,senior,returning,0,0,36.14,0.0
2756,studio,female,adult,new,1,0,55.12,0.0
2757,studio,male,adult,returning,0,0,46.39,0.0
2758,lifestyle,female,senior,new,0,0,38.77,0.0
2759,lifestyle,male,young,returning,0,0,46.01,0.0
2760,studio,male,adult,returning,0,0,38.57,0.0
2761,studio,male,adult,new,0,0,40.89,0.0
2762,studio,female,senior,new,0,0,40.01,0.0
2763,lifestyle,male,senior,new,0,0,61.18,0.0
2764,studio,female,adult,returning,0,0,56.1,0.0
2765,studio,female,senior,new,0,0,46.25,0.0
2766,lifestyle,female,adult,new,0,0,45.14,0.0
2767,lifestyle,female,young,returning,0,0,42.14,0.0
2768,studio,female,young,returning,0,0,21.86,0.0
2769,lifestyle,male,adult,returning,0,0,27.73,0.0
2770,lifestyle,male,adult,returning,0,0,30.46,0.0
2771,studio,female,adult,returning,0,0,37.66,0.0
2772,studio,female,adult,returning,0,0,33.07,0.0
2773,lifestyle,male,senior,new,0,0,62.27,0.0
2774,studio,male,adult,returning,0,0,9.95,0.0
2775,lifestyle,male,senior,returning,1,0,62.41,0.0
2776,studio,male,senior,returning,0,0,44.33,0.0
2777,studio,male,adult,returning,0,0,43.98,0.0
2778,studio,female,adult,new,0,0,36.43,0.0
2779,studio,female,adult,new,0,0,38.65,0.0
2780,studio,female,adult,returning,0,0,36.76,0.0
2781,studio,female,young,new,0,0,39.4,0.0
2782,lifestyle,female,young,new,0,0,41.81,0.0
2783,lifestyle,male,young,new,0,0,63.16,0.0
2784,lifestyle,male,young,new,0,0,47.78,0.0
2785,lifestyle,female,young,returning,0,0,43.97,0.0
2786,studio,female,young,new,0,0,27.62,0.0
2787,lifestyle,male,adult,new,0,0,38.58,0.0
2788,studio,female,senior,new,0,0,55.1,0.0
2789,lifestyle,male,adult,new,0,0,17.15,0.0
2790,lifestyle,male,senior,returning,1,0,62.57,0.0
2791,lifestyle,male,adult,new,0,0,41.75,0.0
2792,lifestyle,male,adult,new,0,0,47.0,0.0
2793,lifestyle,female,adult,new,1,0,59.65,0.0
2794,studio,female,young,returning,0,0,50.16,0.0
2795,studio,male,adult,returning,0,0,35.98,0.0
2796,lifestyle,female,senior,returning,1,0,61.36,0.0
2797,studio,female,adult,new,1,0,59.52,0.0
2798,lifestyle,female,young,new,0,0,57.33,0.0
2799,lifestyle,female,adult,returning,0,0,48.87,0.0
2800,studio,male,young,new,0,0,45.12,0.0
2801,lifestyle,female,young,new,0,0,39.83,0.0
2802,lifestyle,male,adult,new,0,0,43.25,0.0
2803,lifestyle,female,adult,new,0,0,56.86,0.0
2804,lifestyle,male,adult,new,0,0,47.27,0.0
2805,lifestyle,female,senior,new,0,0,44.58,0.0
2806,lifestyle,female,adult,new,0,0,42.33,0.0
2807,lifestyle,male,adult,new,0,0,52.37,0.0
2808,studio,male,young,returning,0,0,46.26,0.0
2809,studio,female,young,new,0,0,26.58,0.0
2810,lifestyle,female,adult,new,0,0,45.63,0.0
2811,studio,male,adult,new,0,0,34.92,0.0
2812,lifestyle,female,young,new,0,0,41.34,0.0
2813,lifestyle,male,young,new,0,0,55.3,0.0
2814,studio,male,adult,returning,0,0,32.62,0.0
2815,lifestyle,male,adult,returning,0,0,36.24,0.0
2816,lifestyle,male,adult,new,0,0,33.85,0.0
2817,studio,female,adult,new,0,0,33.25,0.0
2818,studio,female,young,new,0,0,27.65,0.0
2819,studio,male,adult,returning,0,0,26.35,0.0
2820,studio,female,senior,returning,0,0,31.1,0.0
2821,lifestyle,male,young,new,0,0,33.69,0.0
2822,studio,female,adult,new,0,0,27.39,0.0
2823,lifestyle,male,adult,new,0,0,45.99,0.0
2824,studio,female,adult,new,0,0,15.4,0.0
2825,studio,female,young,returning,0,0,27.98,0.0
2826,lifestyle,male,senior,new,0,0,46.0,0.0
2827,lifestyle,female,adult,new,0,0,53.49,0.0
2828,studio,male,adult,new,0,0,32.54,0.0
2829,studio,male,young,new,0,0,33.47,0.0
2830,studio,male,adult,new,0,0,34.12,0.0
2831,studio,male,adult,returning,0,0,16.76,0.0
2832,lifestyle,male,adult,new,0,0,48.59,0.0
2833,studio,male,adult,new,0,0,41.17,0.0
2834,studio,male,adult,returning,0,0,43.14,0.0
2835,studio,male,young,new,0,0,60.06,0.0
2836,lifestyle,female,adult,new,0,0,29.01,0.0
2837,lifestyle,female,young,new,0,1,47.12,132.88
2838,studio,male,young,returning,0,0,42.06,0.0
2839,lifestyle,male,adult,new,0,0,38.63,0.0
2840,studio,male,young,returning,0,0,25.14,0.0
2841,studio,female,senior,new,0,0,37.17,0.0
2842,lifestyle,female,senior,new,1,0,55.82,0.0
2843,lifestyle,male,adult,returning,0,0,59.25,0.0
2844,lifestyle,male,adult,new,0,0,64.62,0.0
2845,lifestyle,male,senior,returning,0,0,30.64,0.0
2846,studio,male,young,new,1,0,35.23,0.0
2847,lifestyle,female,adult,new,0,0,34.41,0.0
2848,studio,female,young,returning,0,0,28.1,0.0
2849,lifestyle,male,adult,new,0,0,34.25,0.0
2850,studio,female,adult,new,0,0,33.06,0.0
2851,lifestyle,male,adult,new,0,0,37.53,0.0
2852,studio,male,young,new,0,0,21.46,0.0
2853,studio,female,young,new,0,0,24.73,0.0
2854,lifestyle,female,adult,returning,0,0,57.46,0.0
2855,studio,male,adult,returning,0,0,31.43,0.0
2856,lifestyle,male,adult,returning,0,0,37.91,0.0
2857,studio,female,adult,returning,0,0,19.8,0.0
2858,studio,female,young,new,0,0,30.37,0.0
2859,studio,male,young,new,0,0,44.61,0.0
2860,studio,male,adult,new,0,0,40.96,0.0
2861,lifestyle,male,adult,returning,0,0,50.11,0.0
2862,studio,female,young,new,0,0,22.96,0.0
2863,lifestyle,female,young,new,0,0,29.8,0.0
2864,lifestyle,male,young,new,0,0,53.33,0.0
2865,studio,female,young,new,0,0,43.26,0.0
2866,lifestyle,female,adult,new,0,0,39.42,0.0
2867,lifestyle,male,adult,new,0,0,50.53,0.0
2868,lifestyle,male,adult,returning,0,0,29.97,0.0
2869,studio,female,adult,new,1,0,37.56,0.0
2870,studio,female,young,returning,0,0,18.83,0.0
2871,lifestyle,female,adult,new,0,0,45.61,0.0
2872,lifestyle,female,adult,returning,0,0,44.17,0.0
2873,lifestyle,male,adult,new,0,0,36.78,0.0
2874,studio,male,adult,returning,1,0,42.2,0.0
2875,lifestyle,female,adult,new,0,0,66.15,0.0
2876,studio,male,adult,returning,0,0,32.41,0.0
2877,studio,female,young,returning,0,0,48.88,0.0
2878,studio,female,adult,new,0,0,33.54,0.0
2879,lifestyle,female,adult,new,0,0,36.99,0.0
2880,studio,male,senior,new,0,0,54.17,0.0
2881,studio,female,adult,new,0,0,42.9,0.0
2882,lifestyle,female,adult,new,0,0,41.76,0.0
2883,studio,female,adult,returning,0,0,46.34,0.0
2884,studio,female,senior,new,0,0,65.2,0.0
2885,studio,male,senior,returning,0,0,32.68,0.0
2886,lifestyle,male,adult,returning,1,0,61.72,0.0
2887,lifestyle,male,adult,returning,0,0,37.91,0.0
2888,studio,male,young,new,0,0,25.65,0.0
2889,lifestyle,female,adult,new,0,0,32.38,0.0
2890,lifestyle,female,adult,new,0,0,57.92,0.0
2891,studio,female,adult,new,0,0,16.75,0.0
2892,lifestyle,female,young,new,0,0,47.08,0.0
2893,lifestyle,male,adult,returning,0,0,33.75,0.0
2894,lifestyle,female,young,returning,0,1,79.72,142.66
2895,studio,male,adult,new,0,0,32.27,0.0
2896,lifestyle,male,young,new,0,0,38.36,0.0
2897,lifestyle,female,adult,new,0,0,57.7,0.0
2898,studio,female,young,returning,0,0,43.77,0.0
2899,studio,female,young,returning,0,0,40.54,0.0
2900,studio,male,adult,new,0,0,43.06,0.0
2901,studio,female,young,new,0,1,44.17,114.15
2902,lifestyle,male,adult,new,0,0,49.42,0.0
2903,studio,male,senior,new,0,0,38.01,0.0
2904,studio,female,senior,new,0,0,43.61,0.0
2905,lifestyle,female,young,returning,0,0,46.85,0.0
2906,studio,female,adult,new,0,0,23.89,0.0
2907,lifestyle,female,adult,returning,0,0,47.94,0.0
2908,studio,female,senior,new,0,0,38.14,0.0
2909,studio,female,adult,returning,0,0,22.6,0.0
2910,studio,female,young,returning,0,0,33.53,0.0
2911,studio,female,adult,new,0,0,35.2,0.0
2912,studio,female,young,returning,0,0,40.94,0.0
2913,lifestyle,female,adult,new,0,0,18.12,0.0
2914,lifestyle,male,adult,new,0,0,45.88,0.0
2915,studio,female,adult,new,0,0,29.88,0.0
2916,lifestyle,female,adult,new,0,0,50.1,0.0
2917,lifestyle,male,senior,new,0,0,46.98,0.0
2918,lifestyle,female,senior,returning,0,0,43.67,0.0
2919,studio,male,adult,new,0,0,33.22,0.0
2920,studio,female,adult,new,0,0,38.33,0.0
2921,studio,female,adult,returning,0,0,44.08,0.0
2922,lifestyle,male,senior,returning,0,0,38.09,0.0
2923,lifestyle,male,young,new,0,0,38.56,0.0
2924,studio,female,young,new,0,0,49.69,0.0
2925,studio,male,young,new,0,0,31.39,0.0
2926,lifestyle,male,adult,new,0,0,45.67,0.0
2927,lifestyle,male,young,returning,0,0,29.66,0.0
2928,lifestyle,female,adult,new,0,0,24.85,0.0
2929,lifestyle,female,adult,new,0,0,31.6,0.0
2930,studio,female,adult,returning,0,0,28.1,0.0
2931,lifestyle,male,adult,new,0,0,52.4,0.0
2932,lifestyle,female,young,new,0,0,53.5,0.0
2933,studio,female,senior,returning,0,0,20.75,0.0
2934,lifestyle,male,senior,returning,0,0,41.59,0.0
2935,lifestyle,female,adult,new,0,0,48.98,0.0
2936,studio,female,senior,returning,0,0,38.95,0.0
2937,lifestyle,female,young,new,0,0,57.05,0.0
2938,lifestyle,male,adult,returning,0,0,48.74,0.0
2939,lifestyle,male,young,returning,0,0,39.32,0.0
2940,studio,male,adult,new,0,1,53.21,117.23
2941,studio,male,young,new,0,0,34.43,0.0
2942,lifestyle,female,adult,new,0,0,33.54,0.0
2943,studio,male,young,returning,1,0,59.39,0.0
2944,lifestyle,female,adult,returning,1,0,64.42,0.0
2945,lifestyle,male,adult,new,0,0,46.54,0.0
2946,studio,male,senior,returning,1,0,57.43,0.0
2947,lifestyle,female,adult,returning,0,0,31.82,0.0
2948,lifestyle,male,young,returning,0,0,47.04,0.0
2949,studio,female,young,returning,0,0,36.29,0.0
2950,lifestyle,male,adult,new,0,0,62.02,0.0
2951,lifestyle,male,adult,new,0,0,29.07,0.0
2952,lifestyle,female,adult,returning,0,0,34.77,0.0
2953,lifestyle,female,adult,returning,1,0,41.13,0.0
2954,studio,male,young,new,0,0,32.82,0.0
2955,lifestyle,male,young,new,0,0,24.59,0.0
2956,lifestyle,female,adult,returning,0,0,53.86,0.0
2957,lifestyle,female,young,returning,0,0,52.92,0.0
2958,lifestyle,female,young,new,0,0,40.4,0.0
2959,studio,male,young,new,0,0,24.86,0.0
2960,lifestyle,female,young,returning,1,0,41.76,0.0
2961,studio,male,young,returning,1,0,42.96,0.0
2962,studio,male,senior,returning,0,0,46.25,0.0
2963,studio,female,adult,returning,0,0,27.13,0.0
2964,lifestyle,male,adult,new,0,0,61.09,0.0
2965,lifestyle,male,young,returning,0,0,56.91,0.0
2966,lifestyle,male,young,returning,0,0,42.01,0.0
2967,lifestyle,male,adult,new,0,0,37.38,0.0
2968,lifestyle,female,adult,returning,0,0,36.31,0.0
2969,lifestyle,female,young,returning,0,0,57.98,0.0
2970,studio,male,adult,returning,0,0,28.43,0.0
2971,studio,female,adult,new,0,0,44.34,0.0
2972,studio,female,adult,new,0,0,35.22,0.0
2973,lifestyle,female,young,new,0,0,49.14,0.0
2974,lifestyle,male,adult,new,0,0,33.8,0.0
2975,studio,female,adult,new,0,0,31.67,0.0
2976,studio,female,senior,new,0,0,39.76,0.0
2977,lifestyle,male,adult,new,0,0,35.69,0.0
2978,studio,male,young,returning,0,0,47.49,0.0
2979,lifestyle,male,adult,new,0,0,34.36,0.0
2980,lifestyle,female,adult,new,0,0,36.23,0.0
2981,studio,male,adult,new,0,0,48.59,0.0
2982,studio,female,adult,new,0,0,46.65,0.0
2983,lifestyle,male,senior,returning,0,0,62.88,0.0
2984,lifestyle,female,young,new,0,0,22.92,0.0
2985,lifestyle,male,young,new,0,0,44.01,0.0
2986,lifestyle,female,adult,new,0,0,42.9,0.0
2987,studio,female,young,new,0,0,29.38,0.0
2988,lifestyle,male,young,new,0,0,45.24,0.0
2989,lifestyle,male,adult,new,0,0,38.79,0.0
2990,lifestyle,male,adult,new,0,0,43.62,0.0
2991,studio,female,young,new,0,0,69.02,0.0
2992,lifestyle,female,adult,returning,0,0,45.17,0.0
2993,lifestyle,male,young,new,0,0,45.59,0.0
2994,studio,male,young,new,0,0,43.21,0.0
2995,studio,male,adult,new,0,0,36.81,0.0
2996,lifestyle,female,young,returning,0,0,31.02,0.0
2997,studio,female,adult,new,0,0,18.53,0.0
2998,studio,female,senior,new,0,0,39.71,0.0
2999,studio,male,adult,returning,0,0,32.31,0.0
3000,lifestyle,male,young,new,0,0,22.36,0.0
3001,lifestyle,female,adult,new,0,0,58.29,0.0
3002,lifestyle,male,young,new,0,0,43.07,0.0
3003,studio,female,young,returning,0,0,49.39,0.0
3004,lifestyle,male,adult,new,0,0,19.68,0.0
3005,lifestyle,male,adult,new,0,0,56.58,0.0
3006,lifestyle,female,young,returning,1,0,52.15,0.0
3007,lifestyle,female,young,new,0,0,54.59,0.0
3008,studio,female,senior,new,0,0,42.15,0.0
3009,lifestyle,male,adult,new,0,0,46.53,0.0
3010,studio,male,senior,new,0,0,44.55,0.0
3011,lifestyle,female,senior,new,0,0,42.75,0.0
3012,studio,female,adult,returning,0,0,28.53,0.0
3013,studio,female,young,new,0,0,31.39,0.0
3014,studio,male,adult,new,0,0,20.28,0.0
3015,lifestyle,female,young,new,0,0,37.19,0.0
3016,studio,female,young,new,1,0,43.03,0.0
3017,lifestyle,female,adult,new,1,0,42.04,0.0
3018,studio,female,adult,new,0,0,39.59,0.0
3019,studio,male,young,new,0,0,35.08,0.0
3020,lifestyle,female,adult,new,0,0,44.46,0.0
3021,studio,female,adult,returning,0,0,41.97,0.0
3022,studio,female,young,new,0,0,32.62,0.0
3023,lifestyle,female,young,new,0,0,32.61,0.0
3024,studio,female,young,new,0,0,38.04,0.0
3025,studio,female,adult,new,0,0,5.78,0.0
3026,studio,male,adult,new,0,0,33.92,0.0
3027,lifestyle,male,adult,returning,0,0,49.65,0.0
3028,lifestyle,male,adult,new,0,0,52.47,0.0
3029,lifestyle,male,young,new,0,0,36.71,0.0
3030,lifestyle,male,young,returning,0,0,19.59,0.0
3031,studio,male,young,new,0,0,8.67,0.0
3032,studio,male,young,returning,1,0,56.38,0.0
3033,lifestyle,male,young,returning,0,0,38.46,0.0
3034,studio,male,adult,returning,0,0,55.17,0.0
3035,studio,male,young,returning,0,0,20.89,0.0
3036,studio,female,adult,returning,0,0,38.42,0.0
3037,studio,female,adult,new,0,0,51.62,0.0
3038,lifestyle,male,adult,new,0,0,44.06,0.0
3039,studio,female,young,new,0,0,19.08,0.0
3040,lifestyle,female,senior,new,0,0,74.73,0.0
3041,studio,male,senior,returning,0,0,55.81,0.0
3042,lifestyle,female,young,new,0,1,59.73,133.6
3043,studio,female,adult,returning,0,0,43.19,0.0
3044,studio,female,adult,returning,0,1,63.3,169.92
3045,lifestyle,male,adult,returning,1,0,63.42,0.0
3046,lifestyle,female,young,new,0,0,28.18,0.0
3047,studio,male,adult,returning,0,0,38.24,0.0
3048,studio,female,adult,new,1,0,64.61,0.0
3049,studio,female,adult,returning,0,0,40.05,0.0
3050,studio,female,senior,new,0,0,43.97,0.0
3051,studio,female,adult,returning,0,0,29.63,0.0
3052,studio,male,young,new,0,0,25.96,0.0
3053,studio,female,adult,new,0,0,19.27,0.0
3054,studio,female,adult,new,0,0,42.57,0.0
3055,lifestyle,male,young,returning,0,0,39.79,0.0
3056,lifestyle,female,adult,returning,0,0,28.59,0.0
3057,lifestyle,male,senior,new,0,0,56.76,0.0
3058,studio,male,adult,new,0,0,29.13,0.0
3059,studio,female,young,new,0,0,26.42,0.0
3060,lifestyle,male,young,new,0,0,37.04,0.0
3061,studio,female,adult,new,0,0,33.07,0.0
3062,studio,male,adult,new,0,0,39.58,0.0
3063,lifestyle,male,young,returning,0,0,33.25,0.0
3064,lifestyle,female,adult,new,0,0,52.1,0.0
3065,lifestyle,male,young,returning,0,0,46.84,0.0
3066,studio,female,young,new,0,0,29.85,0.0
3067,studio,female,adult,new,0,0,33.4,0.0
3068,lifestyle,female,young,new,0,0,37.77,0.0
3069,studio,female,senior,new,0,0,40.66,0.0
3070,lifestyle,female,young,new,0,0,57.2,0.0
3071,lifestyle,male,adult,new,0,0,37.67,0.0
3072,lifestyle,female,adult,new,0,0,43.89,0.0
3073,studio,male,adult,new,0,0,28.01,0.0
3074,studio,female,adult,new,0,0,40.32,0.0
3075,lifestyle,female,adult,new,0,0,44.76,0.0
3076,lifestyle,female,adult,new,0,0,55.3,0.0
3077,lifestyle,female,adult,new,1,0,48.71,0.0
3078,studio,female,adult,new,0,0,41.91,0.0
3079,studio,female,adult,new,0,0,47.64,0.0
3080,lifestyle,female,adult,new,0,1,57.62,162.01
3081,lifestyle,male,adult,returning,0,0,40.73,0.0
3082,lifestyle,male,adult,returning,0,0,43.91,0.0
3083,studio,female,senior,new,0,0,37.63,0.0
3084,lifestyle,female,adult,new,0,0,43.77,0.0
3085,lifestyle,male,adult,new,1,0,63.73,0.0
3086,lifestyle,male,young,new,0,0,40.86,0.0
3087,studio,male,adult,new,1,0,48.78,0.0
3088,studio,female,adult,new,0,0,37.67,0.0
3089,lifestyle,female,adult,returning,0,1,58.01,171.5
3090,studio,male,adult,returning,0,0,31.5,0.0
3091,studio,male,adult,returning,0,0,26.01,0.0
3092,lifestyle,male,young,new,0,0,41.58,0.0
3093,studio,male,adult,new,0,0,39.48,0.0
3094,lifestyle,male,senior,new,0,0,44.31,0.0
3095,studio,female,young,new,1,0,42.26,0.0
3096,lifestyle,female,young,returning,0,0,41.04,0.0
3097,lifestyle,male,adult,new,0,0,45.97,0.0
3098,studio,male,adult,new,0,0,36.28,0.0
3099,studio,male,adult,new,0,0,57.3,0.0
3100,studio,male,adult,new,0,0,28.44,0.0
3101,studio,male,adult,new,0,0,33.5,0.0
3102,lifestyle,male,young,new,0,0,49.79,0.0
3103,lifestyle,male,adult,new,0,0,35.05,0.0
3104,studio,female,young,returning,1,0,69.28,0.0
3105,studio,female,adult,new,0,0,35.05,0.0
3106,studio,female,adult,new,0,0,40.61,0.0
3107,lifestyle,male,adult,new,0,0,42.19,0.0
3108,studio,female,adult,returning,0,0,45.19,0.0
3109,lifestyle,female,adult,new,0,0,31.37,0.0
3110,lifestyle,male,adult,returning,0,0,57.72,0.0
3111,lifestyle,male,young,new,1,0,59.32,0.0
3112,studio,female,young,new,0,0,41.58,0.0
3113,lifestyle,male,senior,new,0,0,39.62,0.0
3114,studio,male,senior,returning,0,0,43.37,0.0
3115,studio,female,senior,new,0,0,30.32,0.0
3116,lifestyle,female,young,new,0,0,53.76,0.0
3117,lifestyle,male,adult,new,1,0,44.1,0.0
3118,studio,female,adult,new,0,0,36.54,0.0
3119,studio,female,adult,new,1,0,46.12,0.0
3120,studio,male,adult,returning,0,0,19.37,0.0
3121,studio,female,adult,returning,0,0,25.65,0.0
3122,studio,male,adult,returning,0,0,39.5,0.0
3123,studio,male,young,new,0,0,26.03,0.0
3124,studio,female,young,new,0,0,28.31,0.0
3125,lifestyle,male,young,new,0,0,45.73,0.0
3126,lifestyle,male,adult,new,0,0,51.15,0.0
3127,lifestyle,male,young,returning,0,1,68.61,147.72
3128,studio,female,young,new,0,0,34.53,0.0
3129,lifestyle,female,adult,returning,1,0,59.18,0.0
3130,lifestyle,male,senior,returning,0,0,48.19,0.0
3131,lifestyle,female,adult,new,0,1,51.64,90.68
3132,lifestyle,male,young,new,0,0,44.79,0.0
3133,lifestyle,female,young,new,0,0,31.55,0.0
3134,lifestyle,male,young,new,0,0,48.14,0.0
3135,studio,female,senior,new,0,0,41.35,0.0
3136,lifestyle,female,adult,returning,0,0,20.36,0.0
3137,lifestyle,female,young,new,1,0,66.79,0.0
3138,lifestyle,male,adult,returning,0,0,36.78,0.0
3139,lifestyle,female,adult,returning,0,0,35.95,0.0
3140,studio,male,senior,returning,0,0,49.56,0.0
3141,studio,female,young,returning,0,1,53.37,159.74
3142,lifestyle,male,adult,new,0,0,47.97,0.0
3143,lifestyle,male,adult,returning,0,0,35.47,0.0
3144,lifestyle,male,senior,new,0,0,55.04,0.0
3145,studio,male,senior,new,0,0,41.97,0.0
3146,studio,female,adult,new,0,0,39.05,0.0
3147,lifestyle,female,young,new,0,0,40.21,0.0
3148,lifestyle,female,adult,returning,0,0,58.3,0.0
3149,lifestyle,female,senior,new,0,0,65.7,0.0
3150,studio,female,adult,new,0,0,12.96,0.0
3151,lifestyle,male,adult,new,1,0,66.26,0.0
3152,studio,male,adult,new,0,0,24.2,0.0
3153,lifestyle,male,adult,new,0,0,47.1,0.0
3154,studio,male,adult,new,1,0,32.22,0.0
3155,studio,male,adult,returning,0,0,39.03,0.0
3156,lifestyle,male,senior,new,1,0,53.64,0.0
3157,lifestyle,male,adult,new,0,0,37.41,0.0
3158,studio,male,adult,new,0,0,30.68,0.0
3159,lifestyle,female,young,new,0,0,34.65,0.0
3160,studio,male,young,returning,0,0,27.93,0.0
3161,studio,female,senior,new,0,0,36.02,0.0
3162,studio,female,young,new,0,0,33.46,0.0
3163,studio,female,adult,new,0,0,38.23,0.0
3164,lifestyle,male,adult,returning,0,0,60.61,0.0
3165,studio,male,adult,new,0,0,25.53,0.0
3166,studio,male,senior,new,0,0,41.27,0.0
3167,lifestyle,male,adult,new,0,0,49.73,0.0
3168,studio,male,senior,returning,0,0,32.91,0.0
3169,lifestyle,female,young,returning,0,0,19.43,0.0
3170,studio,female,adult,new,0,0,15.91,0.0
3171,lifestyle,female,adult,returning,0,0,19.8,0.0
3172,studio,male,young,new,0,0,50.4,0.0
3173,studio,male,adult,new,0,0,41.14,0.0
3174,studio,female,adult,new,1,0,57.56,0.0
3175,studio,male,adult,returning,0,0,44.81,0.0
3176,studio,female,young,new,0,0,29.25,0.0
3177,lifestyle,female,adult,returning,0,0,65.03,0.0
3178,lifestyle,male,young,new,0,0,45.35,0.0
3179,lifestyle,male,adult,returning,0,0,41.27,0.0
3180,lifestyle,male,adult,new,0,0,53.1,0.0
3181,studio,male,adult,new,0,0,41.67,0.0
3182,studio,male,adult,new,0,0,48.35,0.0
3183,studio,male,young,new,0,0,48.94,0.0
3184,studio,male,young,new,0,0,31.47,0.0
3185,lifestyle,female,young,new,0,0,43.87,0.0
3186,lifestyle,female,adult,returning,0,0,32.91,0.0
3187,studio,male,adult,new,0,0,18.72,0.0
3188,studio,female,young,new,0,0,43.37,0.0
3189,lifestyle,female,young,new,0,0,51.57,0.0
3190,lifestyle,female,adult,new,0,0,22.18,0.0
3191,studio,female,adult,new,0,0,27.83,0.0
3192,lifestyle,male,young,returning,0,1,62.56,170.98
3193,lifestyle,male,young,new,0,0,43.51,0.0
3194,studio,female,young,returning,0,0,55.45,0.0
3195,studio,female,adult,new,0,0,28.73,0.0
3196,lifestyle,female,young,returning,0,0,40.29,0.0
3197,lifestyle,female,adult,new,0,0,48.5,0.0
3198,lifestyle,female,adult,new,0,0,38.5,0.0
3199,studio,male,adult,new,1,0,44.95,0.0
3200,studio,male,young,returning,0,0,29.13,0.0
3201,lifestyle,male,adult,new,0,0,44.33,0.0
3202,lifestyle,female,adult,new,0,0,40.24,0.0
3203,studio,female,senior,new,0,0,46.82,0.0
3204,lifestyle,female,young,returning,1,0,60.57,0.0
3205,lifestyle,female,adult,new,0,0,12.85,0.0
3206,lifestyle,female,adult,new,0,0,24.48,0.0
3207,lifestyle,female,young,returning,0,0,36.99,0.0
3208,lifestyle,female,senior,returning,0,0,56.8,0.0
3209,studio,male,adult,returning,0,0,28.48,0.0
3210,lifestyle,female,adult,returning,1,0,60.75,0.0
3211,studio,female,young,new,1,0,55.98,0.0
3212,lifestyle,male,young,new,0,1,67.4,95.49
3213,studio,male,adult,returning,0,0,29.53,0.0
3214,lifestyle,female,young,returning,0,0,30.52,0.0
3215,studio,male,adult,returning,0,0,21.88,0.0
3216,studio,male,adult,returning,1,0,79.71,0.0
3217,studio,male,adult,new,0,0,39.55,0.0
3218,studio,female,adult,new,0,0,53.41,0.0
3219,lifestyle,female,young,new,0,0,33.67,0.0
3220,lifestyle,male,adult,returning,0,0,54.48,0.0
3221,lifestyle,male,adult,new,0,0,37.23,0.0
3222,studio,female,young,returning,0,0,34.71,0.0
3223,studio,female,young,new,0,0,32.14,0.0
3224,studio,female,young,new,0,0,26.21,0.0
3225,studio,male,young,new,0,0,26.36,0.0
3226,lifestyle,male,senior,returning,0,0,46.61,0.0
3227,studio,male,adult,new,0,0,29.13,0.0
3228,studio,female,young,returning,0,0,36.27,0.0
3229,studio,male,young,new,0,0,26.62,0.0
3230,studio,male,young,new,0,0,42.07,0.0
3231,lifestyle,male,adult,new,0,0,37.4,0.0
3232,lifestyle,male,young,returning,0,0,58.37,0.0
3233,studio,female,adult,new,0,0,34.49,0.0
3234,studio,male,adult,returning,0,0,33.98,0.0
3235,studio,female,adult,new,0,0,51.04,0.0
3236,studio,female,young,new,0,0,30.05,0.0
3237,studio,male,adult,new,0,0,30.93,0.0
3238,lifestyle,female,adult,new,0,0,34.99,0.0
3239,lifestyle,female,adult,new,0,0,44.04,0.0
3240,lifestyle,female,adult,new,0,0,34.65,0.0
3241,studio,male,adult,returning,0,0,42.77,0.0
3242,studio,male,adult,new,0,0,34.53,0.0
3243,lifestyle,male,adult,new,1,0,65.39,0.0
3244,lifestyle,female,senior,new,0,0,54.26,0.0
3245,lifestyle,female,adult,new,0,0,36.88,0.0
3246,studio,female,senior,new,0,0,32.63,0.0
3247,lifestyle,male,young,returning,0,0,38.72,0.0
3248,studio,male,adult,returning,0,0,35.09,0.0
3249,lifestyle,female,senior,returning,0,0,50.34,0.0
3250,lifestyle,female,young,new,0,0,46.45,0.0
3251,lifestyle,female,senior,new,1,0,61.68,0.0
3252,studio,male,young,new,1,0,43.19,0.0
3253,lifestyle,male,senior,new,0,0,41.13,0.0
3254,studio,male,adult,new,1,0,55.18,0.0
3255,studio,male,young,new,0,1,48.5,141.83
3256,studio,male,senior,returning,0,0,45.6,0.0
3257,lifestyle,male,young,returning,0,0,47.93,0.0
3258,studio,male,young,new,0,0,50.34,0.0
3259,studio,male,young,returning,0,0,30.19,0.0
3260,lifestyle,male,adult,returning,0,0,38.75,0.0
3261,studio,female,senior,new,1,1,51.87,116.92
3262,lifestyle,male,young,returning,0,0,32.57,0.0
3263,studio,female,adult,new,1,0,40.44,0.0
3264,studio,female,young,returning,0,0,40.06,0.0
3265,lifestyle,female,adult,new,0,0,60.07,0.0
3266,studio,female,young,new,0,0,40.81,0.0
3267,studio,male,young,new,0,1,64.91,112.53
3268,lifestyle,female,young,returning,0,0,34.89,0.0
3269,lifestyle,female,adult,new,0,0,30.02,0.0
3270,lifestyle,female,senior,new,0,0,44.58,0.0
3271,studio,male,adult,new,0,0,28.76,0.0
3272,studio,male,young,new,0,0,26.39,0.0
3273,lifestyle,male,adult,returning,0,0,44.18,0.0
3274,lifestyle,female,adult,returning,0,0,30.14,0.0
3275,lifestyle,female,young,returning,1,0,65.26,0.0
3276,lifestyle,male,young,returning,0,0,38.01,0.0
3277,lifestyle,female,young,returning,0,0,41.55,0.0
3278,studio,female,adult,returning,0,0,36.0,0.0
3279,studio,male,adult,returning,0,0,30.33,0.0
3280,lifestyle,female,adult,new,0,0,54.66,0.0
3281,studio,female,young,new,0,0,18.94,0.0
3282,studio,male,young,returning,0,0,47.83,0.0
3283,lifestyle,female,senior,returning,0,0,43.53,0.0
3284,lifestyle,male,young,returning,0,0,51.21,0.0
3285,studio,female,senior,new,0,0,42.01,0.0
3286,studio,female,adult,returning,0,0,43.5,0.0
3287,studio,female,young,returning,0,0,33.82,0.0
3288,lifestyle,male,adult,new,0,0,44.38,0.0
3289,lifestyle,male,senior,new,0,0,57.98,0.0
3290,studio,male,adult,new,0,0,35.96,0.0
3291,studio,female,senior,returning,0,0,53.3,0.0
3292,lifestyle,male,young,returning,0,0,45.52,0.0
3293,studio,female,adult,returning,0,0,27.67,0.0
3294,lifestyle,male,adult,new,0,0,38.45,0.0
3295,lifestyle,male,senior,returning,0,1,75.88,68.06
3296,studio,male,adult,new,0,0,22.6,0.0
3297,lifestyle,female,adult,new,0,0,49.93,0.0
3298,studio,female,young,new,0,0,31.34,0.0
3299,studio,male,young,returning,0,0,22.1,0.0
3300,lifestyle,male,young,new,0,0,44.07,0.0
3301,studio,female,young,new,0,0,28.0,0.0
3302,lifestyle,male,young,new,0,0,36.28,0.0
3303,lifestyle,female,young,new,0,0,35.74,0.0
3304,studio,female,senior,returning,0,0,41.15,0.0
3305,studio,female,adult,new,1,0,46.1,0.0
3306,studio,female,adult,new,0,0,38.91,0.0
3307,studio,female,senior,returning,0,0,50.12,0.0
3308,studio,female,young,new,0,0,40.42,0.0
3309,studio,female,adult,returning,0,0,53.05,0.0
3310,studio,female,adult,new,0,0,55.51,0.0
3311,lifestyle,male,young,returning,0,0,39.1,0.0
3312,lifestyle,male,adult,new,0,0,30.47,0.0
3313,lifestyle,male,young,returning,0,0,39.11,0.0
3314,studio,female,young,returning,0,1,56.18,126.43
3315,studio,female,young,new,0,0,57.26,0.0
3316,lifestyle,male,senior,new,0,0,43.25,0.0
3317,studio,male,adult,new,0,0,37.78,0.0
3318,studio,male,adult,new,0,0,28.19,0.0
3319,lifestyle,female,adult,new,0,0,38.53,0.0
3320,lifestyle,female,young,returning,0,0,29.86,0.0
3321,lifestyle,female,adult,new,0,0,27.37,0.0
3322,studio,male,adult,new,0,0,48.61,0.0
3323,lifestyle,female,young,new,0,0,52.66,0.0
3324,lifestyle,male,adult,new,0,0,38.3,0.0
3325,lifestyle,female,young,new,0,0,52.63,0.0
3326,lifestyle,male,young,returning,0,0,28.93,0.0
3327,lifestyle,female,adult,returning,0,0,40.27,0.0
3328,lifestyle,male,adult,new,0,0,43.74,0.0
3329,studio,male,adult,new,0,0,47.66,0.0
3330,lifestyle,female,adult,new,0,0,43.98,0.0
3331,lifestyle,male,adult,returning,1,0,62.45,0.0
3332,lifestyle,male,adult,returning,0,0,37.3,0.0
3333,studio,female,adult,returning,0,0,37.64,0.0
3334,studio,female,adult,new,0,1,67.64,76.19
3335,lifestyle,male,senior,returning,0,0,30.83,0.0
3336,lifestyle,female,senior,new,0,0,58.36,0.0
3337,lifestyle,female,adult,new,0,0,39.9,0.0
3338,lifestyle,male,adult,returning,0,0,27.94,0.0
3339,lifestyle,male,adult,new,0,0,39.33,0.0
3340,lifestyle,male,adult,new,0,0,54.9,0.0
3341,lifestyle,female,young,new,0,0,37.18,0.0
3342,lifestyle,male,adult,new,0,0,44.99,0.0
3343,lifestyle,male,senior,new,0,0,30.87,0.0
3344,studio,female,adult,new,0,0,16.74,0.0
3345,studio,female,adult,new,0,0,24.23,0.0
3346,lifestyle,male,young,returning,0,0,52.13,0.0
3347,studio,female,adult,new,0,0,34.49,0.0
3348,studio,male,young,returning,0,0,46.0,0.0
3349,studio,male,young,new,0,0,46.58,0.0
3350,studio,female,adult,new,0,0,27.42,0.0
3351,studio,female,adult,new,0,0,50.67,0.0
3352,studio,male,adult,new,0,0,29.56,0.0
3353,lifestyle,female,adult,returning,0,0,52.0,0.0
3354,lifestyle,female,young,new,1,0,66.59,0.0
3355,studio,male,young,returning,0,0,35.65,0.0
3356,studio,female,senior,returning,0,0,40.67,0.0
3357,lifestyle,male,young,new,0,0,45.2,0.0
3358,studio,female,young,new,0,0,36.15,0.0
3359,lifestyle,female,adult,new,0,0,38.1,0.0
3360,lifestyle,male,senior,new,0,0,42.24,0.0
3361,lifestyle,male,adult,new,1,0,53.18,0.0
3362,studio,male,young,returning,0,0,47.18,0.0
3363,lifestyle,male,young,new,0,0,26.12,0.0
3364,studio,male,senior,returning,0,0,35.03,0.0
3365,lifestyle,male,adult,returning,0,1,58.74,154.25
3366,lifestyle,female,adult,new,0,0,39.72,0.0
3367,studio,male,young,new,1,0,52.97,0.0
3368,studio,female,young,returning,0,0,21.52,0.0
3369,studio,female,young,new,0,0,45.25,0.0
3370,lifestyle,male,adult,new,0,0,50.87,0.0
3371,studio,female,young,new,0,0,41.74,0.0
3372,lifestyle,male,senior,returning,0,0,44.92,0.0
3373,studio,male,young,returning,0,0,27.62,0.0
3374,lifestyle,female,adult,new,0,0,38.75,0.0
3375,lifestyle,male,young,new,0,0,42.61,0.0
3376,lifestyle,female,adult,returning,0,0,48.66,0.0
3377,lifestyle,female,young,returning,0,0,41.19,0.0
3378,studio,female,adult,new,0,0,38.6,0.0
3379,studio,female,adult,returning,0,0,30.66,0.0
3380,lifestyle,female,young,new,0,0,44.86,0.0
3381,studio,male,adult,new,0,0,32.51,0.0
3382,studio,male,adult,new,0,0,37.68,0.0
3383,studio,female,senior,new,0,0,22.33,0.0
3384,studio,male,senior,returning,0,0,44.87,0.0
3385,studio,male,senior,new,0,0,45.4,0.0
3386,lifestyle,male,young,new,0,0,47.29,0.0
3387,studio,female,young,returning,0,1,45.13,155.96
3388,lifestyle,male,senior,returning,0,0,39.9,0.0
3389,studio,female,adult,new,0,0,26.31,0.0
3390,lifestyle,male,young,new,0,0,45.3,0.0
3391,studio,male,adult,returning,0,0,41.58,0.0
3392,lifestyle,male,young,returning,0,0,35.03,0.0
3393,lifestyle,male,adult,returning,0,0,55.16,0.0
3394,studio,female,adult,new,0,0,48.02,0.0
3395,lifestyle,male,adult,new,0,0,43.38,0.0
3396,lifestyle,male,young,returning,0,0,45.71,0.0
3397,lifestyle,female,adult,returning,0,0,25.2,0.0
3398,lifestyle,female,adult,new,0,0,36.71,0.0
3399,studio,male,adult,new,0,0,22.48,0.0
3400,lifestyle,male,young,returning,0,1,52.9,180.74
3401,studio,female,adult,new,0,0,40.15,0.0
3402,studio,female,adult,new,0,0,42.56,0.0
3403,lifestyle,male,adult,new,1,0,64.98,0.0
3404,studio,male,adult,new,0,0,37.42,0.0
3405,lifestyle,male,adult,new,0,0,47.23,0.0
3406,lifestyle,male,young,new,0,0,26.11,0.0
3407,lifestyle,female,adult,new,0,0,29.1,0.0
3408,lifestyle,female,adult,returning,0,0,39.91,0.0
3409,studio,male,young,returning,0,0,40.97,0.0
3410,studio,female,adult,returning,0,0,30.53,0.0
3411,studio,male,young,returning,0,0,21.39,0.0
3412,studio,male,young,returning,1,0,43.08,0.0
3413,studio,male,senior,new,0,0,30.67,0.0
3414,studio,male,senior,new,0,0,22.76,0.0
3415,lifestyle,female,adult,new,0,0,64.24,0.0
3416,lifestyle,male,adult,new,0,0,54.33,0.0
3417,studio,male,senior,new,0,0,20.24,0.0
3418,lifestyle,female,senior,returning,0,0,27.78,0.0
3419,studio,female,adult,new,1,0,41.94,0.0
3420,studio,female,adult,new,0,0,20.11,0.0
3421,lifestyle,female,adult,returning,0,0,65.83,0.0
3422,lifestyle,male,young,new,0,0,33.98,0.0
3423,lifestyle,female,adult,returning,0,0,45.62,0.0
3424,studio,female,adult,new,0,0,29.94,0.0
3425,lifestyle,female,adult,new,0,1,50.33,97.26
3426,lifestyle,female,senior,returning,0,0,57.47,0.0
3427,lifestyle,male,young,new,0,0,48.55,0.0
3428,lifestyle,female,adult,new,0,0,41.4,0.0
3429,lifestyle,male,young,new,0,0,65.82,0.0
3430,lifestyle,male,young,returning,0,0,44.35,0.0
3431,lifestyle,male,senior,new,0,0,42.44,0.0
3432,lifestyle,female,adult,returning,0,0,61.15,0.0
3433,lifestyle,male,adult,returning,0,1,66.04,121.9
3434,studio,female,young,new,0,0,51.28,0.0
3435,lifestyle,male,adult,returning,1,0,56.61,0.0
3436,studio,female,adult,returning,0,0,4.86,0.0
3437,studio,male,young,new,0,0,19.41,0.0
3438,lifestyle,female,young,returning,1,0,67.83,0.0
3439,lifestyle,female,young,returning,0,0,36.11,0.0
3440,lifestyle,male,adult,new,0,0,44.53,0.0
3441,studio,male,senior,returning,0,0,51.34,0.0
3442,lifestyle,female,adult,new,0,0,43.79,0.0
3443,studio,female,senior,new,0,0,31.41,0.0
3444,lifestyle,female,adult,returning,0,0,41.89,0.0
3445,lifestyle,male,senior,new,0,0,48.07,0.0
3446,lifestyle,female,adult,returning,1,0,52.92,0.0
3447,lifestyle,male,adult,new,0,0,28.15,0.0
3448,lifestyle,female,adult,new,1,0,53.45,0.0
3449,lifestyle,female,adult,returning,0,0,41.07,0.0
3450,studio,male,young,returning,0,0,20.57,0.0
3451,studio,female,young,returning,0,1,45.82,105.65
3452,lifestyle,female,senior,returning,0,0,39.83,0.0
3453,lifestyle,female,young,new,0,0,23.4,0.0
3454,studio,male,senior,returning,1,1,76.28,121.61
3455,lifestyle,male,adult,new,0,0,44.37,0.0
3456,studio,female,young,new,0,0,29.56,0.0
3457,lifestyle,male,adult,new,0,0,28.31,0.0
3458,lifestyle,male,adult,returning,0,0,46.07,0.0
3459,lifestyle,female,young,new,1,0,62.46,0.0
3460,lifestyle,male,adult,new,0,0,42.99,0.0
3461,studio,female,adult,new,0,0,35.42,0.0
3462,studio,male,young,new,0,0,40.94,0.0
3463,lifestyle,male,young,returning,1,0,56.05,0.0
3464,lifestyle,female,young,new,0,0,32.82,0.0
3465,studio,female,young,new,0,0,34.3,0.0
3466,lifestyle,female,young,new,0,1,58.08,131.91
3467,studio,female,adult,new,1,0,49.3,0.0
3468,lifestyle,female,adult,new,0,0,50.84,0.0
3469,lifestyle,male,senior,new,0,0,34.98,0.0
3470,studio,male,young,new,0,0,36.77,0.0
3471,studio,male,adult,new,0,0,22.47,0.0
3472,lifestyle,female,adult,returning,0,0,32.82,0.0
3473,lifestyle,male,senior,returning,0,0,62.74,0.0
3474,lifestyle,male,adult,new,0,0,46.57,0.0
3475,lifestyle,male,adult,new,0,0,43.61,0.0
3476,lifestyle,male,senior,returning,0,1,50.42,133.36
3477,lifestyle,male,young,new,1,1,74.64,93.73
3478,lifestyle,female,young,new,0,0,21.27,0.0
3479,studio,male,adult,new,0,0,35.37,0.0
3480,studio,female,adult,returning,0,0,22.53,0.0
3481,studio,female,young,returning,0,0,40.58,0.0
3482,lifestyle,male,adult,new,0,1,63.61,107.06
3483,studio,female,adult,new,0,0,22.84,0.0
3484,lifestyle,male,senior,new,0,0,50.82,0.0
3485,lifestyle,female,young,new,0,0,62.93,0.0
3486,lifestyle,female,young,new,0,0,39.97,0.0
3487,studio,female,adult,returning,0,0,43.8,0.0
3488,studio,female,adult,new,0,0,13.97,0.0
3489,studio,male,adult,new,0,0,39.68,0.0
3490,studio,male,adult,new,1,0,44.31,0.0
3491,studio,female,adult,new,0,1,52.31,110.68
3492,lifestyle,male,adult,returning,0,0,47.95,0.0
3493,lifestyle,male,senior,new,0,0,44.57,0.0
3494,lifestyle,male,adult,new,0,0,25.83,0.0
3495,lifestyle,female,senior,new,0,0,62.27,0.0
3496,studio,male,young,new,0,0,20.5,0.0
3497,lifestyle,female,adult,returning,0,0,33.6,0.0
3498,lifestyle,male,adult,new,0,0,43.28,0.0
3499,studio,male,adult,new,0,0,36.37,0.0
3500,lifestyle,female,adult,new,0,0,46.28,0.0
3501,studio,male,adult,returning,0,0,36.33,0.0
3502,lifestyle,female,senior,new,0,0,58.48,0.0
3503,lifestyle,male,adult,returning,0,0,46.9,0.0
3504,studio,male,adult,new,0,0,23.14,0.0
3505,lifestyle,male,young,returning,0,1,36.02,161.67
3506,lifestyle,female,young,new,0,0,43.51,0.0
3507,lifestyle,female,senior,new,0,0,61.66,0.0
3508,studio,female,adult,returning,0,0,22.48,0.0
3509,lifestyle,male,adult,new,0,0,31.5,0.0
3510,studio,female,adult,new,0,0,38.55,0.0
3511,studio,female,young,new,0,0,39.83,0.0
3512,studio,female,adult,new,0,0,46.22,0.0
3513,lifestyle,female,adult,new,1,0,73.41,0.0
3514,lifestyle,female,young,new,1,0,59.36,0.0
3515,lifestyle,male,young,new,0,0,32.73,0.0
3516,lifestyle,female,adult,new,0,0,33.04,0.0
3517,studio,male,adult,returning,0,0,29.56,0.0
3518,studio,female,young,new,0,0,45.31,0.0
3519,studio,male,adult,new,0,0,30.0,0.0
3520,studio,male,senior,returning,0,0,49.62,0.0
3521,studio,male,adult,returning,0,0,19.75,0.0
3522,studio,male,senior,new,0,0,42.87,0.0
3523,studio,male,senior,new,0,0,32.49,0.0
3524,studio,female,young,returning,0,0,40.22,0.0
3525,studio,female,young,new,0,0,32.44,0.0
3526,studio,female,adult,new,0,0,42.98,0.0
3527,lifestyle,female,adult,new,0,0,37.65,0.0
3528,lifestyle,male,adult,returning,0,0,41.74,0.0
3529,lifestyle,female,young,new,1,0,65.08,0.0
3530,studio,male,adult,returning,0,0,33.98,0.0
3531,studio,female,young,returning,0,0,35.58,0.0
3532,lifestyle,male,senior,new,0,0,54.6,0.0
3533,studio,male,young,returning,0,0,34.23,0.0
3534,studio,male,senior,new,0,0,24.15,0.0
3535,studio,male,young,new,0,0,29.29,0.0
3536,studio,male,young,returning,0,0,15.77,0.0
3537,studio,male,young,new,0,0,32.5,0.0
3538,studio,female,senior,new,0,0,44.71,0.0
3539,lifestyle,female,young,new,0,0,43.25,0.0
3540,studio,male,adult,new,1,0,63.95,0.0
3541,studio,male,senior,new,0,0,52.83,0.0
3542,lifestyle,female,adult,new,0,0,44.57,0.0
3543,studio,male,adult,new,0,0,11.08,0.0
3544,studio,female,senior,new,0,0,46.71,0.0
3545,lifestyle,male,senior,new,0,0,39.28,0.0
3546,studio,female,adult,new,0,0,43.81,0.0
3547,studio,female,adult,new,0,0,38.13,0.0
3548,studio,female,senior,new,0,0,46.56,0.0
3549,studio,female,senior,new,0,0,45.02,0.0
3550,lifestyle,male,adult,returning,0,0,65.9,0.0
3551,lifestyle,male,adult,new,0,0,47.21,0.0
3552,studio,female,young,new,0,0,22.2,0.0
3553,lifestyle,female,adult,returning,0,0,52.71,0.0
3554,lifestyle,male,young,new,0,1,57.7,145.04
3555,studio,female,young,new,0,0,48.45,0.0
3556,lifestyle,male,adult,new,0,0,57.43,0.0
3557,studio,male,adult,new,0,0,41.22,0.0
3558,studio,female,young,new,0,0,22.22,0.0
3559,studio,male,adult,returning,0,0,30.4,0.0
3560,studio,female,adult,new,0,0,48.41,0.0
3561,studio,male,senior,new,0,0,59.99,0.0
3562,lifestyle,male,senior,returning,0,0,47.62,0.0
3563,studio,female,adult,new,0,0,32.25,0.0
3564,studio,female,senior,new,1,1,63.2,143.18
3565,studio,male,young,new,0,0,23.33,0.0
3566,lifestyle,male,adult,new,0,0,44.33,0.0
3567,lifestyle,male,senior,returning,0,0,54.01,0.0
3568,lifestyle,male,adult,new,0,0,27.13,0.0
3569,lifestyle,female,adult,returning,1,0,65.29,0.0
3570,lifestyle,female,young,new,1,0,70.72,0.0
3571,studio,male,young,returning,1,0,56.31,0.0
3572,lifestyle,male,adult,new,0,0,58.53,0.0
3573,lifestyle,female,senior,returning,0,0,50.55,0.0
3574,lifestyle,female,adult,new,0,0,45.65,0.0
3575,lifestyle,female,senior,returning,0,0,50.46,0.0
3576,studio,female,senior,new,0,0,53.59,0.0
3577,studio,male,young,returning,0,0,40.38,0.0
3578,studio,female,adult,new,0,0,29.7,0.0
3579,lifestyle,female,adult,new,0,0,46.23,0.0
3580,studio,female,adult,new,0,0,39.33,0.0
3581,studio,male,young,new,1,1,67.88,181.38
3582,lifestyle,male,senior,new,0,0,57.23,0.0
3583,studio,male,adult,returning,0,0,35.91,0.0
3584,lifestyle,female,adult,new,0,0,49.05,0.0
3585,studio,male,adult,new,0,0,40.1,0.0
3586,studio,male,young,new,0,0,27.74,0.0
3587,studio,female,adult,new,0,0,25.2,0.0
3588,lifestyle,male,senior,returning,0,0,39.85,0.0
3589,studio,male,senior,new,0,0,39.19,0.0
3590,studio,male,young,new,0,0,50.92,0.0
3591,lifestyle,male,adult,new,0,0,41.53,0.0
3592,studio,male,adult,new,0,0,38.74,0.0
3593,lifestyle,female,young,new,0,0,50.73,0.0
3594,lifestyle,female,young,new,0,0,38.41,0.0
3595,studio,male,adult,new,0,0,30.85,0.0
3596,lifestyle,male,adult,new,0,0,52.52,0.0
3597,studio,female,young,new,0,0,40.68,0.0
3598,lifestyle,male,young,new,1,0,51.36,0.0
3599,studio,male,young,new,0,0,30.88,0.0
3600,lifestyle,female,young,returning,1,0,57.85,0.0
3601,studio,male,adult,returning,0,0,38.3,0.0
3602,lifestyle,male,young,returning,0,0,54.44,0.0
3603,studio,male,young,returning,0,0,40.32,0.0
3604,studio,female,senior,new,0,0,30.16,0.0
3605,studio,male,young,new,0,0,27.14,0.0
3606,studio,male,adult,new,0,0,38.1,0.0
3607,lifestyle,male,senior,new,0,0,48.43,0.0
3608,studio,female,adult,returning,0,0,26.56,0.0
3609,lifestyle,male,adult,new,0,0,52.53,0.0
3610,lifestyle,male,adult,new,0,0,19.52,0.0
3611,lifestyle,female,young,new,0,0,45.36,0.0
3612,studio,female,adult,new,0,0,19.53,0.0
3613,studio,male,adult,new,0,0,43.81,0.0
3614,lifestyle,male,young,new,0,0,39.35,0.0
3615,studio,female,adult,returning,0,0,42.48,0.0
3616,studio,female,senior,new,0,0,36.09,0.0
3617,lifestyle,male,young,new,0,0,55.26,0.0
3618,lifestyle,male,adult,new,0,0,23.34,0.0
3619,lifestyle,male,adult,new,0,0,50.79,0.0
3620,studio,male,adult,new,0,0,28.92,0.0
3621,lifestyle,female,adult,new,0,0,45.75,0.0
3622,studio,male,adult,new,0,0,39.17,0.0
3623,studio,female,adult,new,0,0,21.08,0.0
3624,lifestyle,female,young,new,0,0,51.97,0.0
3625,studio,male,young,new,0,0,38.94,0.0
3626,studio,male,adult,returning,0,0,36.17,0.0
3627,studio,female,adult,new,0,1,58.85,109.88
3628,lifestyle,male,senior,new,0,0,48.25,0.0
3629,lifestyle,female,adult,returning,0,0,50.35,0.0
3630,lifestyle,female,adult,new,0,0,37.29,0.0
3631,lifestyle,male,adult,new,0,0,50.36,0.0
3632,studio,male,young,new,1,0,55.72,0.0
3633,studio,male,adult,returning,0,0,33.28,0.0
3634,studio,female,adult,returning,0,0,53.46,0.0
3635,studio,female,senior,new,0,0,44.52,0.0
3636,studio,female,adult,returning,0,1,56.95,147.37
3637,lifestyle,female,senior,new,1,0,67.74,0.0
3638,studio,male,adult,returning,0,0,33.95,0.0
3639,studio,female,young,new,0,0,47.01,0.0
3640,studio,female,young,returning,0,0,34.79,0.0
3641,studio,female,young,new,0,0,43.19,0.0
3642,lifestyle,male,adult,new,0,0,31.32,0.0
3643,studio,female,young,new,0,0,17.04,0.0
3644,studio,female,adult,returning,0,0,39.03,0.0
3645,lifestyle,female,senior,returning,0,0,43.16,0.0
3646,studio,female,adult,new,0,0,33.07,0.0
3647,studio,female,adult,returning,0,0,11.59,0.0
3648,studio,female,young,new,0,0,52.01,0.0
3649,lifestyle,female,adult,returning,0,0,43.05,0.0
3650,lifestyle,female,young,new,0,0,55.35,0.0
3651,lifestyle,male,senior,new,0,0,33.07,0.0
3652,studio,male,young,new,0,0,35.99,0.0
3653,lifestyle,male,adult,new,0,0,46.08,0.0
3654,studio,female,adult,returning,1,0,51.34,0.0
3655,studio,female,adult,returning,0,0,37.33,0.0
3656,studio,female,adult,returning,0,0,21.1,0.0
3657,studio,male,young,new,0,0,38.17,0.0
3658,lifestyle,male,adult,returning,0,0,33.57,0.0
3659,lifestyle,male,adult,new,0,1,55.82,186.36
3660,lifestyle,male,adult,returning,0,0,42.17,0.0
3661,lifestyle,female,adult,new,0,0,38.48,0.0
3662,lifestyle,male,young,new,0,0,39.06,0.0
3663,studio,female,adult,returning,0,0,46.24,0.0
3664,studio,female,senior,returning,0,0,38.44,0.0
3665,lifestyle,male,adult,new,0,0,38.03,0.0
3666,studio,female,senior,new,0,0,38.77,0.0
3667,lifestyle,male,adult,new,0,0,30.89,0.0
3668,studio,male,young,new,0,0,36.63,0.0
3669,studio,female,young,returning,0,0,42.22,0.0
3670,studio,female,adult,returning,0,0,38.14,0.0
3671,studio,male,adult,new,0,0,35.37,0.0
3672,studio,male,adult,new,0,0,41.01,0.0
3673,lifestyle,male,adult,returning,0,0,36.46,0.0
3674,studio,male,senior,new,0,0,40.39,0.0
3675,lifestyle,female,adult,new,0,0,55.98,0.0
3676,studio,female,adult,returning,1,0,47.06,0.0
3677,studio,male,young,returning,1,0,56.08,0.0
3678,studio,female,adult,new,0,0,41.33,0.0
3679,lifestyle,male,senior,new,0,0,39.42,0.0
3680,studio,male,young,new,0,0,41.88,0.0
3681,lifestyle,female,senior,new,0,0,40.93,0.0
3682,studio,female,senior,new,1,0,59.29,0.0
3683,lifestyle,female,adult,new,0,0,35.77,0.0
3684,studio,female,young,returning,0,0,37.81,0.0
3685,lifestyle,female,young,returning,1,1,78.29,156.86
3686,lifestyle,male,young,returning,0,0,43.12,0.0
3687,lifestyle,female,young,new,0,0,44.72,0.0
3688,studio,female,adult,new,0,0,29.69,0.0
3689,studio,male,young,returning,0,0,23.34,0.0
3690,studio,female,adult,returning,0,0,35.82,0.0
3691,lifestyle,female,adult,returning,1,0,68.03,0.0
3692,lifestyle,male,young,returning,1,1,82.83,165.3
3693,lifestyle,female,adult,returning,0,0,46.47,0.0
3694,studio,male,senior,new,0,0,34.89,0.0
3695,studio,female,adult,new,0,0,36.86,0.0
3696,studio,male,adult,new,0,0,26.7,0.0
3697,lifestyle,female,adult,new,0,0,37.76,0.0
3698,lifestyle,male,adult,new,0,0,45.57,0.0
3699,lifestyle,male,senior,returning,1,0,43.83,0.0
3700,studio,male,young,new,1,0,67.3,0.0
3701,lifestyle,female,senior,returning,0,0,33.66,0.0
3702,lifestyle,female,young,new,0,0,60.89,0.0
3703,studio,female,senior,new,0,0,31.61,0.0
3704,lifestyle,female,young,returning,0,1,53.51,132.12
3705,lifestyle,male,senior,new,0,0,43.02,0.0
3706,lifestyle,male,senior,new,0,0,42.61,0.0
3707,lifestyle,female,young,new,0,0,35.95,0.0
3708,studio,male,senior,returning,0,0,36.29,0.0
3709,studio,female,young,returning,0,0,35.92,0.0
3710,lifestyle,female,young,returning,1,0,48.03,0.0
3711,studio,male,adult,returning,0,0,43.41,0.0
3712,lifestyle,male,senior,returning,0,0,61.12,0.0
3713,lifestyle,female,adult,new,0,0,22.55,0.0
3714,lifestyle,male,adult,new,0,1,80.55,131.17
3715,lifestyle,male,adult,new,0,0,49.73,0.0
3716,studio,male,senior,new,0,0,42.58,0.0
3717,studio,female,adult,returning,0,0,29.26,0.0
3718,studio,female,young,new,0,0,36.67,0.0
3719,studio,male,young,new,0,0,43.97,0.0
3720,studio,male,young,new,0,0,61.1,0.0
3721,studio,male,adult,new,0,0,56.92,0.0
3722,lifestyle,female,young,returning,0,0,26.71,0.0
3723,lifestyle,male,young,new,0,0,39.92,0.0
3724,studio,male,senior,returning,0,0,40.78,0.0
3725,studio,female,young,new,0,0,48.44,0.0
3726,lifestyle,female,adult,returning,1,0,56.16,0.0
3727,studio,female,adult,new,0,0,27.45,0.0
3728,studio,female,young,new,0,0,35.54,0.0
3729,studio,male,adult,returning,0,0,31.15,0.0
3730,lifestyle,male,adult,new,0,0,51.87,0.0
3731,studio,male,senior,new,0,0,63.88,0.0
3732,lifestyle,male,young,new,0,0,51.11,0.0
3733,studio,female,adult,new,0,0,44.51,0.0
3734,lifestyle,female,adult,returning,0,0,54.36,0.0
3735,studio,female,adult,new,0,0,39.55,0.0
3736,studio,male,adult,new,0,0,31.01,0.0
3737,lifestyle,female,senior,new,0,0,44.0,0.0
3738,lifestyle,female,adult,new,0,0,52.96,0.0
3739,lifestyle,male,adult,new,0,1,64.89,156.36
3740,lifestyle,female,adult,returning,0,0,32.18,0.0
3741,lifestyle,male,adult,new,0,0,55.09,0.0
3742,lifestyle,male,young,returning,0,0,34.26,0.0
3743,lifestyle,female,young,new,0,0,30.73,0.0
3744,studio,female,young,returning,0,0,26.23,0.0
3745,studio,male,young,returning,1,0,53.06,0.0
3746,studio,male,young,new,0,0,44.73,0.0
3747,lifestyle,female,young,returning,0,0,44.55,0.0
3748,studio,female,senior,new,0,0,34.43,0.0
3749,studio,female,senior,new,1,0,46.92,0.0
3750,lifestyle,male,adult,new,1,0,64.71,0.0
3751,lifestyle,male,adult,returning,1,0,56.07,0.0
3752,lifestyle,male,young,new,0,0,45.41,0.0
3753,studio,male,senior,new,0,0,38.6,0.0
3754,lifestyle,male,adult,returning,0,0,44.99,0.0
3755,studio,male,young,new,0,0,38.9,0.0
3756,studio,female,young,new,0,0,59.25,0.0
3757,studio,male,young,returning,1,0,54.02,0.0
3758,studio,female,young,new,0,0,31.13,0.0
3759,studio,male,young,new,1,0,51.76,0.0
3760,lifestyle,male,young,returning,0,0,32.5,0.0
3761,studio,male,young,new,0,1,45.42,110.48
3762,lifestyle,female,young,new,0,0,54.5,0.0
3763,lifestyle,male,senior,new,0,0,50.04,0.0
3764,studio,female,young,returning,0,0,46.19,0.0
3765,studio,female,young,new,0,0,18.75,0.0
3766,studio,female,adult,new,1,0,40.24,0.0
3767,lifestyle,male,senior,new,0,0,49.98,0.0
3768,studio,female,adult,new,0,0,26.76,0.0
3769,studio,female,senior,returning,0,0,25.76,0.0
3770,studio,male,young,new,0,0,24.21,0.0
3771,lifestyle,female,young,new,0,0,38.79,0.0
3772,lifestyle,female,young,new,0,0,46.13,0.0
3773,studio,female,adult,new,0,0,52.15,0.0
3774,lifestyle,female,adult,new,0,0,31.47,0.0
3775,lifestyle,female,adult,new,0,0,31.99,0.0
3776,lifestyle,female,young,new,0,0,27.49,0.0
3777,lifestyle,male,adult,new,0,0,47.73,0.0
3778,lifestyle,female,young,returning,0,0,43.25,0.0
3779,lifestyle,female,adult,new,0,0,32.35,0.0
3780,lifestyle,female,adult,new,0,0,33.69,0.0
3781,studio,female,adult,returning,0,0,33.76,0.0
3782,studio,male,young,new,1,1,69.33,116.22
3783,studio,male,adult,new,0,0,24.6,0.0
3784,lifestyle,male,adult,returning,0,0,43.77,0.0
3785,lifestyle,male,young,new,0,0,28.24,0.0
3786,studio,male,senior,returning,0,0,40.49,0.0
3787,lifestyle,female,adult,returning,0,0,40.22,0.0
3788,studio,male,adult,new,0,0,39.01,0.0
3789,studio,female,young,returning,0,0,47.11,0.0
3790,lifestyle,female,adult,new,0,0,38.29,0.0
3791,studio,male,young,new,0,0,35.0,0.0
3792,studio,male,adult,new,1,0,30.19,0.0
3793,lifestyle,female,adult,new,0,0,61.72,0.0
3794,lifestyle,female,adult,new,0,0,23.39,0.0
3795,studio,female,young,new,0,0,34.17,0.0
3796,lifestyle,female,adult,returning,0,0,16.51,0.0
3797,lifestyle,female,young,new,0,0,33.74,0.0
3798,studio,female,adult,new,0,0,52.35,0.0
3799,studio,female,adult,new,0,0,46.45,0.0
3800,lifestyle,female,adult,new,0,1,71.85,129.56
3801,studio,female,young,new,0,0,33.07,0.0
3802,lifestyle,male,adult,returning,0,0,58.51,0.0
3803,lifestyle,female,young,new,0,0,44.57,0.0
3804,lifestyle,male,adult,new,0,0,48.9,0.0
3805,studio,female,young,new,0,0,61.47,0.0
3806,lifestyle,male,adult,returning,0,0,52.9,0.0
3807,studio,male,adult,new,0,0,34.35,0.0
3808,studio,male,young,new,0,0,40.1,0.0
3809,studio,male,young,returning,0,0,49.04,0.0
3810,studio,male,young,new,0,1,61.22,90.94
3811,lifestyle,female,adult,returning,0,0,49.83,0.0
3812,studio,male,adult,returning,0,1,67.88,140.9
3813,studio,male,adult,new,0,0,60.3,0.0
3814,lifestyle,male,adult,returning,0,0,32.65,0.0
3815,studio,female,young,returning,0,1,62.02,136.38
3816,lifestyle,male,senior,new,1,0,66.6,0.0
3817,studio,male,young,new,0,0,31.14,0.0
3818,lifestyle,female,young,new,0,0,35.53,0.0
3819,lifestyle,female,adult,new,1,0,73.52,0.0
3820,studio,male,adult,new,0,0,24.78,0.0
3821,studio,male,adult,new,0,0,20.91,0.0
3822,studio,male,adult,new,0,0,29.37,0.0
3823,lifestyle,female,senior,returning,0,0,29.18,0.0
3824,studio,male,adult,returning,0,0,26.54,0.0
3825,studio,female,young,new,0,0,24.47,0.0
3826,studio,male,adult,new,1,0,50.86,0.0
3827,studio,female,adult,new,0,0,49.45,0.0
3828,studio,male,adult,new,0,0,29.11,0.0
3829,lifestyle,male,adult,returning,0,0,50.65,0.0
3830,studio,male,senior,new,0,0,47.51,0.0
3831,studio,male,adult,new,0,0,12.8,0.0
3832,lifestyle,male,young,new,0,0,36.48,0.0
3833,lifestyle,female,adult,new,0,0,38.24,0.0
3834,studio,female,young,new,0,0,38.81,0.0
3835,studio,male,young,new,0,0,40.7,0.0
3836,studio,female,adult,new,0,0,38.31,0.0
3837,lifestyle,female,young,new,1,1,68.05,85.95
3838,studio,female,adult,new,0,0,28.67,0.0
3839,lifestyle,male,adult,new,0,0,26.97,0.0
3840,lifestyle,female,adult,returning,0,0,42.66,0.0
3841,lifestyle,male,senior,new,1,0,58.33,0.0
3842,studio,female,young,new,0,0,40.33,0.0
3843,studio,male,adult,returning,0,0,41.97,0.0
3844,studio,male,adult,returning,0,0,31.66,0.0
3845,studio,male,young,new,0,0,37.82,0.0
3846,lifestyle,male,young,new,0,0,39.84,0.0
3847,lifestyle,female,young,new,0,0,30.87,0.0
3848,lifestyle,male,adult,new,0,0,34.0,0.0
3849,lifestyle,female,adult,new,1,0,34.31,0.0
3850,studio,male,young,returning,0,0,31.04,0.0
3851,studio,male,adult,returning,0,0,29.06,0.0
3852,studio,female,young,returning,0,0,24.05,0.0
3853,lifestyle,female,adult,new,0,0,50.19,0.0
3854,lifestyle,male,senior,returning,0,0,52.26,0.0
3855,lifestyle,male,young,new,0,0,47.54,0.0
3856,studio,female,senior,new,1,0,61.92,0.0
3857,studio,male,adult,returning,0,1,54.98,103.23
3858,lifestyle,female,senior,new,0,0,46.88,0.0
3859,studio,female,young,new,0,0,43.3,0.0
3860,lifestyle,male,young,returning,0,0,48.67,0.0
3861,lifestyle,male,young,new,0,0,52.27,0.0
3862,lifestyle,male,adult,new,0,0,41.56,0.0
3863,studio,male,adult,new,0,0,25.14,0.0
3864,studio,female,young,returning,0,0,37.37,0.0
3865,studio,female,adult,new,0,0,29.22,0.0
3866,studio,female,young,new,0,0,41.54,0.0
3867,studio,female,young,new,0,0,37.88,0.0
3868,lifestyle,male,adult,returning,0,1,62.51,140.71
3869,lifestyle,female,young,new,0,0,38.08,0.0
3870,studio,male,young,new,0,0,45.01,0.0
3871,studio,female,adult,new,0,0,44.24,0.0
3872,studio,male,senior,new,0,0,34.4,0.0
3873,studio,female,adult,new,1,1,57.72,145.31
3874,lifestyle,female,adult,new,0,0,43.79,0.0
3875,studio,male,adult,new,0,0,46.86,0.0
3876,studio,male,adult,returning,0,0,22.38,0.0
3877,studio,female,young,returning,0,0,39.7,0.0
3878,lifestyle,male,adult,new,0,0,33.79,0.0
3879,lifestyle,female,adult,new,0,0,31.83,0.0
3880,studio,female,adult,new,0,0,44.31,0.0
3881,lifestyle,female,adult,new,0,0,48.5,0.0
3882,lifestyle,male,adult,new,0,0,40.48,0.0
3883,lifestyle,female,adult,new,0,0,49.89,0.0
3884,studio,male,senior,new,0,0,46.84,0.0
3885,lifestyle,male,young,new,0,0,27.14,0.0
3886,lifestyle,female,senior,new,1,0,62.84,0.0
3887,lifestyle,female,young,new,0,0,56.13,0.0
3888,lifestyle,male,young,new,1,0,61.74,0.0
3889,lifestyle,male,adult,new,0,0,15.84,0.0
3890,studio,female,adult,returning,0,0,24.29,0.0
3891,lifestyle,female,adult,new,0,0,51.96,0.0
3892,lifestyle,female,adult,new,0,0,36.43,0.0
3893,lifestyle,male,adult,returning,0,0,53.21,0.0
3894,studio,female,young,returning,1,0,70.46,0.0
3895,lifestyle,female,young,returning,1,0,54.62,0.0
3896,lifestyle,female,adult,new,0,0,35.82,0.0
3897,studio,female,adult,returning,0,0,24.94,0.0
3898,lifestyle,male,adult,returning,0,0,49.58,0.0
3899,lifestyle,female,adult,returning,0,0,35.97,0.0
3900,lifestyle,male,senior,new,0,0,42.98,0.0
3901,studio,male,adult,new,0,0,23.91,0.0
3902,studio,female,senior,returning,0,0,35.67,0.0
3903,lifestyle,female,young,returning,0,0,34.93,0.0
3904,studio,female,young,returning,0,0,15.18,0.0
3905,lifestyle,female,young,returning,0,0,33.61,0.0
3906,studio,male,young,new,0,0,42.46,0.0
3907,lifestyle,female,adult,new,0,0,55.49,0.0
3908,studio,male,adult,returning,0,0,33.93,0.0
3909,lifestyle,female,adult,returning,0,0,42.34,0.0
3910,studio,male,adult,returning,0,0,37.86,0.0
3911,studio,female,senior,returning,0,0,59.63,0.0
3912,studio,male,senior,new,0,0,29.9,0.0
3913,studio,female,young,new,0,0,22.38,0.0
3914,lifestyle,female,young,returning,0,0,41.48,0.0
3915,lifestyle,male,young,new,0,0,45.94,0.0
3916,studio,female,young,returning,0,0,34.67,0.0
3917,lifestyle,female,adult,returning,0,0,28.35,0.0
3918,studio,female,adult,new,0,0,43.85,0.0
3919,lifestyle,female,young,returning,0,0,40.62,0.0
3920,lifestyle,male,adult,new,0,1,67.54,157.58
3921,lifestyle,male,adult,returning,0,0,57.53,0.0
3922,studio,male,young,new,0,0,20.37,0.0
3923,lifestyle,male,adult,returning,0,1,44.82,123.73
3924,studio,male,senior,returning,1,0,60.66,0.0
3925,lifestyle,female,adult,new,0,0,21.66,0.0
3926,studio,male,young,returning,0,0,31.0,0.0
3927,lifestyle,male,young,returning,0,0,36.29,0.0
3928,lifestyle,male,young,returning,0,0,45.6,0.0
3929,lifestyle,female,young,returning,0,0,35.34,0.0
3930,studio,female,adult,new,0,0,39.92,0.0
3931,lifestyle,male,young,new,0,0,31.33,0.0
3932,studio,female,young,new,0,0,22.58,0.0
3933,lifestyle,male,young,returning,0,0,42.19,0.0
3934,studio,female,adult,new,0,0,36.05,0.0
3935,studio,female,young,new,0,0,37.95,0.0
3936,lifestyle,male,young,new,0,0,56.8,0.0
3937,studio,female,adult,new,0,0,47.81,0.0
3938,studio,female,adult,returning,0,0,39.52,0.0
3939,studio,male,young,new,0,0,43.09,0.0
3940,studio,female,young,returning,0,0,37.62,0.0
3941,lifestyle,male,adult,new,0,0,53.8,0.0
3942,lifestyle,male,senior,returning,0,0,50.64,0.0
3943,studio,male,young,new,0,0,29.48,0.0
3944,studio,male,young,new,0,0,27.48,0.0
3945,studio,male,young,new,0,0,46.51,0.0
3946,studio,female,adult,new,0,0,33.17,0.0
3947,lifestyle,male,adult,new,0,0,61.17,0.0
3948,lifestyle,male,adult,new,0,0,30.96,0.0
3949,studio,female,adult,new,1,0,62.51,0.0
3950,studio,female,senior,new,0,0,35.74,0.0
3951,studio,female,senior,new,1,0,59.07,0.0
3952,lifestyle,female,adult,new,0,0,28.98,0.0
3953,lifestyle,female,adult,returning,0,0,23.62,0.0
3954,studio,female,young,returning,0,0,49.8,0.0
3955,studio,female,adult,new,0,0,30.61,0.0
3956,lifestyle,female,adult,new,1,0,66.85,0.0
3957,lifestyle,male,adult,new,0,0,35.44,0.0
3958,studio,male,young,new,0,0,44.87,0.0
3959,studio,female,adult,returning,1,0,45.71,0.0
3960,studio,male,adult,new,1,0,37.9,0.0
3961,lifestyle,male,adult,new,0,0,48.46,0.0
3962,studio,female,young,new,0,0,44.45,0.0
3963,studio,female,adult,returning,0,0,41.4,0.0
3964,lifestyle,male,young,new,0,0,40.55,0.0
3965,studio,female,senior,returning,1,0,37.51,0.0
3966,lifestyle,female,adult,returning,0,0,31.31,0.0
3967,studio,female,young,new,0,0,27.98,0.0
3968,studio,female,young,new,0,0,32.42,0.0
3969,lifestyle,female,adult,new,0,1,73.31,147.12
3970,studio,female,young,new,0,0,33.83,0.0
3971,lifestyle,male,senior,new,0,0,25.93,0.0
3972,lifestyle,female,adult,new,0,1,36.09,80.03
3973,studio,female,young,new,0,0,28.05,0.0
3974,lifestyle,female,adult,new,0,0,36.87,0.0
3975,studio,female,young,returning,0,0,38.56,0.0
3976,lifestyle,male,adult,returning,0,0,27.48,0.0
3977,studio,female,young,new,0,0,21.17,0.0
3978,lifestyle,male,senior,new,0,0,51.54,0.0
3979,studio,male,adult,new,0,0,48.34,0.0
3980,studio,male,adult,returning,0,0,15.36,0.0
3981,lifestyle,male,young,returning,0,1,54.31,156.01
3982,lifestyle,female,young,new,0,0,53.11,0.0
3983,studio,male,adult,new,0,0,44.33,0.0
3984,studio,male,adult,new,0,0,25.74,0.0
3985,lifestyle,female,young,new,0,0,53.6,0.0
3986,lifestyle,male,adult,returning,0,1,62.45,183.19
3987,studio,male,young,new,0,0,41.6,0.0
3988,studio,male,adult,returning,0,0,27.96,0.0
3989,studio,male,young,new,0,0,37.92,0.0
3990,lifestyle,male,young,returning,0,0,30.34,0.0
3991,studio,male,young,new,0,0,29.53,0.0
3992,studio,female,adult,new,0,0,32.03,0.0
3993,lifestyle,male,young,returning,0,0,43.4,0.0
3994,studio,male,senior,returning,0,0,64.07,0.0
3995,studio,female,young,returning,1,0,75.6,0.0
3996,studio,male,senior,returning,0,0,36.12,0.0
3997,studio,female,adult,returning,0,0,49.8,0.0
3998,studio,female,adult,new,0,0,23.91,0.0
3999,lifestyle,male,young,returning,0,0,45.99,0.0
4000,studio,female,adult,returning,0,0,28.14,0.0
4001,lifestyle,male,adult,new,0,0,37.49,0.0
4002,lifestyle,male,adult,new,0,0,68.61,0.0
4003,lifestyle,female,young,returning,0,0,38.13,0.0
4004,studio,female,senior,returning,0,0,33.5,0.0
4005,studio,female,senior,new,0,0,30.0,0.0
4006,studio,female,adult,returning,0,0,27.31,0.0
4007,studio,male,adult,returning,0,0,20.78,0.0
4008,studio,female,adult,new,0,0,37.23,0.0
4009,lifestyle,female,young,returning,0,0,44.05,0.0
4010,studio,female,young,new,0,0,38.38,0.0
4011,studio,female,adult,new,0,0,34.89,0.0
4012,studio,female,adult,new,0,0,29.33,0.0
4013,lifestyle,male,young,returning,0,0,35.43,0.0
4014,studio,female,adult,new,0,0,36.59,0.0
4015,lifestyle,male,senior,returning,0,0,46.48,0.0
4016,studio,male,young,new,0,0,28.64,0.0
4017,lifestyle,female,young,returning,0,0,39.13,0.0
4018,lifestyle,male,adult,returning,0,0,57.39,0.0
4019,studio,female,young,returning,0,0,54.7,0.0
4020,studio,male,young,returning,0,1,52.8,123.64
4021,studio,female,adult,returning,0,0,27.66,0.0
4022,studio,male,adult,new,0,0,34.57,0.0
4023,lifestyle,male,senior,new,0,0,58.36,0.0
4024,lifestyle,male,adult,new,1,0,56.56,0.0
4025,lifestyle,female,adult,returning,0,0,45.55,0.0
4026,lifestyle,male,adult,new,1,0,50.42,0.0
4027,studio,female,senior,new,0,0,28.33,0.0
4028,studio,male,young,returning,0,0,42.62,0.0
4029,lifestyle,male,young,returning,0,0,43.95,0.0
4030,studio,male,senior,returning,1,0,61.56,0.0
4031,lifestyle,male,senior,new,0,0,29.89,0.0
4032,studio,female,young,new,0,0,53.33,0.0
4033,studio,female,young,new,0,0,37.52,0.0
4034,lifestyle,male,adult,new,0,0,23.93,0.0
4035,studio,female,young,new,0,0,44.87,0.0
4036,lifestyle,female,adult,new,0,0,38.27,0.0
4037,lifestyle,male,young,new,0,0,42.31,0.0
4038,lifestyle,male,young,new,0,0,37.22,0.0
4039,lifestyle,female,adult,new,0,0,41.02,0.0
4040,lifestyle,male,senior,new,0,0,46.52,0.0
4041,lifestyle,male,adult,returning,0,0,25.3,0.0
4042,studio,male,adult,returning,0,0,43.66,0.0
4043,studio,female,senior,returning,0,1,61.13,123.07
4044,lifestyle,male,adult,new,0,0,46.46,0.0
4045,studio,male,adult,returning,0,0,43.16,0.0
4046,studio,male,adult,returning,1,0,51.21,0.0
4047,studio,male,young,new,0,0,38.31,0.0
4048,lifestyle,male,adult,new,0,0,27.3,0.0
4049,lifestyle,female,adult,new,0,0,33.7,0.0
4050,studio,male,young,returning,0,1,55.85,91.1
4051,lifestyle,female,young,new,0,0,43.86,0.0
4052,lifestyle,male,young,returning,0,0,46.01,0.0
4053,lifestyle,female,adult,new,0,0,56.06,0.0
4054,lifestyle,female,young,returning,0,0,41.06,0.0
4055,lifestyle,male,young,returning,0,1,65.63,119.89
4056,studio,female,senior,returning,0,0,40.59,0.0
4057,lifestyle,female,adult,new,0,0,39.5,0.0
4058,studio,female,young,new,0,0,32.89,0.0
4059,lifestyle,male,adult,returning,0,0,34.16,0.0
4060,lifestyle,female,young,returning,0,0,40.83,0.0
4061,studio,female,adult,new,0,0,32.81,0.0
4062,studio,female,adult,returning,0,0,33.48,0.0
4063,lifestyle,female,adult,new,0,0,24.58,0.0
4064,studio,male,adult,new,0,0,34.01,0.0
4065,lifestyle,female,young,new,0,0,33.23,0.0
4066,studio,female,adult,returning,0,0,34.38,0.0
4067,studio,female,young,new,0,0,24.05,0.0
4068,lifestyle,male,young,returning,0,0,42.5,0.0
4069,lifestyle,female,senior,new,1,0,59.03,0.0
4070,lifestyle,male,adult,returning,0,0,35.74,0.0
4071,studio,female,senior,returning,0,0,42.89,0.0
4072,lifestyle,male,young,new,0,0,45.75,0.0
4073,lifestyle,male,adult,new,0,0,41.51,0.0
4074,lifestyle,female,young,new,0,1,67.69,79.96
4075,lifestyle,male,adult,returning,0,0,37.87,0.0
4076,lifestyle,female,young,new,0,0,46.0,0.0
4077,studio,female,young,new,0,0,34.58,0.0
4078,studio,male,young,new,0,0,25.01,0.0
4079,lifestyle,male,adult,new,0,0,33.99,0.0
4080,studio,female,young,new,0,0,46.65,0.0
4081,lifestyle,male,adult,returning,0,0,57.76,0.0
4082,studio,female,young,new,0,0,42.13,0.0
4083,lifestyle,female,young,new,0,0,36.17,0.0
4084,lifestyle,male,adult,returning,0,0,56.28,0.0
4085,studio,male,senior,new,0,0,46.13,0.0
4086,studio,male,young,returning,0,0,38.36,0.0
4087,studio,female,young,returning,1,0,68.42,0.0
4088,lifestyle,male,adult,new,1,0,48.4,0.0
4089,lifestyle,male,young,new,0,0,49.73,0.0
4090,studio,female,adult,new,0,1,46.85,162.01
4091,lifestyle,female,young,new,0,0,35.93,0.0
4092,studio,male,adult,new,0,0,61.02,0.0
4093,studio,male,young,returning,1,0,55.02,0.0
4094,lifestyle,female,adult,new,0,0,60.49,0.0
4095,studio,female,adult,returning,0,1,60.44,124.69
4096,studio,female,adult,new,1,0,54.02,0.0
4097,studio,female,adult,returning,0,0,28.74,0.0
4098,studio,female,senior,returning,0,0,49.78,0.0
4099,studio,female,young,returning,0,0,35.25,0.0
4100,studio,female,young,new,1,0,50.8,0.0
4101,lifestyle,female,adult,new,0,0,39.39,0.0
4102,studio,female,adult,new,0,0,33.99,0.0
4103,lifestyle,male,young,returning,1,0,57.25,0.0
4104,studio,male,adult,returning,0,0,36.23,0.0
4105,studio,female,adult,new,0,0,34.49,0.0
4106,lifestyle,male,adult,returning,0,0,26.43,0.0
4107,lifestyle,female,adult,returning,0,0,47.42,0.0
4108,studio,male,adult,new,0,0,33.77,0.0
4109,lifestyle,female,young,new,1,0,23.83,0.0
4110,lifestyle,male,adult,returning,0,0,26.12,0.0
4111,lifestyle,female,adult,new,0,0,37.27,0.0
4112,lifestyle,female,young,returning,0,0,54.79,0.0
4113,studio,male,adult,returning,0,0,41.08,0.0
4114,studio,female,senior,new,0,0,33.13,0.0
4115,lifestyle,male,young,new,0,0,40.09,0.0
4116,studio,male,young,new,0,0,46.05,0.0
4117,lifestyle,male,young,returning,0,0,35.84,0.0
4118,studio,male,adult,new,0,0,24.14,0.0
4119,studio,female,senior,new,0,0,48.81,0.0
4120,lifestyle,male,adult,returning,0,0,53.16,0.0
4121,studio,female,young,new,0,0,28.95,0.0
4122,lifestyle,male,adult,returning,1,0,61.88,0.0
4123,lifestyle,female,adult,new,0,0,41.59,0.0
4124,lifestyle,male,adult,new,0,1,56.09,170.7
4125,lifestyle,female,young,new,0,0,53.69,0.0
4126,lifestyle,female,adult,new,1,0,50.36,0.0
4127,lifestyle,female,adult,returning,1,0,64.56,0.0
4128,lifestyle,male,young,new,0,0,42.68,0.0
4129,studio,female,adult,new,0,0,33.28,0.0
4130,studio,male,senior,new,0,0,34.45,0.0
4131,studio,male,young,new,0,0,25.13,0.0
4132,studio,male,senior,new,0,0,37.5,0.0
4133,lifestyle,male,young,new,0,0,36.88,0.0
4134,lifestyle,male,adult,returning,0,0,42.93,0.0
4135,lifestyle,female,young,new,0,0,30.03,0.0
4136,studio,male,young,new,0,0,33.48,0.0
4137,lifestyle,male,adult,new,0,0,46.06,0.0
4138,studio,male,adult,new,0,0,28.27,0.0
4139,lifestyle,female,adult,new,0,0,49.41,0.0
4140,lifestyle,female,adult,new,0,0,50.5,0.0
4141,studio,male,adult,new,1,0,37.93,0.0
4142,studio,female,senior,new,0,0,32.42,0.0
4143,studio,female,adult,new,0,0,21.6,0.0
4144,lifestyle,male,young,new,0,1,66.23,112.59
4145,lifestyle,female,young,new,0,0,43.28,0.0
4146,lifestyle,female,adult,new,0,0,25.99,0.0
4147,studio,female,adult,returning,0,0,28.48,0.0
4148,studio,male,young,returning,0,0,38.08,0.0
4149,lifestyle,male,young,returning,1,0,58.13,0.0
4150,lifestyle,male,young,new,0,0,54.1,0.0
4151,studio,female,adult,returning,0,0,23.48,0.0
4152,studio,female,young,new,0,0,34.91,0.0
4153,lifestyle,male,young,returning,0,0,31.98,0.0
4154,studio,male,adult,new,0,0,36.1,0.0
4155,studio,female,adult,new,0,0,33.19,0.0
4156,studio,female,young,new,1,0,52.72,0.0
4157,lifestyle,female,adult,new,0,0,37.91,0.0
4158,lifestyle,female,young,new,0,0,49.62,0.0
4159,lifestyle,female,senior,new,0,0,39.85,0.0
4160,lifestyle,male,young,new,0,0,31.85,0.0
4161,lifestyle,male,senior,returning,0,0,49.25,0.0
4162,studio,male,senior,returning,0,0,58.54,0.0
4163,lifestyle,female,adult,new,0,0,26.79,0.0
4164,studio,male,young,new,0,0,23.55,0.0
4165,lifestyle,female,adult,new,0,0,44.32,0.0
4166,studio,male,young,new,0,0,46.27,0.0
4167,studio,male,senior,new,0,0,43.06,0.0
4168,studio,female,adult,new,0,0,28.92,0.0
4169,studio,male,senior,returning,0,0,44.2,0.0
4170,studio,male,adult,new,0,0,40.16,0.0
4171,studio,female,adult,new,0,0,28.2,0.0
4172,lifestyle,male,adult,new,0,0,50.25,0.0
4173,studio,female,adult,new,0,0,34.65,0.0
4174,lifestyle,female,adult,returning,0,0,24.5,0.0
4175,lifestyle,female,adult,new,0,0,40.65,0.0
4176,lifestyle,female,senior,new,0,0,41.31,0.0
4177,lifestyle,male,adult,returning,1,0,70.05,0.0
4178,lifestyle,female,senior,new,0,0,33.71,0.0
4179,studio,male,senior,new,0,0,35.17,0.0
4180,studio,male,adult,new,0,0,37.57,0.0
4181,studio,male,young,new,0,0,59.19,0.0
4182,lifestyle,male,adult,new,0,0,61.55,0.0
4183,lifestyle,female,adult,returning,1,0,56.55,0.0
4184,studio,male,young,new,0,0,38.49,0.0
4185,studio,female,adult,new,0,0,41.02,0.0
4186,lifestyle,male,senior,returning,0,0,36.88,0.0
4187,studio,male,young,new,0,0,35.1,0.0
4188,lifestyle,female,adult,returning,0,0,55.56,0.0
4189,lifestyle,male,adult,new,0,0,43.42,0.0
4190,lifestyle,female,adult,returning,0,0,61.5,0.0
4191,lifestyle,male,adult,returning,0,0,37.54,0.0
4192,lifestyle,male,adult,returning,0,0,41.11,0.0
4193,studio,female,adult,new,0,0,34.19,0.0
4194,lifestyle,female,young,new,1,0,43.99,0.0
4195,lifestyle,male,senior,new,0,0,58.06,0.0
4196,studio,male,adult,returning,0,0,31.66,0.0
4197,studio,male,adult,new,0,0,37.58,0.0
4198,studio,female,adult,returning,0,0,29.02,0.0
4199,studio,female,young,new,0,0,52.25,0.0
4200,lifestyle,female,senior,new,0,0,59.33,0.0
4201,lifestyle,male,adult,new,0,0,42.58,0.0
4202,studio,female,young,new,0,0,22.76,0.0
4203,studio,female,senior,returning,0,0,47.44,0.0
4204,lifestyle,female,adult,new,0,0,52.83,0.0
4205,studio,female,adult,returning,0,0,25.73,0.0
4206,studio,female,adult,new,0,0,33.57,0.0
4207,lifestyle,male,young,returning,0,0,42.77,0.0
4208,lifestyle,female,adult,returning,0,0,52.87,0.0
4209,studio,female,young,new,0,0,33.49,0.0
4210,studio,male,adult,new,1,0,59.62,0.0
4211,studio,male,adult,new,1,0,42.27,0.0
4212,lifestyle,female,senior,new,0,0,36.45,0.0
4213,lifestyle,male,adult,returning,0,0,60.32,0.0
4214,studio,female,young,returning,0,0,21.88,0.0
4215,lifestyle,male,senior,returning,0,0,39.49,0.0
4216,lifestyle,male,adult,returning,0,0,49.85,0.0
4217,studio,male,adult,new,0,0,29.69,0.0
4218,studio,male,young,new,0,0,29.43,0.0
4219,lifestyle,male,senior,returning,0,0,45.02,0.0
4220,studio,female,senior,new,0,0,18.44,0.0
4221,studio,female,adult,returning,0,0,46.21,0.0
4222,lifestyle,female,senior,returning,0,0,48.76,0.0
4223,lifestyle,male,young,new,0,0,33.89,0.0
4224,lifestyle,female,senior,new,0,0,29.84,0.0
4225,lifestyle,female,adult,returning,0,0,28.35,0.0
4226,lifestyle,female,young,new,1,0,41.06,0.0
4227,studio,female,adult,returning,0,0,37.27,0.0
4228,lifestyle,male,adult,new,1,0,59.37,0.0
4229,studio,male,young,new,0,0,41.12,0.0
4230,studio,male,young,new,1,0,57.33,0.0
4231,lifestyle,male,young,returning,0,0,48.28,0.0
4232,lifestyle,female,adult,new,0,0,57.38,0.0
4233,studio,male,young,new,0,0,46.95,0.0
4234,lifestyle,female,young,new,0,0,51.58,0.0
4235,studio,female,adult,new,0,0,37.37,0.0
4236,studio,female,senior,new,0,0,47.21,0.0
4237,studio,female,adult,new,0,0,30.89,0.0
4238,lifestyle,male,young,new,0,0,39.79,0.0
4239,lifestyle,female,senior,new,0,0,64.21,0.0
4240,studio,male,adult,new,0,0,29.43,0.0
4241,lifestyle,female,adult,new,0,0,35.69,0.0
4242,studio,female,adult,new,0,0,31.38,0.0
4243,lifestyle,female,adult,new,0,0,36.51,0.0
4244,studio,male,young,new,0,0,30.35,0.0
4245,studio,female,adult,returning,1,0,52.42,0.0
4246,lifestyle,male,adult,new,0,0,44.75,0.0
4247,studio,male,adult,new,0,0,44.11,0.0
4248,studio,female,adult,new,0,0,56.88,0.0
4249,lifestyle,male,adult,returning,0,1,58.32,109.73
4250,lifestyle,female,adult,returning,0,0,41.34,0.0
4251,studio,male,adult,new,0,1,36.62,106.62
4252,studio,female,senior,returning,0,0,27.08,0.0
4253,studio,male,adult,new,0,0,33.54,0.0
4254,lifestyle,female,senior,new,0,0,51.64,0.0
4255,studio,female,adult,new,1,0,54.91,0.0
4256,lifestyle,female,adult,new,0,0,48.17,0.0
4257,lifestyle,male,adult,new,0,0,54.57,0.0
4258,studio,female,young,new,0,0,52.06,0.0
4259,studio,male,senior,new,0,0,37.57,0.0
4260,studio,male,young,returning,0,0,26.98,0.0
4261,studio,male,adult,new,0,0,41.55,0.0
4262,lifestyle,female,young,new,0,0,51.34,0.0
4263,studio,male,adult,new,0,0,36.36,0.0
4264,studio,female,adult,new,0,0,33.21,0.0
4265,lifestyle,female,senior,new,0,0,41.96,0.0
4266,studio,male,adult,new,0,0,34.58,0.0
4267,lifestyle,female,senior,new,0,0,53.9,0.0
4268,studio,male,adult,new,0,0,28.32,0.0
4269,lifestyle,female,young,returning,0,0,33.99,0.0
4270,lifestyle,male,young,new,0,0,48.0,0.0
4271,lifestyle,female,adult,new,0,0,33.52,0.0
4272,lifestyle,male,young,new,1,0,58.51,0.0
4273,studio,male,adult,returning,0,0,35.98,0.0
4274,studio,male,young,new,0,0,35.0,0.0
4275,lifestyle,male,adult,new,0,0,35.57,0.0
4276,lifestyle,male,adult,new,0,0,59.34,0.0
4277,studio,male,adult,new,0,0,38.98,0.0
4278,studio,female,young,new,0,0,29.86,0.0
4279,studio,female,young,new,0,0,38.31,0.0
4280,studio,female,adult,new,0,0,53.32,0.0
4281,studio,female,young,new,0,0,35.9,0.0
4282,lifestyle,female,adult,new,0,0,57.33,0.0
4283,studio,female,adult,returning,0,0,23.52,0.0
4284,studio,female,young,new,0,0,26.49,0.0
4285,lifestyle,male,adult,returning,0,0,20.6,0.0
4286,lifestyle,female,adult,new,0,0,61.76,0.0
4287,lifestyle,male,young,returning,0,0,24.98,0.0
4288,lifestyle,female,adult,new,0,0,43.74,0.0
4289,studio,female,young,new,0,0,52.38,0.0
4290,lifestyle,male,adult,returning,0,0,51.71,0.0
4291,lifestyle,female,adult,returning,0,0,45.76,0.0
4292,studio,male,young,new,0,0,47.83,0.0
4293,lifestyle,male,adult,returning,1,0,50.32,0.0
4294,lifestyle,male,adult,returning,0,0,47.18,0.0
4295,studio,female,young,new,0,0,33.87,0.0
4296,studio,female,adult,returning,0,0,33.67,0.0
4297,studio,female,adult,new,0,0,36.91,0.0
4298,studio,male,adult,new,0,0,46.75,0.0
4299,studio,female,adult,new,0,0,50.67,0.0
4300,lifestyle,female,adult,new,0,0,39.33,0.0
4301,studio,male,senior,returning,0,0,29.11,0.0
4302,lifestyle,female,adult,new,0,0,33.8,0.0
4303,lifestyle,male,senior,new,0,0,66.48,0.0
4304,lifestyle,male,young,returning,0,0,56.81,0.0
4305,lifestyle,male,adult,returning,0,0,31.09,0.0
4306,studio,female,young,new,0,0,51.61,0.0
4307,studio,male,young,new,0,0,27.88,0.0
4308,lifestyle,male,adult,returning,0,0,48.65,0.0
4309,lifestyle,male,adult,new,0,1,54.88,102.33
4310,lifestyle,male,adult,new,0,0,63.63,0.0
4311,studio,male,adult,new,0,0,29.3,0.0
4312,lifestyle,male,adult,new,0,0,31.5,0.0
4313,studio,female,adult,new,0,0,30.43,0.0
4314,lifestyle,male,young,new,0,0,68.27,0.0
4315,lifestyle,female,adult,returning,0,0,44.61,0.0
4316,studio,female,young,new,0,0,24.72,0.0
4317,lifestyle,male,adult,new,0,0,34.12,0.0
4318,studio,male,young,new,0,0,17.52,0.0
4319,studio,female,young,new,0,0,40.4,0.0
4320,lifestyle,male,adult,new,1,0,44.49,0.0
4321,lifestyle,male,adult,new,0,0,53.06,0.0
4322,lifestyle,male,adult,new,0,0,49.9,0.0
4323,lifestyle,female,young,returning,0,0,41.0,0.0
4324,studio,female,adult,returning,0,0,47.36,0.0
4325,lifestyle,female,adult,new,0,0,51.26,0.0
4326,lifestyle,female,senior,new,1,0,63.57,0.0
4327,studio,male,adult,returning,0,0,27.32,0.0
4328,lifestyle,male,young,returning,0,0,46.14,0.0
4329,studio,male,adult,returning,0,0,39.08,0.0
4330,lifestyle,male,young,new,0,0,46.91,0.0
4331,studio,male,young,returning,0,0,35.79,0.0
4332,studio,male,young,new,0,0,38.27,0.0
4333,studio,male,adult,new,0,0,38.02,0.0
4334,lifestyle,male,adult,new,0,0,55.62,0.0
4335,studio,male,adult,new,0,0,22.26,0.0
4336,studio,female,adult,new,0,0,24.98,0.0
4337,lifestyle,female,young,new,0,0,42.75,0.0
4338,lifestyle,female,adult,returning,0,1,54.4,141.46
4339,studio,male,adult,new,0,0,37.11,0.0
4340,studio,male,adult,returning,0,0,23.87,0.0
4341,studio,male,adult,new,0,0,25.45,0.0
4342,studio,male,young,new,0,0,55.6,0.0
4343,lifestyle,male,adult,new,0,0,39.71,0.0
4344,lifestyle,female,adult,new,0,0,30.29,0.0
4345,lifestyle,female,adult,returning,0,0,40.85,0.0
4346,studio,male,adult,new,0,0,45.36,0.0
4347,lifestyle,male,senior,new,0,0,59.06,0.0
4348,lifestyle,male,young,returning,0,0,27.39,0.0
4349,lifestyle,male,adult,new,0,0,34.33,0.0
4350,lifestyle,male,adult,new,0,0,44.23,0.0
4351,lifestyle,male,young,new,0,0,41.66,0.0
4352,lifestyle,male,young,new,0,0,26.0,0.0
4353,studio,male,adult,returning,0,0,20.62,0.0
4354,lifestyle,male,young,new,0,0,31.32,0.0
4355,lifestyle,male,young,new,0,0,24.29,0.0
4356,lifestyle,male,senior,new,0,0,42.42,0.0
4357,studio,female,adult,returning,1,0,61.94,0.0
4358,lifestyle,male,young,returning,0,0,35.34,0.0
4359,lifestyle,female,adult,new,0,0,52.82,0.0
4360,studio,female,adult,new,1,0,50.3,0.0
4361,studio,female,adult,new,0,0,33.17,0.0
4362,lifestyle,female,adult,new,0,0,25.34,0.0
4363,lifestyle,female,adult,new,0,0,53.7,0.0
4364,lifestyle,female,young,returning,0,0,43.16,0.0
4365,studio,male,adult,returning,1,0,34.0,0.0
4366,lifestyle,male,young,new,0,0,45.82,0.0
4367,studio,female,young,new,0,0,29.12,0.0
4368,studio,female,adult,new,0,0,35.61,0.0
4369,studio,female,young,returning,0,0,37.4,0.0
4370,studio,female,adult,returning,0,0,47.16,0.0
4371,studio,female,adult,new,0,0,23.73,0.0
4372,studio,female,adult,new,0,0,40.72,0.0
4373,studio,female,young,new,0,0,48.28,0.0
4374,studio,female,adult,new,0,0,60.2,0.0
4375,lifestyle,female,senior,new,0,0,57.5,0.0
4376,studio,female,adult,new,0,0,38.61,0.0
4377,studio,female,adult,new,0,0,37.75,0.0
4378,lifestyle,female,young,new,0,0,57.52,0.0
4379,studio,male,young,new,0,0,32.14,0.0
4380,lifestyle,male,adult,new,0,0,49.96,0.0
4381,studio,female,young,returning,0,0,56.94,0.0
4382,studio,female,senior,new,0,0,38.91,0.0
4383,lifestyle,male,adult,returning,0,0,21.86,0.0
4384,lifestyle,male,adult,new,0,0,33.39,0.0
4385,lifestyle,female,adult,new,0,0,44.93,0.0
4386,lifestyle,female,adult,new,0,0,33.63,0.0
4387,lifestyle,female,adult,new,0,1,58.53,159.63
4388,studio,female,senior,new,0,0,37.05,0.0
4389,studio,male,senior,new,0,0,45.61,0.0
4390,studio,male,senior,returning,0,0,30.54,0.0
4391,studio,male,adult,returning,0,0,29.16,0.0
4392,lifestyle,female,adult,returning,0,0,56.07,0.0
4393,lifestyle,male,adult,new,0,0,37.18,0.0
4394,studio,female,young,new,0,0,42.26,0.0
4395,lifestyle,female,young,new,0,0,42.14,0.0
4396,lifestyle,female,young,returning,0,0,41.77,0.0
4397,studio,female,young,returning,1,0,57.38,0.0
4398,studio,male,adult,returning,0,0,16.38,0.0
4399,studio,female,young,new,0,0,39.43,0.0
4400,studio,male,senior,new,0,0,45.53,0.0
4401,studio,male,adult,new,0,0,43.48,0.0
4402,lifestyle,male,young,new,0,1,58.25,76.41
4403,studio,male,young,new,0,0,35.01,0.0
4404,studio,female,adult,new,0,0,10.47,0.0
4405,lifestyle,female,adult,new,0,0,35.3,0.0
4406,lifestyle,male,senior,new,0,0,48.76,0.0
4407,lifestyle,male,senior,new,0,0,61.71,0.0
4408,studio,female,senior,returning,0,0,58.46,0.0
4409,studio,female,adult,new,0,0,31.58,0.0
4410,lifestyle,male,young,new,1,0,65.74,0.0
4411,studio,female,adult,new,0,0,33.53,0.0
4412,studio,female,young,new,0,0,18.84,0.0
4413,lifestyle,female,adult,new,1,1,83.05,93.5
4414,lifestyle,male,adult,returning,0,0,60.31,0.0
4415,studio,female,adult,new,0,0,31.19,0.0
4416,studio,female,young,new,0,0,25.93,0.0
4417,studio,female,adult,new,0,0,35.67,0.0
4418,studio,female,adult,new,0,0,33.77,0.0
4419,studio,female,senior,new,0,0,66.1,0.0
4420,studio,male,young,new,1,1,80.06,143.72
4421,studio,female,senior,new,0,0,41.29,0.0
4422,lifestyle,female,adult,returning,0,0,13.05,0.0
4423,lifestyle,female,adult,new,0,0,40.57,0.0
4424,lifestyle,male,adult,returning,0,0,60.52,0.0
4425,studio,male,adult,new,0,0,35.8,0.0
4426,studio,female,young,new,0,0,43.22,0.0
4427,studio,female,young,new,0,0,38.92,0.0
4428,studio,male,senior,returning,0,0,35.13,0.0
4429,studio,female,adult,returning,0,0,51.91,0.0
4430,lifestyle,male,young,new,0,0,43.89,0.0
4431,lifestyle,female,adult,new,0,0,34.93,0.0
4432,lifestyle,female,adult,returning,0,0,42.22,0.0
4433,studio,male,young,returning,0,0,49.28,0.0
4434,lifestyle,female,adult,new,0,0,27.21,0.0
4435,studio,female,young,new,0,0,37.7,0.0
4436,studio,male,young,returning,0,0,35.74,0.0
4437,studio,female,adult,new,0,0,19.6,0.0
4438,lifestyle,male,adult,returning,0,0,49.67,0.0
4439,lifestyle,female,young,new,0,0,44.56,0.0
4440,studio,male,adult,returning,0,0,43.79,0.0
4441,lifestyle,male,young,new,0,0,53.38,0.0
4442,lifestyle,male,young,new,0,0,41.44,0.0
4443,studio,male,young,new,0,0,29.44,0.0
4444,studio,female,young,returning,0,0,20.75,0.0
4445,studio,male,young,returning,0,0,28.56,0.0
4446,lifestyle,male,adult,returning,0,0,42.11,0.0
4447,studio,female,adult,returning,0,0,25.36,0.0
4448,lifestyle,female,young,new,0,0,47.83,0.0
4449,studio,female,young,new,1,0,40.97,0.0
4450,lifestyle,female,young,new,0,0,24.37,0.0
4451,studio,female,adult,returning,0,0,29.22,0.0
4452,lifestyle,male,adult,new,0,0,43.84,0.0
4453,lifestyle,male,young,new,0,0,29.41,0.0
4454,lifestyle,female,adult,new,0,1,53.12,109.95
4455,lifestyle,male,adult,new,0,0,35.7,0.0
4456,studio,male,young,returning,0,0,30.01,0.0
4457,lifestyle,male,adult,returning,0,0,44.98,0.0
4458,studio,male,adult,new,0,0,41.38,0.0
4459,studio,female,young,returning,0,0,30.26,0.0
4460,lifestyle,female,adult,new,0,0,31.61,0.0
4461,studio,female,adult,new,0,0,36.37,0.0
4462,lifestyle,female,adult,returning,0,0,47.18,0.0
4463,lifestyle,male,young,new,0,0,58.14,0.0
4464,studio,male,adult,new,0,0,46.46,0.0
4465,lifestyle,female,adult,returning,0,0,29.41,0.0
4466,studio,male,adult,returning,1,0,48.59,0.0
4467,studio,male,adult,returning,0,0,39.56,0.0
4468,studio,female,young,returning,0,0,26.5,0.0
4469,lifestyle,female,adult,new,0,1,58.49,147.14
4470,lifestyle,male,adult,new,0,0,48.74,0.0
4471,lifestyle,female,adult,returning,0,0,44.5,0.0
4472,lifestyle,female,senior,new,0,0,47.02,0.0
4473,studio,male,adult,new,0,0,28.46,0.0
4474,studio,female,young,new,0,0,20.54,0.0
4475,lifestyle,male,senior,returning,0,0,43.88,0.0
4476,studio,female,adult,new,0,0,34.09,0.0
4477,studio,female,adult,returning,0,0,20.32,0.0
4478,studio,female,adult,new,0,0,35.48,0.0
4479,lifestyle,male,adult,new,0,0,45.92,0.0
4480,lifestyle,male,adult,returning,0,0,35.08,0.0
4481,studio,male,senior,new,0,0,44.03,0.0
4482,studio,female,young,new,0,0,37.76,0.0
4483,lifestyle,male,young,returning,0,0,38.95,0.0
4484,lifestyle,male,adult,returning,0,0,37.84,0.0
4485,studio,male,senior,new,0,0,36.68,0.0
4486,lifestyle,male,senior,new,0,0,38.44,0.0
4487,studio,male,young,new,0,0,38.45,0.0
4488,studio,female,senior,new,0,0,31.55,0.0
4489,lifestyle,male,young,new,1,0,49.19,0.0
4490,lifestyle,male,senior,new,0,0,51.97,0.0
4491,studio,female,adult,new,0,0,32.58,0.0
4492,lifestyle,female,young,new,0,0,42.62,0.0
4493,lifestyle,male,young,new,0,0,24.88,0.0
4494,lifestyle,male,young,new,0,0,36.77,0.0
4495,lifestyle,female,young,returning,0,0,58.81,0.0
4496,lifestyle,male,adult,returning,1,0,39.19,0.0
4497,studio,female,young,new,0,0,52.5,0.0
4498,studio,male,senior,returning,0,0,42.61,0.0
4499,studio,male,adult,returning,0,0,29.67,0.0
4500,studio,male,adult,new,0,0,32.96,0.0
4501,lifestyle,female,young,new,1,0,69.31,0.0
4502,lifestyle,female,senior,new,0,0,24.23,0.0
4503,studio,male,adult,new,0,0,49.15,0.0
4504,studio,female,senior,new,1,0,57.66,0.0
4505,studio,male,senior,returning,1,0,65.12,0.0
4506,studio,male,young,returning,0,0,17.52,0.0
4507,lifestyle,female,young,returning,0,0,39.73,0.0
4508,studio,male,adult,returning,0,0,11.72,0.0
4509,lifestyle,female,senior,returning,0,0,58.98,0.0
4510,lifestyle,female,adult,new,0,0,32.17,0.0
4511,studio,female,adult,new,0,0,25.03,0.0
4512,studio,female,adult,new,0,0,15.66,0.0
4513,studio,male,young,returning,0,0,39.44,0.0
4514,lifestyle,male,young,new,0,0,42.72,0.0
4515,lifestyle,male,adult,returning,0,0,34.52,0.0
4516,studio,male,young,returning,0,0,37.63,0.0
4517,lifestyle,female,adult,new,0,0,34.2,0.0
4518,lifestyle,male,senior,new,0,0,29.41,0.0
4519,studio,female,adult,returning,0,0,31.36,0.0
4520,studio,male,senior,new,0,0,56.45,0.0
4521,lifestyle,female,adult,new,0,0,51.72,0.0
4522,lifestyle,female,adult,returning,0,1,66.55,163.93
4523,lifestyle,female,adult,returning,0,0,44.44,0.0
4524,lifestyle,male,senior,new,1,0,58.37,0.0
4525,lifestyle,female,senior,returning,0,0,54.36,0.0
4526,studio,male,adult,new,0,1,60.65,138.28
4527,lifestyle,male,young,new,0,0,41.17,0.0
4528,lifestyle,male,young,new,0,0,43.99,0.0
4529,lifestyle,female,young,new,0,0,25.94,0.0
4530,studio,male,senior,new,0,0,35.2,0.0
4531,studio,female,adult,returning,0,0,23.07,0.0
4532,studio,female,senior,new,0,0,27.88,0.0
4533,studio,male,adult,new,0,0,39.7,0.0
4534,studio,female,adult,new,0,0,22.35,0.0
4535,lifestyle,female,young,new,0,0,49.68,0.0
4536,lifestyle,male,young,returning,0,0,52.32,0.0
4537,studio,female,adult,new,0,0,34.38,0.0
4538,lifestyle,male,adult,new,0,0,35.94,0.0
4539,studio,female,young,new,0,0,45.31,0.0
4540,studio,male,adult,returning,0,0,40.52,0.0
4541,studio,male,adult,new,0,0,46.95,0.0
4542,lifestyle,female,adult,new,0,1,51.18,123.85
4543,studio,male,young,returning,0,1,52.4,139.0
4544,studio,male,adult,new,0,0,32.81,0.0
4545,studio,male,young,new,0,0,37.09,0.0
4546,lifestyle,male,adult,returning,1,0,63.25,0.0
4547,studio,female,adult,returning,0,0,36.38,0.0
4548,lifestyle,female,adult,returning,0,0,55.35,0.0
4549,lifestyle,female,senior,new,0,1,63.25,122.82
4550,lifestyle,female,young,new,0,0,31.51,0.0
4551,lifestyle,male,young,new,0,0,35.34,0.0
4552,studio,male,adult,returning,0,0,27.1,0.0
4553,studio,female,adult,returning,0,0,30.44,0.0
4554,lifestyle,female,young,new,1,0,54.31,0.0
4555,studio,male,adult,new,0,0,32.73,0.0
4556,lifestyle,male,young,new,0,0,44.32,0.0
4557,lifestyle,female,young,new,1,0,52.39,0.0
4558,lifestyle,female,adult,new,0,0,52.49,0.0
4559,lifestyle,female,adult,returning,0,0,22.62,0.0
4560,lifestyle,male,adult,returning,0,0,19.73,0.0
4561,lifestyle,female,adult,returning,1,0,67.01,0.0
4562,studio,male,senior,new,0,0,49.23,0.0
4563,lifestyle,male,young,returning,0,0,54.39,0.0
4564,studio,female,adult,returning,0,0,41.37,0.0
4565,studio,male,senior,new,0,0,40.03,0.0
4566,lifestyle,male,young,new,0,0,39.42,0.0
4567,studio,female,adult,new,0,0,18.98,0.0
4568,studio,female,senior,returning,0,0,41.48,0.0
4569,studio,female,senior,returning,0,0,25.63,0.0
4570,lifestyle,male,young,new,0,0,66.66,0.0
4571,lifestyle,male,young,returning,1,0,46.68,0.0
4572,lifestyle,female,young,new,0,0,41.25,0.0
4573,studio,female,adult,returning,0,0,50.06,0.0
4574,lifestyle,female,adult,returning,0,0,38.34,0.0
4575,lifestyle,male,adult,new,0,0,38.41,0.0
4576,studio,male,senior,returning,0,0,14.13,0.0
4577,studio,female,young,new,0,0,21.9,0.0
4578,studio,female,adult,new,0,0,40.62,0.0
4579,lifestyle,male,young,new,1,0,73.73,0.0
4580,lifestyle,male,young,new,0,0,33.09,0.0
4581,lifestyle,female,adult,returning,0,0,43.97,0.0
4582,studio,male,young,new,0,0,62.08,0.0
4583,lifestyle,male,adult,new,0,0,47.67,0.0
4584,lifestyle,male,senior,returning,0,0,56.76,0.0
4585,lifestyle,female,young,new,0,0,34.34,0.0
4586,lifestyle,male,adult,new,0,0,57.52,0.0
4587,studio,female,young,new,0,0,28.08,0.0
4588,studio,male,young,new,0,0,26.32,0.0
4589,lifestyle,female,adult,new,0,0,56.79,0.0
4590,lifestyle,male,adult,new,0,0,35.63,0.0
4591,lifestyle,female,adult,new,0,0,41.96,0.0
4592,studio,female,adult,new,0,0,51.26,0.0
4593,lifestyle,female,senior,returning,0,0,37.86,0.0
4594,studio,female,adult,returning,0,1,52.63,135.49
4595,studio,female,young,new,0,0,28.9,0.0
4596,lifestyle,female,adult,returning,0,0,38.71,0.0
4597,lifestyle,female,adult,returning,0,0,42.39,0.0
4598,studio,female,adult,returning,0,0,48.4,0.0
4599,studio,male,adult,new,0,0,51.42,0.0
4600,studio,female,young,returning,0,0,36.56,0.0
4601,studio,male,adult,returning,1,0,42.73,0.0
4602,lifestyle,male,adult,new,0,0,48.78,0.0
4603,lifestyle,male,adult,new,0,0,42.05,0.0
4604,studio,male,senior,returning,0,0,40.38,0.0
4605,lifestyle,female,senior,new,0,0,36.68,0.0
4606,lifestyle,female,adult,new,0,0,25.83,0.0
4607,lifestyle,female,adult,new,0,0,41.81,0.0
4608,studio,female,adult,returning,0,0,24.31,0.0
4609,lifestyle,female,adult,returning,0,0,36.7,0.0
4610,studio,female,senior,new,0,0,54.83,0.0
4611,studio,male,adult,returning,0,0,34.3,0.0
4612,studio,female,young,new,0,0,46.07,0.0
4613,studio,female,adult,returning,0,0,37.96,0.0
4614,studio,female,adult,new,0,1,60.84,125.51
4615,studio,female,adult,returning,0,0,29.5,0.0
4616,studio,female,adult,new,0,0,46.53,0.0
4617,lifestyle,male,young,new,1,0,60.11,0.0
4618,lifestyle,male,young,new,0,0,39.36,0.0
4619,studio,female,young,returning,0,0,38.1,0.0
4620,lifestyle,female,adult,returning,0,0,34.85,0.0
4621,lifestyle,female,young,new,0,0,39.06,0.0
4622,lifestyle,male,adult,new,0,0,41.45,0.0
4623,studio,male,young,returning,0,0,29.74,0.0
4624,lifestyle,female,senior,returning,0,0,62.59,0.0
4625,lifestyle,male,young,new,1,0,52.85,0.0
4626,lifestyle,female,young,new,0,0,62.83,0.0
4627,studio,male,adult,new,0,0,35.67,0.0
4628,lifestyle,male,young,new,0,0,39.66,0.0
4629,lifestyle,female,senior,new,0,0,41.96,0.0
4630,lifestyle,male,young,new,0,0,46.22,0.0
4631,studio,female,adult,new,1,0,58.94,0.0
4632,studio,female,senior,returning,0,0,14.62,0.0
4633,lifestyle,male,adult,returning,0,0,42.05,0.0
4634,lifestyle,female,young,returning,0,0,22.12,0.0
4635,studio,female,young,returning,0,0,44.82,0.0
4636,lifestyle,male,adult,returning,0,0,52.0,0.0
4637,studio,male,young,new,0,0,35.41,0.0
4638,lifestyle,male,adult,new,0,0,44.08,0.0
4639,lifestyle,female,adult,new,0,0,27.7,0.0
4640,lifestyle,female,senior,returning,1,0,56.53,0.0
4641,lifestyle,female,young,returning,0,0,35.88,0.0
4642,studio,female,young,returning,0,0,30.51,0.0
4643,lifestyle,female,young,new,0,0,50.72,0.0
4644,studio,female,adult,returning,1,0,62.82,0.0
4645,lifestyle,female,adult,returning,0,0,48.11,0.0
4646,lifestyle,male,adult,new,0,0,38.77,0.0
4647,lifestyle,female,adult,returning,0,0,34.54,0.0
4648,studio,female,young,new,0,0,35.91,0.0
4649,lifestyle,female,adult,returning,0,0,44.97,0.0
4650,studio,female,young,new,0,0,32.79,0.0
4651,studio,male,young,new,0,1,48.41,53.37
4652,lifestyle,female,young,returning,0,0,48.15,0.0
4653,studio,male,young,new,0,0,42.14,0.0
4654,lifestyle,female,adult,new,0,0,28.88,0.0
4655,studio,male,adult,new,0,0,31.16,0.0
4656,studio,female,young,returning,0,0,42.78,0.0
4657,lifestyle,female,senior,new,0,0,56.89,0.0
4658,lifestyle,female,adult,returning,0,1,62.65,144.47
4659,studio,male,young,returning,0,0,38.65,0.0
4660,lifestyle,female,young,new,0,0,44.53,0.0
4661,lifestyle,female,adult,new,0,0,51.54,0.0
4662,lifestyle,female,senior,new,0,0,35.91,0.0
4663,studio,male,adult,new,0,0,37.68,0.0
4664,lifestyle,female,senior,new,0,0,38.11,0.0
4665,lifestyle,male,adult,new,1,1,87.88,167.83
4666,lifestyle,female,adult,new,0,0,31.42,0.0
4667,studio,male,adult,new,0,0,39.08,0.0
4668,lifestyle,female,adult,returning,0,0,33.16,0.0
4669,lifestyle,female,adult,new,0,0,49.52,0.0
4670,lifestyle,male,senior,returning,1,0,66.39,0.0
4671,studio,female,young,new,0,0,37.4,0.0
4672,lifestyle,female,adult,new,0,0,61.61,0.0
4673,lifestyle,male,adult,new,0,0,34.97,0.0
4674,studio,female,adult,new,0,0,44.26,0.0
4675,studio,male,young,returning,0,0,46.72,0.0
4676,lifestyle,male,adult,new,0,0,51.26,0.0
4677,studio,male,adult,new,0,0,28.23,0.0
4678,lifestyle,female,adult,new,0,0,39.65,0.0
4679,lifestyle,male,adult,new,0,0,35.94,0.0
4680,lifestyle,female,adult,new,0,0,39.03,0.0
4681,studio,female,young,new,0,0,26.59,0.0
4682,studio,male,senior,new,0,0,36.37,0.0
4683,lifestyle,female,adult,new,1,0,71.68,0.0
4684,studio,male,young,new,0,0,31.81,0.0
4685,lifestyle,female,young,returning,0,0,43.06,0.0
4686,studio,male,young,new,0,0,27.75,0.0
4687,studio,male,adult,new,0,0,34.85,0.0
4688,studio,female,senior,new,0,0,48.27,0.0
4689,lifestyle,female,adult,new,0,0,46.89,0.0
4690,lifestyle,male,senior,new,0,0,61.18,0.0
4691,studio,female,young,new,0,0,22.9,0.0
4692,studio,male,adult,new,0,0,27.44,0.0
4693,studio,female,young,new,1,0,45.87,0.0
4694,lifestyle,female,young,returning,0,0,57.25,0.0
4695,studio,male,adult,returning,0,0,37.99,0.0
4696,lifestyle,male,young,new,1,0,42.83,0.0
4697,lifestyle,male,adult,new,0,0,52.92,0.0
4698,lifestyle,male,adult,new,1,0,58.1,0.0
4699,studio,male,adult,returning,0,0,43.9,0.0
4700,lifestyle,female,young,returning,0,0,57.84,0.0
4701,studio,female,adult,new,0,0,25.22,0.0
4702,studio,male,senior,new,0,0,55.83,0.0
4703,lifestyle,female,senior,returning,0,0,46.26,0.0
4704,lifestyle,female,adult,returning,0,1,57.86,144.45
4705,studio,female,adult,new,0,0,36.55,0.0
4706,studio,female,adult,returning,1,0,38.07,0.0
4707,lifestyle,female,adult,new,0,0,41.8,0.0
4708,studio,male,adult,new,0,0,32.57,0.0
4709,lifestyle,male,adult,new,0,1,52.62,116.2
4710,lifestyle,male,adult,new,0,0,35.54,0.0
4711,studio,male,adult,returning,0,0,46.38,0.0
4712,studio,male,young,returning,0,0,33.22,0.0
4713,studio,female,adult,returning,0,0,25.19,0.0
4714,lifestyle,male,young,new,0,0,46.48,0.0
4715,lifestyle,female,adult,new,0,0,49.67,0.0
4716,studio,male,young,new,0,0,34.98,0.0
4717,lifestyle,female,adult,new,0,0,29.66,0.0
4718,lifestyle,female,adult,returning,0,0,16.53,0.0
4719,studio,male,adult,new,0,0,25.99,0.0
4720,lifestyle,male,young,new,0,0,52.54,0.0
4721,studio,female,adult,new,0,0,44.63,0.0
4722,studio,male,young,new,0,0,27.04,0.0
4723,studio,male,adult,new,0,0,32.64,0.0
4724,studio,male,adult,new,0,0,41.98,0.0
4725,studio,female,senior,returning,1,0,53.62,0.0
4726,studio,female,young,returning,0,0,44.36,0.0
4727,lifestyle,female,adult,new,0,0,41.03,0.0
4728,lifestyle,female,senior,new,0,0,51.82,0.0
4729,lifestyle,female,senior,returning,0,0,43.77,0.0
4730,studio,female,young,new,0,0,27.16,0.0
4731,studio,female,adult,returning,0,0,46.66,0.0
4732,studio,male,young,new,0,0,19.98,0.0
4733,lifestyle,male,adult,new,0,0,36.0,0.0
4734,lifestyle,female,young,returning,0,0,41.06,0.0
4735,studio,female,adult,new,0,0,43.59,0.0
4736,studio,male,young,new,0,0,26.21,0.0
4737,lifestyle,male,adult,new,0,0,43.27,0.0
4738,studio,female,adult,new,0,0,21.13,0.0
4739,studio,female,senior,new,0,0,44.4,0.0
4740,lifestyle,male,adult,new,0,0,60.24,0.0
4741,lifestyle,female,young,new,0,0,22.4,0.0
4742,studio,female,young,returning,0,0,27.73,0.0
4743,studio,female,young,new,0,0,43.37,0.0
4744,lifestyle,male,adult,new,0,0,71.44,0.0
4745,studio,male,adult,new,0,0,40.88,0.0
4746,studio,male,adult,new,0,0,27.71,0.0
4747,studio,male,young,new,0,0,33.51,0.0
4748,studio,female,adult,new,0,0,22.73,0.0
4749,studio,male,adult,returning,0,0,43.05,0.0
4750,lifestyle,female,senior,new,0,0,57.46,0.0
4751,studio,male,adult,new,0,0,49.06,0.0
4752,studio,male,young,returning,0,0,31.7,0.0
4753,lifestyle,female,adult,new,0,0,33.92,0.0
4754,lifestyle,female,young,returning,0,0,56.95,0.0
4755,lifestyle,male,adult,new,0,0,55.81,0.0
4756,lifestyle,female,adult,returning,0,0,32.12,0.0
4757,studio,female,young,returning,0,0,31.24,0.0
4758,lifestyle,female,young,returning,0,0,49.9,0.0
4759,studio,female,young,new,0,0,32.48,0.0
4760,lifestyle,male,senior,returning,0,0,47.32,0.0
4761,studio,female,young,new,0,0,20.31,0.0
4762,lifestyle,female,young,returning,0,0,30.78,0.0
4763,lifestyle,male,young,new,0,0,41.09,0.0
4764,studio,male,adult,new,0,0,28.01,0.0
4765,lifestyle,female,adult,new,0,0,30.52,0.0
4766,lifestyle,male,senior,new,0,0,43.86,0.0
4767,lifestyle,male,young,new,0,0,33.22,0.0
4768,studio,female,adult,new,1,0,50.28,0.0
4769,lifestyle,male,adult,new,0,0,51.92,0.0
4770,studio,male,senior,returning,0,0,36.99,0.0
4771,studio,female,young,new,0,0,30.74,0.0
4772,studio,female,young,new,0,0,45.74,0.0
4773,studio,male,adult,new,0,0,42.34,0.0
4774,lifestyle,female,young,new,0,0,49.98,0.0
4775,studio,female,young,new,0,0,9.79,0.0
4776,lifestyle,female,adult,returning,0,0,37.52,0.0
4777,studio,male,adult,new,0,0,29.28,0.0
4778,studio,male,adult,returning,0,0,26.74,0.0
4779,studio,male,adult,new,0,0,45.54,0.0
4780,studio,female,adult,returning,0,0,29.57,0.0
4781,studio,female,adult,new,0,0,21.1,0.0
4782,studio,female,adult,returning,0,0,37.46,0.0
4783,lifestyle,female,adult,new,0,0,41.92,0.0
4784,studio,female,young,new,1,0,40.78,0.0
4785,studio,male,young,new,0,0,45.18,0.0
4786,studio,female,adult,new,0,0,40.31,0.0
4787,lifestyle,female,adult,new,0,0,47.28,0.0
4788,lifestyle,female,adult,new,0,0,46.84,0.0
4789,studio,male,adult,returning,0,0,45.9,0.0
4790,studio,female,young,new,0,0,33.45,0.0
4791,studio,male,young,new,0,0,22.58,0.0
4792,lifestyle,male,young,new,0,0,39.93,0.0
4793,studio,female,adult,returning,1,0,33.44,0.0
4794,studio,female,adult,new,0,0,24.38,0.0
4795,studio,male,adult,new,0,0,51.19,0.0
4796,studio,female,adult,new,0,0,23.99,0.0
4797,studio,male,senior,new,0,0,28.26,0.0
4798,lifestyle,male,senior,new,0,0,53.7,0.0
4799,studio,male,adult,returning,0,1,63.63,126.84
4800,lifestyle,female,senior,new,0,0,30.34,0.0
4801,studio,female,adult,new,1,0,52.49,0.0
4802,studio,female,senior,returning,1,0,49.52,0.0
4803,lifestyle,female,adult,new,1,0,60.31,0.0
4804,studio,male,senior,new,0,0,36.97,0.0
4805,lifestyle,male,adult,returning,0,0,28.34,0.0
4806,lifestyle,female,adult,returning,1,0,52.19,0.0
4807,studio,male,adult,new,0,0,41.26,0.0
4808,lifestyle,female,young,new,0,0,61.44,0.0
4809,studio,female,adult,returning,0,0,38.9,0.0
4810,lifestyle,female,senior,new,0,0,43.09,0.0
4811,studio,male,young,new,0,0,23.2,0.0
4812,lifestyle,female,adult,new,0,0,40.42,0.0
4813,studio,female,adult,new,0,0,31.22,0.0
4814,lifestyle,male,adult,returning,0,0,45.06,0.0
4815,lifestyle,female,senior,returning,0,0,46.4,0.0
4816,lifestyle,male,senior,new,0,0,51.8,0.0
4817,lifestyle,male,adult,returning,0,0,38.4,0.0
4818,lifestyle,male,young,new,0,0,59.09,0.0
4819,lifestyle,male,adult,returning,0,0,47.84,0.0
4820,studio,female,adult,new,0,0,27.93,0.0
4821,studio,male,adult,new,0,0,45.01,0.0
4822,studio,male,young,new,0,0,23.44,0.0
4823,studio,male,adult,new,0,0,26.45,0.0
4824,studio,male,young,new,0,0,26.99,0.0
4825,lifestyle,male,adult,new,0,0,55.28,0.0
4826,studio,male,young,returning,1,0,48.21,0.0
4827,lifestyle,female,adult,returning,0,0,35.71,0.0
4828,studio,female,young,new,0,0,36.64,0.0
4829,studio,female,senior,returning,0,0,45.42,0.0
4830,lifestyle,female,adult,returning,0,0,57.89,0.0
4831,lifestyle,male,young,returning,0,0,27.03,0.0
4832,lifestyle,female,adult,new,0,0,54.63,0.0
4833,lifestyle,female,senior,returning,0,0,26.33,0.0
4834,studio,male,adult,new,0,0,44.06,0.0
4835,lifestyle,female,adult,new,0,0,53.63,0.0
4836,studio,male,young,new,0,0,47.15,0.0
4837,studio,male,adult,new,0,0,40.69,0.0
4838,studio,female,adult,returning,0,0,24.35,0.0
4839,studio,male,adult,returning,0,0,42.47,0.0
4840,studio,male,senior,returning,0,0,29.32,0.0
4841,lifestyle,male,young,returning,0,0,32.61,0.0
4842,lifestyle,male,young,new,0,0,37.44,0.0
4843,studio,male,senior,returning,0,0,36.34,0.0
4844,studio,female,adult,new,0,0,37.41,0.0
4845,studio,female,young,new,0,0,28.05,0.0
4846,studio,female,adult,returning,1,0,53.3,0.0
4847,lifestyle,male,senior,new,0,0,33.28,0.0
4848,studio,female,young,returning,0,0,35.39,0.0
4849,lifestyle,female,young,new,0,0,39.28,0.0
4850,studio,male,young,returning,0,1,65.14,200.95
4851,lifestyle,female,senior,new,1,0,73.14,0.0
4852,studio,female,senior,new,0,0,38.3,0.0
4853,lifestyle,female,adult,new,1,0,37.41,0.0
4854,studio,male,adult,new,0,0,20.26,0.0
4855,lifestyle,male,young,new,0,0,53.24,0.0
4856,studio,female,young,new,1,1,68.57,152.4
4857,studio,female,adult,returning,0,0,52.49,0.0
4858,lifestyle,female,young,new,0,0,50.97,0.0
4859,lifestyle,female,adult,new,0,0,44.55,0.0
4860,lifestyle,female,adult,new,0,0,43.29,0.0
4861,lifestyle,male,young,returning,0,0,30.51,0.0
4862,lifestyle,female,adult,returning,1,0,50.69,0.0
4863,studio,male,adult,new,0,0,39.16,0.0
4864,studio,female,adult,new,0,0,31.55,0.0
4865,studio,female,young,new,0,0,39.68,0.0
4866,lifestyle,male,young,new,1,0,67.29,0.0
4867,studio,female,adult,new,0,0,33.2,0.0
4868,studio,male,senior,new,0,0,35.68,0.0
4869,lifestyle,male,young,new,0,0,33.04,0.0
4870,lifestyle,male,senior,new,0,0,55.35,0.0
4871,studio,male,adult,new,0,0,42.54,0.0
4872,studio,male,adult,new,0,0,56.87,0.0
4873,studio,male,young,returning,0,0,36.77,0.0
4874,studio,female,young,returning,0,0,34.03,0.0
4875,studio,female,young,returning,0,0,39.67,0.0
4876,lifestyle,female,adult,new,0,0,39.12,0.0
4877,lifestyle,male,senior,new,0,0,38.15,0.0
4878,lifestyle,female,young,new,0,0,42.89,0.0
4879,studio,female,adult,new,0,0,39.58,0.0
4880,lifestyle,male,young,new,0,0,47.24,0.0
4881,studio,female,adult,returning,0,0,39.44,0.0
4882,studio,male,young,returning,0,0,45.64,0.0
4883,lifestyle,female,young,returning,1,0,62.21,0.0
4884,studio,male,young,returning,0,0,37.71,0.0
4885,studio,male,adult,new,0,0,22.34,0.0
4886,lifestyle,female,young,returning,0,0,44.46,0.0
4887,studio,male,young,returning,0,0,33.29,0.0
4888,lifestyle,male,young,new,1,0,45.78,0.0
4889,studio,female,senior,new,0,0,45.01,0.0
4890,lifestyle,female,adult,new,0,0,47.18,0.0
4891,studio,female,adult,new,0,0,39.25,0.0
4892,studio,male,adult,new,0,0,40.56,0.0
4893,lifestyle,male,young,returning,0,0,43.24,0.0
4894,studio,female,adult,new,1,0,47.53,0.0
4895,studio,male,young,returning,0,0,52.7,0.0
4896,studio,male,adult,new,0,0,36.48,0.0
4897,studio,female,adult,new,0,0,9.57,0.0
4898,studio,male,adult,new,0,0,10.72,0.0
4899,studio,male,young,returning,1,0,62.05,0.0
4900,lifestyle,male,young,new,1,0,38.66,0.0
4901,studio,male,adult,returning,0,0,29.56,0.0
4902,studio,male,adult,returning,0,0,22.84,0.0
4903,studio,male,young,returning,0,1,51.97,106.96
4904,studio,male,young,returning,0,0,38.86,0.0
4905,lifestyle,female,senior,returning,0,0,40.35,0.0
4906,studio,female,adult,new,0,0,26.84,0.0
4907,lifestyle,male,senior,returning,0,0,54.29,0.0
4908,studio,female,young,new,0,0,61.32,0.0
4909,lifestyle,male,adult,new,0,0,47.4,0.0
4910,lifestyle,male,young,new,0,0,32.86,0.0
4911,lifestyle,male,adult,new,0,0,50.71,0.0
4912,lifestyle,female,young,new,0,0,59.44,0.0
4913,lifestyle,female,young,new,0,0,52.63,0.0
4914,studio,female,young,returning,0,0,19.56,0.0
4915,studio,male,adult,new,0,0,40.28,0.0
4916,lifestyle,male,adult,new,0,0,37.41,0.0
4917,studio,female,adult,returning,0,0,35.53,0.0
4918,studio,male,senior,new,0,0,36.26,0.0
4919,lifestyle,female,adult,new,1,0,64.43,0.0
4920,studio,female,adult,returning,0,0,31.47,0.0
4921,lifestyle,female,senior,new,0,0,61.18,0.0
4922,lifestyle,female,adult,new,1,0,56.97,0.0
4923,lifestyle,female,young,returning,0,0,39.77,0.0
4924,lifestyle,female,senior,new,0,0,52.72,0.0
4925,studio,female,young,new,1,0,53.57,0.0
4926,studio,male,adult,returning,0,0,41.0,0.0
4927,studio,female,young,new,0,0,33.67,0.0
4928,studio,male,adult,new,1,0,63.34,0.0
4929,lifestyle,male,adult,new,0,0,51.9,0.0
4930,lifestyle,male,young,returning,0,0,41.88,0.0
4931,studio,male,adult,returning,0,0,43.23,0.0
4932,studio,female,adult,returning,0,0,32.37,0.0
4933,lifestyle,female,young,new,0,0,47.7,0.0
4934,studio,male,adult,returning,1,0,58.25,0.0
4935,studio,male,young,returning,0,0,37.5,0.0
4936,studio,female,adult,new,0,0,26.8,0.0
4937,lifestyle,female,adult,returning,0,0,30.07,0.0
4938,lifestyle,female,senior,returning,0,1,69.93,143.09
4939,lifestyle,male,young,new,0,0,34.76,0.0
4940,lifestyle,female,young,returning,0,0,52.54,0.0
4941,studio,female,young,returning,0,0,19.91,0.0
4942,studio,male,young,new,0,0,48.17,0.0
4943,lifestyle,male,adult,returning,0,0,42.51,0.0
4944,studio,male,senior,returning,0,0,31.46,0.0
4945,lifestyle,male,adult,returning,0,0,37.49,0.0
4946,lifestyle,female,senior,new,0,0,44.96,0.0
4947,lifestyle,male,young,new,0,0,46.83,0.0
4948,lifestyle,male,senior,new,0,0,34.75,0.0
4949,lifestyle,male,young,returning,0,0,32.41,0.0
4950,lifestyle,male,senior,new,0,0,43.76,0.0
4951,studio,female,young,new,1,1,69.69,131.19
4952,studio,male,senior,new,0,0,47.16,0.0
4953,studio,female,young,new,0,0,37.69,0.0
4954,lifestyle,male,young,returning,0,0,38.11,0.0
4955,studio,female,adult,returning,0,0,37.36,0.0
4956,lifestyle,female,adult,new,0,0,43.65,0.0
4957,studio,female,adult,new,0,0,32.48,0.0
4958,lifestyle,female,senior,new,0,1,68.16,119.75
4959,studio,female,adult,new,0,0,13.48,0.0
4960,lifestyle,male,adult,returning,0,0,51.33,0.0
4961,lifestyle,female,young,new,0,0,47.48,0.0
4962,studio,female,adult,new,0,0,49.98,0.0
4963,studio,female,adult,returning,0,0,26.89,0.0
4964,lifestyle,male,senior,returning,0,0,52.71,0.0
4965,studio,male,adult,returning,0,1,35.95,143.38
4966,studio,female,adult,returning,0,0,17.34,0.0
4967,lifestyle,male,young,returning,0,0,39.63,0.0
4968,lifestyle,male,young,returning,0,1,56.21,102.39
4969,lifestyle,male,adult,returning,0,0,52.47,0.0
4970,studio,female,young,returning,0,0,46.78,0.0
4971,studio,female,young,returning,0,0,47.84,0.0
4972,lifestyle,female,young,new,1,0,62.98,0.0
4973,lifestyle,male,adult,new,0,0,48.41,0.0
4974,lifestyle,male,young,new,0,0,29.18,0.0
4975,studio,male,senior,returning,0,0,54.0,0.0
4976,studio,female,young,returning,0,0,47.52,0.0
4977,studio,female,young,returning,0,0,21.2,0.0
4978,studio,male,adult,new,0,0,39.68,0.0
4979,studio,female,adult,new,0,0,29.53,0.0
4980,studio,female,adult,returning,0,0,53.5,0.0
4981,lifestyle,male,adult,new,0,0,32.25,0.0
4982,studio,male,young,new,0,0,35.93,0.0
4983,lifestyle,female,adult,returning,0,0,43.86,0.0
4984,lifestyle,male,adult,new,0,0,41.47,0.0
4985,lifestyle,female,young,new,0,0,63.48,0.0
4986,studio,male,adult,new,0,0,51.91,0.0
4987,lifestyle,female,adult,new,1,0,40.62,0.0
4988,lifestyle,female,adult,new,0,0,46.87,0.0
4989,lifestyle,female,adult,new,0,0,41.89,0.0
4990,lifestyle,female,senior,new,0,0,55.34,0.0
4991,lifestyle,female,adult,new,0,0,44.13,0.0
4992,lifestyle,female,young,returning,1,1,68.87,153.06
4993,studio,male,senior,new,1,0,44.63,0.0
4994,lifestyle,male,young,new,0,0,37.98,0.0
4995,studio,female,young,new,0,0,33.79,0.0
4996,lifestyle,female,young,new,0,0,43.94,0.0
4997,studio,male,adult,new,0,0,29.29,0.0
4998,studio,male,senior,new,0,0,57.06,0.0
4999,lifestyle,female,adult,returning,0,0,47.35,0.0
5000,lifestyle,male,senior,returning,0,0,55.74,0.0
5001,studio,female,young,new,0,0,33.61,0.0
5002,studio,female,young,new,0,0,24.62,0.0
5003,lifestyle,female,adult,new,1,0,65.83,0.0
5004,studio,male,senior,new,0,0,30.07,0.0
5005,lifestyle,male,adult,returning,0,0,21.77,0.0
5006,studio,male,young,new,0,0,40.66,0.0
5007,lifestyle,male,young,returning,0,0,34.44,0.0
5008,lifestyle,female,young,returning,0,0,38.66,0.0
5009,studio,female,young,new,0,0,41.94,0.0
5010,studio,male,young,new,0,0,25.7,0.0
5011,studio,male,senior,new,0,0,23.98,0.0
5012,lifestyle,male,adult,new,0,0,54.19,0.0
5013,lifestyle,female,adult,returning,1,1,76.42,140.42
5014,lifestyle,male,young,new,0,0,54.57,0.0
5015,studio,female,young,new,0,0,41.26,0.0
5016,studio,female,adult,returning,0,0,41.56,0.0
5017,studio,female,senior,new,0,0,41.63,0.0
5018,studio,female,adult,new,0,0,36.63,0.0
5019,lifestyle,male,senior,new,0,0,58.35,0.0
5020,lifestyle,female,adult,returning,0,0,50.14,0.0
5021,lifestyle,male,young,new,1,0,51.11,0.0
5022,studio,female,young,returning,0,0,39.93,0.0
5023,lifestyle,male,adult,new,0,0,35.81,0.0
5024,lifestyle,female,adult,new,0,0,38.87,0.0
5025,lifestyle,male,young,new,0,0,47.68,0.0
5026,lifestyle,female,adult,returning,0,0,35.66,0.0
5027,studio,male,adult,new,0,0,36.48,0.0
5028,studio,female,senior,new,0,0,43.8,0.0
5029,lifestyle,female,young,returning,0,0,38.61,0.0
5030,studio,male,young,returning,1,0,57.2,0.0
5031,studio,female,adult,returning,0,0,30.61,0.0
5032,lifestyle,female,adult,new,1,0,66.43,0.0
5033,lifestyle,male,adult,new,0,0,43.31,0.0
5034,lifestyle,female,senior,new,0,0,48.73,0.0
5035,studio,female,adult,returning,0,0,26.01,0.0
5036,studio,female,adult,new,0,0,32.65,0.0
5037,lifestyle,male,young,new,0,0,43.95,0.0
5038,lifestyle,male,adult,new,0,0,52.24,0.0
5039,lifestyle,female,adult,new,0,0,38.78,0.0
5040,lifestyle,male,adult,returning,0,0,52.21,0.0
5041,lifestyle,female,senior,returning,0,0,39.44,0.0
5042,lifestyle,male,adult,returning,0,0,45.34,0.0
5043,studio,male,adult,new,0,0,29.93,0.0
5044,lifestyle,female,young,returning,0,0,57.44,0.0
5045,lifestyle,female,young,new,1,0,70.64,0.0
5046,lifestyle,female,young,new,0,1,64.86,73.39
5047,studio,male,young,new,0,0,29.65,0.0
5048,lifestyle,male,adult,new,1,0,41.83,0.0
5049,studio,male,young,new,0,0,38.78,0.0
5050,lifestyle,female,adult,new,1,0,59.08,0.0
5051,studio,female,adult,returning,0,1,63.58,151.38
5052,lifestyle,female,adult,returning,0,0,27.34,0.0
5053,studio,male,adult,new,0,0,36.42,0.0
5054,studio,female,young,new,0,0,39.29,0.0
5055,studio,male,senior,new,0,0,30.98,0.0
5056,lifestyle,female,young,new,0,0,43.17,0.0
5057,studio,male,senior,new,0,0,32.73,0.0
5058,studio,female,young,new,0,0,26.75,0.0
5059,lifestyle,male,adult,returning,0,0,36.69,0.0
5060,studio,male,young,new,0,0,32.34,0.0
5061,lifestyle,male,young,new,0,0,54.39,0.0
5062,lifestyle,male,adult,returning,0,0,38.78,0.0
5063,lifestyle,male,adult,returning,0,0,33.54,0.0
5064,studio,male,young,new,0,0,43.13,0.0
5065,lifestyle,male,adult,new,0,0,52.28,0.0
5066,studio,female,young,returning,0,0,43.19,0.0
5067,studio,male,adult,returning,0,0,48.69,0.0
5068,studio,female,senior,new,0,0,41.92,0.0
5069,lifestyle,male,senior,new,0,1,68.56,133.99
5070,studio,female,adult,new,0,0,27.96,0.0
5071,lifestyle,female,young,new,0,1,75.99,120.22
5072,lifestyle,male,young,new,0,0,41.08,0.0
5073,studio,female,senior,new,0,0,36.96,0.0
5074,studio,male,young,returning,0,0,31.07,0.0
5075,lifestyle,female,adult,new,0,0,48.37,0.0
5076,lifestyle,female,adult,new,0,0,42.84,0.0
5077,lifestyle,male,senior,new,0,0,48.9,0.0
5078,studio,male,adult,new,0,0,31.75,0.0
5079,studio,male,adult,new,0,0,33.02,0.0
5080,studio,male,adult,new,1,0,48.52,0.0
5081,studio,female,senior,returning,0,0,54.22,0.0
5082,studio,male,senior,new,0,0,21.99,0.0
5083,lifestyle,male,adult,returning,0,0,46.48,0.0
5084,studio,male,adult,returning,0,0,45.88,0.0
5085,studio,male,adult,new,0,0,16.61,0.0
5086,lifestyle,male,adult,returning,0,0,41.29,0.0
5087,lifestyle,female,senior,returning,0,0,56.82,0.0
5088,studio,male,adult,new,0,0,27.47,0.0
5089,lifestyle,female,adult,returning,0,0,44.69,0.0
5090,studio,male,adult,new,0,0,25.68,0.0
5091,studio,male,adult,new,0,0,35.33,0.0
5092,studio,female,senior,new,0,0,52.78,0.0
5093,lifestyle,male,adult,returning,0,0,58.96,0.0
5094,studio,male,young,new,1,0,52.55,0.0
5095,studio,female,adult,returning,0,0,22.21,0.0
5096,studio,female,young,returning,0,1,51.9,171.31
5097,lifestyle,male,adult,new,0,0,23.87,0.0
5098,studio,female,senior,new,0,0,37.06,0.0
5099,studio,female,adult,new,0,0,44.65,0.0
5100,studio,male,senior,new,0,0,26.37,0.0
5101,studio,male,young,returning,0,0,32.93,0.0
5102,lifestyle,male,senior,new,1,0,53.84,0.0
5103,lifestyle,male,adult,new,0,0,59.94,0.0
5104,studio,female,young,new,0,0,38.99,0.0
5105,studio,female,adult,returning,0,0,43.5,0.0
5106,studio,female,senior,new,0,0,42.93,0.0
5107,studio,male,young,returning,0,0,42.61,0.0
5108,studio,male,adult,returning,0,0,45.81,0.0
5109,lifestyle,female,senior,returning,0,0,47.38,0.0
5110,lifestyle,male,young,new,0,0,36.69,0.0
5111,lifestyle,female,adult,new,0,0,32.65,0.0
5112,lifestyle,female,adult,new,0,0,59.59,0.0
5113,lifestyle,female,young,new,0,0,50.21,0.0
5114,lifestyle,male,adult,returning,0,0,19.77,0.0
5115,studio,male,young,new,1,0,47.55,0.0
5116,lifestyle,female,adult,new,1,0,61.16,0.0
5117,studio,female,young,new,0,0,51.72,0.0
5118,studio,female,young,new,0,0,23.97,0.0
5119,lifestyle,male,adult,new,0,0,46.26,0.0
5120,studio,female,adult,new,0,0,31.0,0.0
5121,studio,female,young,returning,0,0,23.03,0.0
5122,lifestyle,male,adult,new,0,0,55.45,0.0
5123,studio,female,senior,new,0,0,30.36,0.0
5124,studio,female,senior,new,0,0,49.71,0.0
5125,lifestyle,male,adult,new,0,0,26.05,0.0
5126,lifestyle,male,senior,returning,0,0,42.1,0.0
5127,lifestyle,female,senior,returning,0,0,52.72,0.0
5128,studio,male,adult,new,0,0,42.17,0.0
5129,studio,female,young,new,0,0,39.37,0.0
5130,lifestyle,male,young,new,0,0,51.85,0.0
5131,lifestyle,male,adult,returning,0,0,39.11,0.0
5132,lifestyle,female,senior,returning,0,0,60.92,0.0
5133,studio,female,adult,new,0,1,58.57,111.87
5134,studio,male,adult,returning,1,0,57.35,0.0
5135,lifestyle,female,young,new,1,0,60.64,0.0
5136,studio,male,young,returning,0,1,59.91,211.79
5137,lifestyle,male,adult,returning,0,0,31.99,0.0
5138,studio,male,senior,new,0,0,30.58,0.0
5139,lifestyle,male,adult,new,0,0,36.59,0.0
5140,lifestyle,female,senior,returning,0,0,52.14,0.0
5141,lifestyle,female,young,new,0,0,36.11,0.0
5142,studio,female,adult,returning,0,0,32.04,0.0
5143,lifestyle,female,adult,new,0,0,41.27,0.0
5144,lifestyle,male,senior,returning,1,0,76.18,0.0
5145,studio,female,young,new,0,0,41.03,0.0
5146,lifestyle,female,young,new,0,0,27.39,0.0
5147,lifestyle,female,young,returning,0,1,63.6,200.7
5148,lifestyle,female,senior,returning,0,0,43.97,0.0
5149,lifestyle,female,young,new,0,0,39.72,0.0
5150,studio,male,young,new,1,0,50.01,0.0
5151,studio,female,adult,returning,0,0,46.26,0.0
5152,studio,female,adult,returning,0,0,26.86,0.0
5153,lifestyle,female,adult,returning,1,0,59.04,0.0
5154,lifestyle,male,senior,new,0,0,49.91,0.0
5155,lifestyle,female,adult,new,0,0,39.79,0.0
5156,studio,female,senior,returning,0,0,33.62,0.0
5157,studio,male,adult,returning,0,0,27.45,0.0
5158,lifestyle,female,young,new,0,0,37.79,0.0
5159,studio,male,senior,new,0,1,67.38,113.12
5160,studio,male,adult,new,0,0,31.42,0.0
5161,lifestyle,male,adult,returning,0,0,41.01,0.0
5162,studio,female,adult,returning,1,0,38.43,0.0
5163,studio,male,adult,returning,0,0,30.26,0.0
5164,studio,female,young,new,0,0,37.29,0.0
5165,studio,male,adult,new,0,0,18.33,0.0
5166,lifestyle,male,adult,returning,0,0,52.45,0.0
5167,studio,male,adult,new,0,0,29.07,0.0
5168,studio,male,young,new,0,0,52.63,0.0
5169,studio,female,senior,new,0,0,44.2,0.0
5170,lifestyle,female,young,returning,0,0,23.65,0.0
5171,studio,male,young,new,0,0,37.78,0.0
5172,lifestyle,male,young,new,0,0,38.82,0.0
5173,studio,female,young,new,0,0,37.9,0.0
5174,studio,male,adult,new,0,0,51.17,0.0
5175,studio,female,adult,new,0,0,42.05,0.0
5176,lifestyle,female,senior,new,0,0,44.74,0.0
5177,lifestyle,male,senior,returning,0,0,33.03,0.0
5178,studio,male,adult,new,1,0,58.73,0.0
5179,lifestyle,female,adult,new,0,0,47.1,0.0
5180,lifestyle,male,adult,returning,0,0,53.58,0.0
5181,studio,male,adult,new,0,0,33.57,0.0
5182,lifestyle,male,adult,new,1,0,59.95,0.0
5183,studio,female,adult,new,0,0,32.54,0.0
5184,lifestyle,female,adult,returning,0,0,42.87,0.0
5185,lifestyle,male,adult,returning,0,0,26.85,0.0
5186,lifestyle,female,adult,new,0,0,45.18,0.0
5187,lifestyle,male,adult,new,0,0,45.82,0.0
5188,studio,female,adult,returning,0,0,29.96,0.0
5189,lifestyle,male,adult,new,0,0,48.07,0.0
5190,studio,female,adult,returning,0,1,63.73,161.17
5191,studio,female,senior,new,0,0,54.0,0.0
5192,lifestyle,male,senior,new,0,0,36.8,0.0
5193,lifestyle,male,young,new,0,0,48.69,0.0
5194,lifestyle,male,young,new,0,0,55.38,0.0
5195,studio,male,adult,new,0,0,31.49,0.0
5196,lifestyle,male,adult,new,0,0,55.95,0.0
5197,lifestyle,female,young,new,0,0,34.74,0.0
5198,studio,female,young,new,0,0,35.7,0.0
5199,studio,male,adult,new,0,0,17.73,0.0
5200,studio,female,adult,new,0,0,16.33,0.0
5201,studio,female,adult,returning,0,0,19.47,0.0
5202,lifestyle,female,adult,returning,0,0,56.19,0.0
5203,lifestyle,male,adult,new,0,0,34.24,0.0
5204,lifestyle,male,young,new,0,0,34.27,0.0
5205,lifestyle,female,adult,new,0,0,46.08,0.0
5206,studio,male,young,new,0,0,27.56,0.0
5207,lifestyle,female,adult,returning,1,0,69.05,0.0
5208,studio,female,young,new,0,0,53.64,0.0
5209,lifestyle,male,adult,returning,0,0,19.78,0.0
5210,studio,male,adult,new,1,0,55.2,0.0
5211,lifestyle,female,adult,new,0,0,21.4,0.0
5212,studio,female,young,returning,0,0,21.4,0.0
5213,studio,female,young,new,0,0,39.78,0.0
5214,lifestyle,male,adult,new,0,0,32.56,0.0
5215,studio,female,young,new,0,0,37.61,0.0
5216,lifestyle,female,young,returning,1,0,57.31,0.0
5217,studio,female,adult,new,0,0,18.52,0.0
5218,lifestyle,male,adult,new,0,0,48.57,0.0
5219,studio,male,young,returning,0,0,37.99,0.0
5220,studio,male,adult,new,0,0,35.39,0.0
5221,studio,female,senior,returning,0,0,33.52,0.0
5222,studio,female,senior,new,1,0,58.9,0.0
5223,studio,female,young,returning,0,0,22.06,0.0
5224,studio,female,adult,returning,0,0,24.92,0.0
5225,studio,male,adult,new,0,0,38.21,0.0
5226,studio,male,senior,new,0,1,70.3,99.59
5227,lifestyle,male,adult,returning,0,0,37.23,0.0
5228,lifestyle,male,adult,returning,0,0,46.57,0.0
5229,studio,female,adult,new,0,0,37.05,0.0
5230,lifestyle,female,adult,returning,0,0,46.14,0.0
5231,lifestyle,male,adult,new,0,0,35.08,0.0
5232,studio,female,young,new,0,0,33.51,0.0
5233,lifestyle,female,young,new,0,0,41.62,0.0
5234,studio,male,adult,new,0,0,49.98,0.0
5235,lifestyle,male,senior,new,0,0,35.96,0.0
5236,studio,male,adult,new,0,0,20.96,0.0
5237,lifestyle,male,adult,returning,0,0,71.99,0.0
5238,lifestyle,female,adult,new,0,0,45.09,0.0
5239,studio,male,young,new,0,0,40.49,0.0
5240,studio,male,adult,returning,1,0,56.42,0.0
5241,lifestyle,female,adult,new,0,0,49.72,0.0
5242,studio,female,senior,new,0,0,48.99,0.0
5243,lifestyle,male,young,returning,0,0,49.76,0.0
5244,lifestyle,female,adult,returning,1,0,68.27,0.0
5245,lifestyle,male,young,new,0,0,43.67,0.0
5246,lifestyle,male,young,new,0,0,52.72,0.0
5247,lifestyle,female,adult,new,0,0,60.92,0.0
5248,lifestyle,male,adult,returning,0,0,43.96,0.0
5249,studio,female,young,new,0,0,39.81,0.0
5250,studio,male,young,new,0,0,29.2,0.0
5251,studio,male,adult,returning,0,0,33.35,0.0
5252,lifestyle,female,senior,new,0,0,50.53,0.0
5253,lifestyle,male,young,new,0,1,58.11,131.54
5254,studio,female,adult,new,0,0,35.92,0.0
5255,lifestyle,female,young,new,0,0,45.41,0.0
5256,studio,female,senior,returning,0,0,55.21,0.0
5257,studio,female,adult,new,0,0,26.36,0.0
5258,lifestyle,male,adult,new,0,1,66.2,139.87
5259,studio,female,young,new,0,1,48.96,120.22
5260,lifestyle,female,adult,new,0,0,49.66,0.0
5261,studio,female,adult,returning,0,0,43.45,0.0
5262,lifestyle,female,young,returning,0,0,58.77,0.0
5263,lifestyle,female,young,new,0,0,37.74,0.0
5264,studio,male,adult,new,0,0,36.46,0.0
5265,lifestyle,female,adult,new,1,0,65.04,0.0
5266,lifestyle,male,young,new,1,0,63.59,0.0
5267,studio,male,adult,returning,1,0,25.12,0.0
5268,studio,female,young,returning,0,0,28.13,0.0
5269,lifestyle,male,young,new,1,0,62.7,0.0
5270,studio,male,adult,new,0,0,32.9,0.0
5271,studio,male,young,new,1,0,58.11,0.0
5272,studio,female,adult,new,0,0,45.42,0.0
5273,studio,male,adult,new,0,0,32.87,0.0
5274,lifestyle,female,adult,new,0,0,48.01,0.0
5275,studio,male,adult,new,0,0,49.56,0.0
5276,studio,female,senior,new,1,0,65.19,0.0
5277,studio,male,adult,new,0,0,27.29,0.0
5278,studio,female,adult,returning,0,0,33.15,0.0
5279,lifestyle,male,young,returning,0,0,42.27,0.0
5280,studio,female,adult,new,0,0,25.65,0.0
5281,lifestyle,female,adult,new,0,0,52.7,0.0
5282,studio,female,young,new,0,0,28.55,0.0
5283,studio,female,adult,returning,0,0,33.99,0.0
5284,lifestyle,male,young,returning,1,0,67.72,0.0
5285,studio,female,young,returning,0,0,30.49,0.0
5286,lifestyle,female,young,returning,0,0,38.63,0.0
5287,lifestyle,female,adult,new,0,0,45.38,0.0
5288,studio,female,adult,new,0,0,30.91,0.0
5289,studio,female,young,new,0,0,50.33,0.0
5290,lifestyle,female,adult,new,0,0,32.85,0.0
5291,studio,male,young,new,0,0,12.05,0.0
5292,studio,female,young,returning,0,1,63.43,169.96
5293,studio,female,adult,returning,0,0,31.42,0.0
5294,studio,female,adult,new,0,0,26.92,0.0
5295,lifestyle,male,young,returning,1,0,60.84,0.0
5296,studio,female,young,new,0,0,39.19,0.0
5297,studio,female,adult,returning,0,0,27.38,0.0
5298,lifestyle,male,young,returning,0,0,53.87,0.0
5299,studio,female,young,new,0,0,43.62,0.0
5300,studio,male,adult,new,0,0,54.75,0.0
5301,lifestyle,female,adult,new,0,0,37.41,0.0
5302,studio,male,adult,returning,0,0,36.56,0.0
5303,lifestyle,male,senior,new,0,0,49.33,0.0
5304,lifestyle,male,young,returning,0,0,38.73,0.0
5305,studio,female,adult,new,0,0,39.03,0.0
5306,lifestyle,male,young,returning,0,0,46.78,0.0
5307,studio,female,adult,returning,0,0,39.79,0.0
5308,studio,female,senior,returning,0,0,36.74,0.0
5309,lifestyle,female,adult,new,0,0,39.91,0.0
5310,lifestyle,male,adult,new,0,1,56.33,179.78
5311,studio,female,adult,new,0,0,27.49,0.0
5312,lifestyle,female,young,new,0,0,41.36,0.0
5313,lifestyle,male,adult,new,0,0,57.17,0.0
5314,lifestyle,male,senior,new,0,0,67.39,0.0
5315,lifestyle,male,adult,returning,1,0,70.14,0.0
5316,studio,female,young,new,0,0,30.36,0.0
5317,studio,male,young,returning,0,0,39.08,0.0
5318,lifestyle,male,young,new,0,0,21.53,0.0
5319,studio,female,young,new,0,0,33.45,0.0
5320,lifestyle,female,adult,new,0,0,38.11,0.0
5321,studio,female,young,new,0,0,53.74,0.0
5322,studio,female,young,new,0,0,37.6,0.0
5323,studio,male,adult,new,0,0,35.51,0.0
5324,lifestyle,female,adult,returning,0,0,41.32,0.0
5325,studio,male,adult,new,1,0,47.09,0.0
5326,lifestyle,female,adult,new,0,0,47.32,0.0
5327,studio,female,young,new,0,0,28.38,0.0
5328,studio,male,young,returning,0,0,40.5,0.0
5329,studio,female,young,returning,0,0,49.32,0.0
5330,lifestyle,female,adult,returning,1,0,58.13,0.0
5331,studio,male,young,new,0,0,31.86,0.0
5332,studio,female,adult,new,0,0,34.25,0.0
5333,studio,female,young,new,0,0,47.01,0.0
5334,studio,female,senior,returning,1,0,56.39,0.0
5335,lifestyle,female,adult,new,0,0,35.91,0.0
5336,lifestyle,female,adult,new,0,0,50.09,0.0
5337,studio,male,adult,new,0,0,27.89,0.0
5338,lifestyle,male,adult,new,0,0,39.67,0.0
5339,lifestyle,male,adult,new,0,0,44.29,0.0
5340,studio,male,senior,new,0,0,31.93,0.0
5341,lifestyle,female,adult,new,0,0,24.14,0.0
5342,lifestyle,male,adult,returning,0,0,46.49,0.0
5343,studio,male,adult,new,0,0,13.08,0.0
5344,studio,male,adult,new,0,0,25.73,0.0
5345,lifestyle,female,young,new,0,0,49.78,0.0
5346,lifestyle,female,young,returning,0,0,46.19,0.0
5347,studio,male,adult,new,1,0,48.42,0.0
5348,studio,female,young,new,0,0,26.05,0.0
5349,studio,male,young,new,0,0,30.69,0.0
5350,lifestyle,female,young,new,0,0,47.76,0.0
5351,lifestyle,male,adult,new,0,0,40.68,0.0
5352,lifestyle,female,senior,new,0,0,34.65,0.0
5353,studio,female,adult,returning,0,0,26.2,0.0
5354,lifestyle,female,adult,returning,1,0,52.65,0.0
5355,lifestyle,male,adult,returning,1,0,60.67,0.0
5356,studio,female,young,new,0,0,36.05,0.0
5357,studio,female,young,new,0,0,22.54,0.0
5358,lifestyle,female,adult,returning,0,0,55.47,0.0
5359,lifestyle,male,young,returning,0,0,34.57,0.0
5360,studio,male,young,new,0,0,39.41,0.0
5361,lifestyle,female,adult,new,0,0,32.53,0.0
5362,studio,male,adult,returning,0,1,79.82,133.92
5363,lifestyle,male,adult,new,0,0,55.25,0.0
5364,lifestyle,male,adult,returning,0,0,34.26,0.0
5365,lifestyle,female,adult,new,1,0,57.88,0.0
5366,lifestyle,male,adult,new,0,0,31.71,0.0
5367,lifestyle,female,senior,new,0,0,43.44,0.0
5368,studio,male,young,new,0,0,39.23,0.0
5369,lifestyle,male,adult,new,0,0,50.45,0.0
5370,studio,male,senior,returning,0,0,27.62,0.0
5371,studio,male,adult,returning,0,0,27.51,0.0
5372,studio,female,adult,returning,0,0,44.42,0.0
5373,studio,female,adult,new,0,0,48.24,0.0
5374,lifestyle,female,adult,new,0,0,34.27,0.0
5375,studio,male,young,new,0,0,44.57,0.0
5376,lifestyle,female,senior,returning,0,0,34.64,0.0
5377,lifestyle,female,adult,new,0,1,59.02,116.12
5378,studio,female,senior,new,0,0,28.56,0.0
5379,lifestyle,female,adult,returning,0,1,57.94,179.59
5380,studio,male,young,new,0,0,54.09,0.0
5381,studio,female,young,returning,0,0,34.45,0.0
5382,lifestyle,male,senior,returning,0,0,44.18,0.0
5383,studio,male,adult,new,0,0,29.35,0.0
5384,studio,female,young,new,0,0,32.0,0.0
5385,lifestyle,female,adult,returning,0,0,33.91,0.0
5386,lifestyle,female,adult,new,0,0,43.37,0.0
5387,studio,male,adult,new,0,0,34.67,0.0
5388,lifestyle,male,adult,new,0,0,37.43,0.0
5389,lifestyle,male,adult,new,0,0,36.55,0.0
5390,lifestyle,female,senior,returning,0,0,48.83,0.0
5391,studio,male,young,returning,0,0,27.71,0.0
5392,lifestyle,female,young,returning,0,0,39.6,0.0
5393,lifestyle,male,adult,returning,0,0,37.49,0.0
5394,lifestyle,female,senior,new,0,0,24.94,0.0
5395,lifestyle,female,adult,returning,0,0,50.6,0.0
5396,studio,male,adult,new,0,0,16.67,0.0
5397,studio,male,adult,new,1,0,32.32,0.0
5398,studio,female,adult,returning,0,0,43.95,0.0
5399,studio,female,senior,new,0,0,28.92,0.0
5400,lifestyle,female,senior,returning,1,0,41.24,0.0
5401,studio,female,adult,new,0,0,48.37,0.0
5402,lifestyle,male,adult,returning,0,0,35.62,0.0
5403,lifestyle,female,young,new,0,0,54.15,0.0
5404,studio,male,adult,new,0,0,25.85,0.0
5405,studio,female,adult,new,0,0,18.57,0.0
5406,lifestyle,male,adult,new,0,0,38.78,0.0
5407,lifestyle,female,young,new,0,0,29.92,0.0
5408,studio,male,senior,returning,0,0,44.04,0.0
5409,studio,male,adult,returning,0,0,41.76,0.0
5410,lifestyle,male,adult,new,0,0,51.3,0.0
5411,lifestyle,female,young,new,1,0,53.88,0.0
5412,studio,female,adult,new,0,0,48.8,0.0
5413,lifestyle,female,adult,new,1,0,47.72,0.0
5414,studio,male,adult,new,0,0,36.34,0.0
5415,studio,female,adult,new,0,0,33.62,0.0
5416,studio,female,young,returning,0,0,54.73,0.0
5417,studio,male,adult,new,0,0,47.08,0.0
5418,studio,male,senior,new,0,0,40.32,0.0
5419,studio,female,adult,new,0,0,36.98,0.0
5420,studio,male,senior,new,0,0,55.36,0.0
5421,studio,male,senior,returning,0,1,52.48,185.39
5422,studio,female,senior,new,1,0,34.67,0.0
5423,lifestyle,male,senior,new,0,0,37.32,0.0
5424,studio,female,young,new,0,0,30.86,0.0
5425,studio,female,senior,returning,0,0,53.61,0.0
5426,lifestyle,female,young,returning,0,0,52.36,0.0
5427,lifestyle,female,young,new,0,0,41.56,0.0
5428,studio,male,young,new,0,0,39.67,0.0
5429,lifestyle,female,young,new,0,1,54.91,112.08
5430,lifestyle,male,adult,new,0,0,62.89,0.0
5431,lifestyle,female,adult,returning,0,0,54.13,0.0
5432,studio,female,young,new,0,0,35.54,0.0
5433,lifestyle,female,adult,returning,0,0,41.26,0.0
5434,studio,female,adult,new,0,0,42.02,0.0
5435,lifestyle,male,adult,new,0,0,41.43,0.0
5436,lifestyle,male,young,returning,0,0,23.79,0.0
5437,studio,female,young,new,0,0,50.33,0.0
5438,lifestyle,male,young,new,0,0,53.69,0.0
5439,studio,female,young,returning,0,0,38.72,0.0
5440,lifestyle,male,adult,returning,0,0,37.8,0.0
5441,studio,female,adult,returning,1,0,50.1,0.0
5442,studio,male,young,returning,0,0,8.56,0.0
5443,studio,female,adult,returning,0,0,23.93,0.0
5444,lifestyle,female,adult,new,1,0,74.67,0.0
5445,studio,male,senior,returning,0,0,45.17,0.0
5446,studio,male,young,returning,1,0,30.51,0.0
5447,studio,male,adult,new,0,0,26.72,0.0
5448,lifestyle,male,adult,new,0,0,22.75,0.0
5449,lifestyle,male,young,new,0,0,34.2,0.0
5450,studio,male,senior,returning,0,0,38.35,0.0
5451,studio,female,adult,new,0,0,51.02,0.0
5452,studio,male,adult,returning,0,0,42.85,0.0
5453,studio,female,adult,new,0,0,31.98,0.0
5454,studio,female,adult,new,0,0,32.47,0.0
5455,lifestyle,male,young,new,0,0,33.99,0.0
5456,studio,male,young,new,0,0,45.9,0.0
5457,studio,female,adult,new,0,0,47.1,0.0
5458,studio,male,senior,new,0,0,26.62,0.0
5459,lifestyle,female,young,new,0,0,24.79,0.0
5460,lifestyle,female,adult,new,0,0,38.81,0.0
5461,lifestyle,male,adult,new,0,0,40.04,0.0
5462,studio,female,young,new,0,0,37.59,0.0
5463,studio,male,adult,returning,0,0,18.25,0.0
5464,studio,male,adult,returning,0,0,27.84,0.0
5465,studio,female,adult,returning,0,0,34.18,0.0
5466,lifestyle,female,adult,new,0,0,34.21,0.0
5467,lifestyle,female,young,new,0,0,50.58,0.0
5468,lifestyle,female,adult,new,0,0,60.69,0.0
5469,lifestyle,female,adult,returning,1,0,51.61,0.0
5470,studio,female,adult,new,0,0,43.89,0.0
5471,lifestyle,male,young,returning,1,0,53.43,0.0
5472,studio,female,adult,new,0,0,25.7,0.0
5473,studio,female,senior,new,0,0,32.88,0.0
5474,lifestyle,male,young,new,1,0,64.69,0.0
5475,studio,female,adult,returning,0,1,48.58,139.08
5476,studio,male,adult,new,1,0,45.54,0.0
5477,studio,female,young,new,0,0,23.56,0.0
5478,lifestyle,female,senior,returning,0,1,73.34,166.88
5479,lifestyle,female,young,returning,0,0,46.58,0.0
5480,studio,male,young,new,0,0,49.55,0.0
5481,lifestyle,female,young,new,0,0,47.96,0.0
5482,studio,male,young,new,0,0,39.13,0.0
5483,studio,female,young,new,0,0,40.83,0.0
5484,lifestyle,female,adult,returning,0,0,39.44,0.0
5485,lifestyle,female,young,new,0,0,43.1,0.0
5486,lifestyle,female,senior,returning,0,0,56.31,0.0
5487,studio,female,adult,new,0,0,26.8,0.0
5488,lifestyle,male,adult,new,0,0,59.02,0.0
5489,lifestyle,male,adult,returning,0,0,48.38,0.0
5490,lifestyle,female,adult,new,0,0,62.21,0.0
5491,studio,female,adult,returning,1,0,38.25,0.0
5492,lifestyle,male,young,returning,0,0,30.24,0.0
5493,lifestyle,female,senior,new,1,0,65.72,0.0
5494,studio,male,adult,new,1,0,51.24,0.0
5495,studio,male,young,new,0,0,30.43,0.0
5496,studio,female,adult,returning,0,0,22.31,0.0
5497,lifestyle,male,adult,new,0,0,39.32,0.0
5498,lifestyle,male,young,new,0,0,44.17,0.0
5499,lifestyle,male,adult,new,0,0,28.92,0.0
5500,lifestyle,female,adult,new,0,0,37.9,0.0
5501,lifestyle,female,adult,new,1,1,80.82,100.33
5502,studio,female,adult,new,0,0,42.88,0.0
5503,studio,male,senior,returning,0,0,37.14,0.0
5504,studio,female,young,new,0,0,26.99,0.0
5505,studio,female,adult,new,0,0,36.15,0.0
5506,studio,female,young,returning,0,0,32.93,0.0
5507,lifestyle,female,adult,returning,0,0,27.35,0.0
5508,studio,male,young,new,0,0,30.49,0.0
5509,studio,male,young,new,0,0,29.1,0.0
5510,studio,male,adult,new,0,0,35.23,0.0
5511,studio,male,adult,new,0,0,27.66,0.0
5512,lifestyle,female,young,returning,0,0,36.52,0.0
5513,lifestyle,female,adult,new,0,0,40.18,0.0
5514,lifestyle,female,adult,returning,0,0,48.38,0.0
5515,studio,male,young,new,0,0,35.93,0.0
5516,lifestyle,male,young,returning,0,0,68.65,0.0
5517,lifestyle,male,senior,new,0,0,34.35,0.0
5518,lifestyle,male,adult,returning,0,0,51.12,0.0
5519,studio,male,adult,new,0,0,34.22,0.0
5520,lifestyle,female,adult,returning,0,0,28.06,0.0
5521,lifestyle,male,adult,new,0,0,38.22,0.0
5522,lifestyle,female,young,new,0,0,26.87,0.0
5523,lifestyle,male,young,returning,0,0,42.83,0.0
5524,studio,female,adult,new,0,0,31.95,0.0
5525,lifestyle,female,senior,new,0,0,40.15,0.0
5526,studio,male,young,returning,0,0,24.4,0.0
5527,lifestyle,female,young,returning,0,0,52.17,0.0
5528,studio,female,senior,new,0,0,38.4,0.0
5529,studio,female,young,new,0,0,37.09,0.0
5530,studio,female,adult,new,0,0,36.77,0.0
5531,lifestyle,male,young,returning,0,0,43.08,0.0
5532,studio,female,adult,new,0,0,31.73,0.0
5533,lifestyle,female,adult,returning,0,0,57.18,0.0
5534,lifestyle,male,young,new,0,0,64.36,0.0
5535,studio,male,adult,new,0,0,49.48,0.0
5536,studio,female,adult,new,0,0,35.21,0.0
5537,studio,male,adult,returning,0,0,34.53,0.0
5538,lifestyle,female,adult,new,0,0,52.93,0.0
5539,lifestyle,female,adult,new,0,0,34.42,0.0
5540,studio,female,adult,new,0,0,52.1,0.0
5541,studio,male,adult,new,0,0,42.91,0.0
5542,lifestyle,male,adult,new,0,0,39.2,0.0
5543,lifestyle,male,adult,new,0,0,44.82,0.0
5544,lifestyle,female,adult,returning,1,0,63.27,0.0
5545,lifestyle,female,young,new,0,0,37.72,0.0
5546,studio,female,young,new,0,0,45.34,0.0
5547,studio,female,young,returning,0,0,47.73,0.0
5548,studio,male,senior,new,1,0,52.37,0.0
5549,studio,male,adult,returning,0,0,30.24,0.0
5550,studio,female,adult,new,0,0,33.95,0.0
5551,studio,female,young,new,0,0,23.43,0.0
5552,studio,male,young,new,0,0,18.32,0.0
5553,lifestyle,male,senior,new,0,0,42.67,0.0
5554,lifestyle,male,senior,new,0,0,37.4,0.0
5555,lifestyle,male,young,new,0,0,59.71,0.0
5556,lifestyle,female,adult,returning,1,0,52.44,0.0
5557,studio,female,adult,new,0,0,39.56,0.0
5558,lifestyle,female,young,new,0,0,35.72,0.0
5559,studio,female,adult,new,0,0,52.82,0.0
5560,lifestyle,female,adult,returning,0,0,40.06,0.0
5561,studio,female,adult,new,0,0,22.56,0.0
5562,lifestyle,male,young,new,0,0,48.7,0.0
5563,studio,female,young,returning,0,0,37.59,0.0
5564,studio,male,young,returning,0,0,47.03,0.0
5565,lifestyle,male,young,new,0,1,60.46,134.2
5566,studio,male,adult,returning,0,0,36.08,0.0
5567,lifestyle,female,young,new,0,0,26.93,0.0
5568,lifestyle,male,adult,returning,0,1,70.35,135.14
5569,lifestyle,male,adult,new,0,0,42.63,0.0
5570,lifestyle,male,adult,returning,0,0,40.76,0.0
5571,lifestyle,female,adult,returning,1,0,54.71,0.0
5572,studio,female,adult,new,0,0,32.18,0.0
5573,lifestyle,female,young,new,0,0,50.49,0.0
5574,lifestyle,male,young,new,1,0,47.74,0.0
5575,lifestyle,male,young,new,0,1,69.43,96.02
5576,studio,female,young,new,0,0,18.95,0.0
5577,lifestyle,male,young,returning,0,0,22.83,0.0
5578,lifestyle,female,young,new,0,0,56.11,0.0
5579,lifestyle,female,adult,new,0,0,31.77,0.0
5580,studio,female,senior,new,0,0,41.06,0.0
5581,studio,female,young,new,0,0,32.32,0.0
5582,studio,male,adult,new,0,0,38.44,0.0
5583,lifestyle,male,young,new,0,0,42.51,0.0
5584,lifestyle,female,adult,returning,0,1,72.43,83.25
5585,studio,male,adult,returning,1,0,35.71,0.0
5586,studio,male,senior,returning,0,0,46.71,0.0
5587,studio,male,young,returning,0,0,34.49,0.0
5588,studio,male,young,new,1,0,34.68,0.0
5589,lifestyle,male,young,returning,1,0,51.7,0.0
5590,lifestyle,male,adult,new,0,0,25.96,0.0
5591,studio,female,senior,new,0,0,23.27,0.0
5592,lifestyle,female,adult,new,0,0,37.63,0.0
5593,studio,female,adult,new,0,1,66.86,155.58
5594,lifestyle,female,adult,new,0,0,45.13,0.0
5595,studio,male,senior,new,0,0,52.99,0.0
5596,studio,male,adult,new,0,0,35.76,0.0
5597,studio,male,young,new,0,0,50.5,0.0
5598,lifestyle,female,adult,returning,0,0,56.47,0.0
5599,lifestyle,female,young,new,0,0,32.5,0.0
5600,lifestyle,male,young,returning,0,0,42.71,0.0
5601,studio,male,young,new,0,0,27.78,0.0
5602,studio,female,adult,returning,0,0,33.55,0.0
5603,studio,female,adult,returning,0,0,51.58,0.0
5604,lifestyle,female,young,returning,0,0,35.58,0.0
5605,studio,male,adult,new,0,0,23.14,0.0
5606,lifestyle,male,adult,new,0,0,30.8,0.0
5607,lifestyle,female,senior,new,0,0,43.05,0.0
5608,lifestyle,female,adult,new,0,0,79.45,0.0
5609,studio,female,adult,new,0,0,49.73,0.0
5610,studio,female,adult,returning,0,0,6.27,0.0
5611,studio,female,young,new,0,0,34.64,0.0
5612,lifestyle,female,young,new,0,0,35.71,0.0
5613,lifestyle,male,adult,new,1,0,66.86,0.0
5614,studio,male,young,new,0,0,23.21,0.0
5615,studio,female,young,returning,0,0,24.64,0.0
5616,lifestyle,male,adult,returning,0,0,36.29,0.0
5617,lifestyle,female,young,new,0,0,35.08,0.0
5618,studio,female,young,new,0,0,41.52,0.0
5619,lifestyle,female,adult,returning,0,1,58.65,151.43
5620,studio,male,adult,new,0,0,45.03,0.0
5621,studio,male,adult,new,0,0,26.9,0.0
5622,lifestyle,female,adult,returning,0,0,50.66,0.0
5623,lifestyle,female,adult,new,0,0,30.43,0.0
5624,lifestyle,female,adult,new,0,0,48.15,0.0
5625,studio,male,young,new,0,0,30.0,0.0
5626,lifestyle,male,young,returning,0,0,50.92,0.0
5627,studio,female,adult,new,0,0,10.59,0.0
5628,studio,female,adult,new,0,0,27.17,0.0
5629,lifestyle,female,adult,returning,0,0,53.68,0.0
5630,studio,male,adult,returning,0,0,32.98,0.0
5631,lifestyle,male,young,new,0,0,24.99,0.0
5632,lifestyle,male,adult,new,0,1,54.93,118.61
5633,studio,female,adult,new,0,0,38.84,0.0
5634,studio,female,adult,new,0,0,26.89,0.0
5635,studio,male,adult,new,0,0,46.61,0.0
5636,studio,male,senior,returning,0,0,50.85,0.0
5637,lifestyle,female,adult,new,1,0,63.68,0.0
5638,lifestyle,male,senior,new,0,0,57.31,0.0
5639,studio,female,young,new,0,0,29.85,0.0
5640,studio,female,young,new,0,0,49.87,0.0
5641,lifestyle,male,young,returning,0,0,52.76,0.0
5642,lifestyle,male,young,returning,0,0,40.71,0.0
5643,studio,female,adult,returning,0,0,18.74,0.0
5644,studio,male,adult,new,1,0,26.33,0.0
5645,lifestyle,male,adult,returning,0,0,51.9,0.0
5646,studio,female,senior,new,0,0,23.89,0.0
5647,studio,female,senior,new,0,0,30.79,0.0
5648,lifestyle,female,young,new,0,0,46.77,0.0
5649,lifestyle,male,senior,new,0,0,34.0,0.0
5650,lifestyle,male,adult,new,0,0,66.34,0.0
5651,lifestyle,male,adult,new,0,0,44.37,0.0
5652,lifestyle,male,adult,new,0,0,56.78,0.0
5653,studio,female,young,new,0,0,45.43,0.0
5654,studio,male,senior,returning,0,0,14.62,0.0
5655,studio,female,adult,new,0,0,42.44,0.0
5656,studio,male,senior,returning,0,0,39.84,0.0
5657,lifestyle,male,senior,new,0,0,46.38,0.0
5658,lifestyle,female,adult,new,0,0,41.75,0.0
5659,lifestyle,male,young,new,0,1,72.55,106.98
5660,lifestyle,male,young,new,0,0,58.45,0.0
5661,studio,male,young,returning,0,0,23.08,0.0
5662,studio,male,young,new,0,0,35.77,0.0
5663,lifestyle,female,adult,new,0,0,56.02,0.0
5664,lifestyle,male,young,new,0,0,39.93,0.0
5665,lifestyle,female,senior,new,0,0,49.03,0.0
5666,lifestyle,female,adult,new,0,0,44.17,0.0
5667,lifestyle,female,young,new,1,0,78.15,0.0
5668,lifestyle,male,adult,new,0,0,49.48,0.0
5669,studio,female,adult,returning,0,0,55.71,0.0
5670,lifestyle,male,adult,returning,0,0,59.44,0.0
5671,lifestyle,female,adult,new,0,0,39.73,0.0
5672,studio,female,young,new,0,0,38.01,0.0
5673,lifestyle,male,adult,returning,0,1,82.52,177.93
5674,studio,female,adult,returning,0,0,23.58,0.0
5675,lifestyle,female,adult,new,1,0,64.61,0.0
5676,studio,female,adult,new,0,0,42.71,0.0
5677,lifestyle,male,young,new,0,0,39.24,0.0
5678,studio,female,young,new,1,0,46.2,0.0
5679,lifestyle,female,adult,new,0,0,39.57,0.0
5680,studio,male,senior,new,0,0,47.02,0.0
5681,studio,female,adult,returning,0,0,49.73,0.0
5682,studio,male,young,new,0,0,42.39,0.0
5683,lifestyle,male,young,new,0,0,29.42,0.0
5684,studio,female,young,new,0,1,70.06,154.97
5685,studio,female,young,returning,0,0,46.93,0.0
5686,lifestyle,female,adult,new,0,0,39.54,0.0
5687,lifestyle,female,adult,new,0,0,35.46,0.0
5688,lifestyle,male,young,new,0,0,32.92,0.0
5689,studio,male,young,new,0,0,45.74,0.0
5690,lifestyle,female,adult,new,0,0,23.21,0.0
5691,studio,male,senior,new,0,0,50.99,0.0
5692,studio,female,adult,new,0,0,30.49,0.0
5693,lifestyle,female,senior,new,0,0,49.85,0.0
5694,lifestyle,male,adult,new,1,0,22.79,0.0
5695,lifestyle,male,young,new,0,0,24.27,0.0
5696,studio,female,young,new,0,0,28.21,0.0
5697,studio,female,adult,new,0,0,25.88,0.0
5698,studio,female,adult,returning,0,0,42.58,0.0
5699,lifestyle,female,adult,returning,0,0,45.03,0.0
5700,studio,female,adult,returning,1,0,69.34,0.0
5701,studio,male,adult,new,0,0,40.13,0.0
5702,studio,male,young,new,0,0,28.5,0.0
5703,lifestyle,male,adult,new,0,0,54.23,0.0
5704,studio,male,adult,new,0,0,30.37,0.0
5705,lifestyle,male,adult,new,0,0,36.8,0.0
5706,studio,male,adult,new,0,0,35.02,0.0
5707,lifestyle,male,adult,new,0,0,58.19,0.0
5708,studio,male,young,new,0,0,45.51,0.0
5709,lifestyle,female,adult,returning,1,0,67.2,0.0
5710,lifestyle,female,young,new,0,0,61.61,0.0
5711,studio,male,adult,new,0,0,44.96,0.0
5712,lifestyle,female,young,new,1,0,44.72,0.0
5713,studio,male,young,returning,0,0,40.38,0.0
5714,lifestyle,female,young,returning,0,0,58.23,0.0
5715,lifestyle,male,adult,new,0,0,26.82,0.0
5716,studio,female,senior,new,1,0,54.85,0.0
5717,studio,male,young,returning,0,0,24.32,0.0
5718,studio,female,adult,new,0,0,36.28,0.0
5719,studio,male,young,returning,0,0,46.35,0.0
5720,studio,female,adult,new,0,0,48.43,0.0
5721,studio,male,young,new,0,0,33.16,0.0
5722,studio,male,young,returning,1,1,76.61,103.56
5723,lifestyle,female,young,new,0,0,26.96,0.0
5724,studio,male,senior,new,0,0,22.52,0.0
5725,studio,female,adult,new,0,0,46.2,0.0
5726,lifestyle,male,young,returning,0,0,11.74,0.0
5727,studio,male,young,new,0,0,28.13,0.0
5728,studio,female,young,new,0,0,41.77,0.0
5729,studio,male,young,new,0,0,37.21,0.0
5730,lifestyle,male,adult,returning,0,0,13.64,0.0
5731,lifestyle,female,adult,new,0,0,47.26,0.0
5732,studio,female,adult,new,0,0,26.39,0.0
5733,lifestyle,female,young,new,0,0,43.21,0.0
5734,lifestyle,male,adult,returning,0,0,35.76,0.0
5735,lifestyle,female,young,returning,1,0,50.08,0.0
5736,lifestyle,male,young,new,0,0,24.0,0.0
5737,lifestyle,male,adult,returning,0,1,58.41,121.31
5738,studio,female,young,new,0,0,47.36,0.0
5739,studio,male,adult,new,0,0,30.77,0.0
5740,studio,male,senior,returning,0,0,36.23,0.0
5741,lifestyle,male,young,new,1,0,49.95,0.0
5742,lifestyle,female,senior,new,0,0,34.14,0.0
5743,lifestyle,female,young,returning,0,0,32.02,0.0
5744,lifestyle,female,young,new,1,0,59.22,0.0
5745,studio,male,adult,new,0,0,59.59,0.0
5746,lifestyle,female,adult,returning,0,0,51.76,0.0
5747,lifestyle,female,young,new,0,0,48.2,0.0
5748,lifestyle,male,adult,new,0,0,61.91,0.0
5749,lifestyle,male,senior,new,0,0,51.68,0.0
5750,lifestyle,male,young,new,0,0,52.75,0.0
5751,studio,male,senior,returning,0,0,42.14,0.0
5752,lifestyle,female,adult,new,0,0,46.52,0.0
5753,studio,male,senior,new,0,0,25.91,0.0
5754,lifestyle,male,young,returning,0,0,38.9,0.0
5755,lifestyle,female,adult,new,0,0,36.38,0.0
5756,studio,female,young,new,0,0,28.85,0.0
5757,lifestyle,female,senior,returning,0,0,40.26,0.0
5758,studio,male,adult,returning,0,0,49.31,0.0
5759,studio,male,adult,new,0,0,31.31,0.0
5760,studio,male,young,new,0,0,33.56,0.0
5761,lifestyle,male,adult,new,0,0,64.65,0.0
5762,lifestyle,male,adult,new,0,0,49.75,0.0
5763,lifestyle,female,adult,new,0,0,42.08,0.0
5764,studio,male,adult,returning,0,0,45.58,0.0
5765,lifestyle,male,adult,new,0,0,35.31,0.0
5766,lifestyle,male,young,returning,0,0,37.75,0.0
5767,studio,female,young,returning,1,0,46.38,0.0
5768,studio,female,senior,new,0,0,42.5,0.0
5769,studio,female,adult,new,0,0,39.67,0.0
5770,lifestyle,male,young,returning,0,1,52.51,153.16
5771,lifestyle,male,young,returning,0,0,46.07,0.0
5772,lifestyle,male,senior,returning,0,0,53.04,0.0
5773,studio,male,young,new,0,0,30.32,0.0
5774,lifestyle,female,adult,new,0,0,40.34,0.0
5775,studio,female,senior,returning,0,0,28.63,0.0
5776,studio,female,young,new,0,1,39.91,162.8
5777,lifestyle,female,adult,returning,0,0,30.53,0.0
5778,studio,female,adult,new,0,0,42.21,0.0
5779,lifestyle,male,adult,returning,0,0,47.23,0.0
5780,studio,female,adult,new,0,0,54.28,0.0
5781,lifestyle,male,adult,returning,0,0,42.38,0.0
5782,studio,female,young,new,0,0,35.52,0.0
5783,lifestyle,male,young,returning,0,0,45.37,0.0
5784,studio,male,senior,new,0,0,29.33,0.0
5785,studio,female,young,new,0,0,44.03,0.0
5786,lifestyle,male,adult,new,0,0,45.82,0.0
5787,studio,male,young,returning,0,0,25.53,0.0
5788,lifestyle,male,adult,new,0,0,45.72,0.0
5789,lifestyle,male,adult,new,0,0,49.58,0.0
5790,studio,female,young,new,0,0,21.69,0.0
5791,studio,female,senior,new,0,0,50.57,0.0
5792,lifestyle,male,adult,new,0,0,37.5,0.0
5793,lifestyle,male,adult,new,0,0,11.3,0.0
5794,lifestyle,female,adult,returning,0,0,51.72,0.0
5795,lifestyle,male,young,new,0,0,55.43,0.0
5796,lifestyle,male,young,new,0,0,30.76,0.0
5797,studio,male,adult,returning,0,0,18.29,0.0
5798,lifestyle,female,young,returning,0,0,55.28,0.0
5799,lifestyle,male,young,returning,0,0,35.83,0.0
5800,studio,male,adult,new,0,0,48.45,0.0
5801,studio,female,adult,new,0,0,17.08,0.0
5802,studio,male,adult,new,0,0,49.05,0.0
5803,studio,female,adult,new,0,0,45.73,0.0
5804,lifestyle,male,adult,new,0,0,47.41,0.0
5805,studio,male,adult,returning,1,0,29.96,0.0
5806,studio,male,adult,new,0,0,31.38,0.0
5807,studio,male,senior,new,0,0,50.08,0.0
5808,lifestyle,female,young,new,0,0,25.13,0.0
5809,lifestyle,female,adult,new,0,0,36.78,0.0
5810,studio,male,senior,new,0,0,43.96,0.0
5811,studio,male,adult,new,0,0,23.41,0.0
5812,lifestyle,male,senior,new,0,0,60.01,0.0
5813,lifestyle,female,young,new,0,0,53.03,0.0
5814,studio,female,young,returning,1,0,52.42,0.0
5815,studio,male,senior,returning,0,0,44.34,0.0
5816,studio,female,adult,returning,0,0,29.6,0.0
5817,studio,female,adult,new,0,0,40.9,0.0
5818,lifestyle,female,young,returning,1,0,51.02,0.0
5819,lifestyle,male,adult,new,0,0,40.03,0.0
5820,studio,male,adult,returning,0,0,30.08,0.0
5821,lifestyle,male,young,new,1,0,71.36,0.0
5822,studio,female,adult,new,1,0,62.07,0.0
5823,lifestyle,female,adult,new,0,0,31.97,0.0
5824,lifestyle,female,young,new,0,0,55.38,0.0
5825,studio,male,adult,new,0,0,27.02,0.0
5826,studio,male,adult,returning,0,0,53.53,0.0
5827,lifestyle,male,young,new,0,0,57.71,0.0
5828,studio,female,adult,new,0,0,56.93,0.0
5829,studio,male,young,new,0,0,37.93,0.0
5830,lifestyle,male,young,new,0,0,39.2,0.0
5831,lifestyle,female,adult,returning,0,0,38.97,0.0
5832,studio,male,adult,new,0,0,38.75,0.0
5833,lifestyle,male,senior,returning,0,0,36.86,0.0
5834,studio,male,young,new,1,0,25.9,0.0
5835,lifestyle,female,adult,returning,0,0,38.0,0.0
5836,lifestyle,female,young,new,0,0,42.41,0.0
5837,lifestyle,female,adult,returning,0,0,47.56,0.0
5838,studio,female,adult,new,0,0,38.97,0.0
5839,lifestyle,female,adult,returning,0,0,43.41,0.0
5840,lifestyle,female,young,new,0,0,53.69,0.0
5841,studio,female,adult,new,0,0,26.27,0.0
5842,studio,female,adult,new,0,0,28.28,0.0
5843,studio,male,senior,new,1,0,76.09,0.0
5844,studio,male,young,new,0,0,3.16,0.0
5845,lifestyle,male,adult,new,0,0,53.19,0.0
5846,studio,female,adult,new,0,0,40.63,0.0
5847,studio,female,adult,returning,0,0,34.99,0.0
5848,lifestyle,female,young,returning,1,0,65.96,0.0
5849,studio,male,senior,new,0,0,47.18,0.0
5850,lifestyle,male,young,new,0,0,27.41,0.0
5851,studio,male,young,new,0,0,25.26,0.0
5852,lifestyle,female,adult,returning,0,0,37.19,0.0
5853,lifestyle,male,adult,returning,0,0,20.79,0.0
5854,lifestyle,female,adult,returning,0,0,41.91,0.0
5855,studio,male,adult,returning,0,0,41.38,0.0
5856,lifestyle,male,adult,returning,0,0,53.66,0.0
5857,studio,female,adult,returning,0,0,35.78,0.0
5858,studio,male,adult,new,0,0,27.5,0.0
5859,studio,male,senior,returning,0,0,42.24,0.0
5860,lifestyle,female,senior,returning,0,0,46.21,0.0
5861,studio,male,adult,new,0,0,42.85,0.0
5862,lifestyle,female,young,new,0,0,41.55,0.0
5863,studio,female,senior,new,0,0,48.89,0.0
5864,studio,male,young,returning,0,0,32.39,0.0
5865,lifestyle,female,young,new,0,0,54.9,0.0
5866,studio,male,young,new,0,0,36.78,0.0
5867,lifestyle,female,young,returning,0,0,36.02,0.0
5868,studio,female,adult,new,0,0,31.67,0.0
5869,lifestyle,female,adult,returning,0,1,69.27,94.02
5870,lifestyle,male,senior,returning,0,0,34.29,0.0
5871,studio,male,young,returning,0,0,33.7,0.0
5872,studio,male,adult,new,0,0,45.69,0.0
5873,lifestyle,female,senior,returning,0,0,52.17,0.0
5874,lifestyle,female,adult,new,0,0,30.49,0.0
5875,studio,male,adult,new,0,0,38.11,0.0
5876,studio,female,young,new,0,0,21.58,0.0
5877,lifestyle,male,adult,new,0,0,43.87,0.0
5878,lifestyle,male,young,returning,0,0,55.8,0.0
5879,studio,male,adult,new,0,0,35.73,0.0
5880,studio,male,adult,returning,0,0,23.68,0.0
5881,studio,male,adult,new,0,0,33.09,0.0
5882,lifestyle,female,adult,new,0,0,43.94,0.0
5883,studio,male,adult,new,0,0,45.92,0.0
5884,lifestyle,male,young,new,0,0,52.83,0.0
5885,studio,female,adult,returning,0,1,44.11,203.07
5886,studio,male,adult,returning,0,0,31.76,0.0
5887,lifestyle,female,young,new,0,0,45.94,0.0
5888,lifestyle,male,young,returning,0,0,35.95,0.0
5889,lifestyle,female,young,new,0,0,46.98,0.0
5890,studio,female,adult,new,0,0,21.52,0.0
5891,lifestyle,male,senior,new,0,0,49.61,0.0
5892,lifestyle,female,young,new,0,1,72.27,142.72
5893,studio,female,adult,returning,0,0,35.54,0.0
5894,studio,female,adult,new,0,0,36.76,0.0
5895,studio,male,young,new,0,0,43.44,0.0
5896,studio,male,senior,new,0,0,35.56,0.0
5897,lifestyle,female,adult,new,0,0,48.22,0.0
5898,studio,female,senior,new,0,0,39.69,0.0
5899,lifestyle,male,young,new,1,0,47.92,0.0
5900,lifestyle,male,young,returning,0,0,51.02,0.0
5901,lifestyle,male,young,new,0,0,56.01,0.0
5902,lifestyle,male,young,new,0,0,53.59,0.0
5903,studio,male,adult,new,0,0,44.02,0.0
5904,studio,male,young,new,0,1,60.11,166.59
5905,studio,male,adult,returning,0,0,38.63,0.0
5906,lifestyle,male,young,new,0,0,41.06,0.0
5907,studio,female,adult,new,0,0,28.37,0.0
5908,lifestyle,male,adult,new,0,0,21.34,0.0
5909,studio,male,adult,returning,0,0,19.33,0.0
5910,studio,male,young,returning,0,0,35.15,0.0
5911,studio,female,adult,new,0,0,22.24,0.0
5912,lifestyle,female,young,new,0,0,46.14,0.0
5913,lifestyle,female,young,new,0,0,59.47,0.0
5914,studio,male,adult,returning,0,0,2.75,0.0
5915,lifestyle,female,senior,new,0,0,37.28,0.0
5916,studio,male,senior,new,0,0,61.86,0.0
5917,lifestyle,male,adult,new,0,0,50.34,0.0
5918,lifestyle,female,adult,new,0,0,40.88,0.0
5919,studio,female,senior,new,0,0,34.68,0.0
5920,lifestyle,female,adult,new,0,1,67.86,147.8
5921,studio,female,adult,new,0,0,44.79,0.0
5922,lifestyle,female,senior,new,0,0,34.31,0.0
5923,studio,male,young,new,0,0,49.92,0.0
5924,lifestyle,male,young,new,0,0,45.98,0.0
5925,studio,male,adult,new,0,0,44.38,0.0
5926,lifestyle,female,young,returning,0,0,52.24,0.0
5927,lifestyle,male,adult,new,0,0,45.12,0.0
5928,lifestyle,female,adult,new,0,0,46.45,0.0
5929,lifestyle,male,adult,returning,0,0,47.18,0.0
5930,lifestyle,male,senior,new,0,0,43.43,0.0
5931,studio,male,young,new,0,0,41.48,0.0
5932,studio,male,adult,new,0,0,32.4,0.0
5933,studio,female,young,new,0,0,35.01,0.0
5934,lifestyle,male,adult,new,0,0,57.64,0.0
5935,studio,male,adult,new,0,0,34.64,0.0
5936,lifestyle,male,adult,returning,0,0,46.14,0.0
5937,lifestyle,male,young,returning,1,0,55.25,0.0
5938,studio,male,adult,new,0,0,31.34,0.0
5939,studio,male,adult,returning,0,0,54.29,0.0
5940,studio,female,young,new,0,0,20.36,0.0
5941,studio,male,adult,returning,0,0,35.52,0.0
5942,studio,male,adult,new,0,0,22.98,0.0
5943,studio,female,senior,returning,1,1,87.54,188.35
5944,lifestyle,male,adult,new,0,1,61.38,132.21
5945,lifestyle,male,adult,new,1,0,52.31,0.0
5946,studio,female,senior,new,0,0,21.65,0.0
5947,studio,male,adult,returning,0,0,50.76,0.0
5948,studio,female,senior,new,0,0,26.72,0.0
5949,lifestyle,female,young,new,0,0,46.87,0.0
5950,lifestyle,female,adult,new,0,0,51.32,0.0
5951,studio,female,adult,new,0,0,56.74,0.0
5952,studio,male,adult,returning,0,1,49.49,149.1
5953,lifestyle,male,young,returning,0,0,33.45,0.0
5954,lifestyle,male,young,returning,0,0,37.73,0.0
5955,studio,male,young,returning,0,0,29.12,0.0
5956,lifestyle,female,young,new,0,0,23.16,0.0
5957,studio,female,young,new,0,0,51.35,0.0
5958,studio,female,adult,new,0,0,30.82,0.0
5959,lifestyle,female,senior,returning,0,0,45.4,0.0
5960,lifestyle,male,adult,returning,0,0,48.27,0.0
5961,studio,female,adult,new,0,0,48.86,0.0
5962,lifestyle,female,senior,new,0,0,35.39,0.0
5963,studio,female,adult,new,1,1,73.58,119.61
5964,lifestyle,male,young,new,1,0,44.84,0.0
5965,studio,female,young,returning,0,0,38.34,0.0
5966,lifestyle,male,senior,new,0,0,49.92,0.0
5967,lifestyle,female,young,returning,0,0,37.27,0.0
5968,studio,female,adult,returning,0,0,37.33,0.0
5969,lifestyle,male,adult,returning,0,0,44.52,0.0
5970,lifestyle,female,senior,returning,0,0,46.18,0.0
5971,lifestyle,female,adult,new,1,0,54.95,0.0
5972,studio,male,adult,returning,0,0,21.36,0.0
5973,lifestyle,female,young,new,0,0,31.09,0.0
5974,lifestyle,female,young,returning,0,0,35.86,0.0
5975,studio,female,adult,new,0,0,24.91,0.0
5976,lifestyle,female,senior,new,0,0,41.27,0.0
5977,studio,male,adult,new,0,0,34.24,0.0
5978,studio,female,senior,new,0,0,40.88,0.0
5979,lifestyle,male,adult,returning,0,0,47.62,0.0
5980,lifestyle,male,adult,returning,0,0,43.57,0.0
5981,lifestyle,female,adult,new,0,0,43.19,0.0
5982,studio,female,adult,new,0,0,40.36,0.0
5983,lifestyle,female,young,returning,0,0,32.83,0.0
5984,studio,female,senior,new,0,0,31.67,0.0
5985,studio,female,senior,returning,1,0,51.27,0.0
5986,studio,male,adult,new,0,0,28.03,0.0
5987,lifestyle,female,young,new,0,0,24.47,0.0
5988,lifestyle,male,young,returning,1,0,62.76,0.0
5989,lifestyle,female,senior,new,0,0,37.02,0.0
5990,lifestyle,female,young,new,0,0,60.12,0.0
5991,studio,female,adult,returning,0,0,36.65,0.0
5992,lifestyle,male,adult,returning,1,0,41.98,0.0
5993,studio,female,adult,returning,0,0,41.67,0.0
5994,studio,female,adult,new,0,0,35.33,0.0
5995,studio,female,young,new,0,0,37.91,0.0
5996,lifestyle,male,adult,new,0,1,57.02,170.1
5997,lifestyle,female,senior,new,0,0,37.69,0.0
5998,lifestyle,female,adult,returning,0,0,27.39,0.0
5999,studio,female,adult,new,0,0,22.18,0.0
6000,studio,female,adult,new,0,0,21.32,0.0
6001,lifestyle,male,young,returning,0,0,38.43,0.0
6002,studio,male,young,returning,0,1,54.48,113.73
6003,lifestyle,male,adult,new,0,0,26.53,0.0
6004,lifestyle,male,adult,new,0,0,51.03,0.0
6005,studio,female,adult,returning,0,0,36.42,0.0
6006,lifestyle,male,adult,new,0,0,66.27,0.0
6007,lifestyle,male,young,returning,0,0,37.95,0.0
6008,studio,male,adult,returning,0,0,57.33,0.0
6009,lifestyle,female,young,new,0,0,49.46,0.0
6010,studio,male,young,new,0,0,15.41,0.0
6011,lifestyle,male,adult,new,1,0,45.09,0.0
6012,lifestyle,male,adult,returning,0,0,45.18,0.0
6013,lifestyle,male,young,new,0,0,24.52,0.0
6014,lifestyle,female,adult,returning,0,0,33.04,0.0
6015,studio,male,adult,returning,0,0,19.08,0.0
6016,lifestyle,female,young,new,0,0,63.39,0.0
6017,studio,female,adult,returning,0,0,45.99,0.0
6018,lifestyle,female,senior,new,0,0,43.61,0.0
6019,lifestyle,female,adult,returning,1,0,72.12,0.0
6020,studio,female,young,new,0,0,47.58,0.0
6021,studio,female,adult,new,0,0,48.1,0.0
6022,lifestyle,female,adult,new,0,1,56.41,104.77
6023,lifestyle,male,young,new,0,0,38.91,0.0
6024,studio,male,young,new,0,0,24.03,0.0
6025,studio,female,young,returning,0,0,33.86,0.0
6026,studio,female,young,new,0,0,26.87,0.0
6027,lifestyle,female,young,returning,0,0,31.26,0.0
6028,studio,female,adult,new,0,0,46.32,0.0
6029,lifestyle,male,adult,new,0,0,48.72,0.0
6030,studio,female,senior,new,0,1,51.18,99.04
6031,lifestyle,male,adult,returning,0,0,51.45,0.0
6032,studio,male,senior,new,1,0,58.09,0.0
6033,lifestyle,female,adult,new,0,0,38.85,0.0
6034,studio,male,young,returning,1,0,65.91,0.0
6035,lifestyle,female,adult,new,1,0,60.05,0.0
6036,studio,female,adult,returning,0,0,52.78,0.0
6037,lifestyle,male,young,new,0,0,47.66,0.0
6038,lifestyle,female,young,new,0,0,48.52,0.0
6039,studio,female,young,new,0,0,24.24,0.0
6040,lifestyle,male,adult,returning,0,0,36.43,0.0
6041,lifestyle,male,young,returning,0,0,56.57,0.0
6042,studio,female,young,new,0,0,46.62,0.0
6043,studio,male,young,new,0,0,31.42,0.0
6044,studio,female,adult,new,0,0,21.47,0.0
6045,lifestyle,male,adult,new,1,0,73.6,0.0
6046,lifestyle,female,adult,new,0,0,52.67,0.0
6047,studio,female,adult,new,0,0,23.56,0.0
6048,lifestyle,male,adult,new,0,0,30.55,0.0
6049,lifestyle,female,young,new,0,0,60.34,0.0
6050,lifestyle,female,adult,returning,0,0,36.92,0.0
6051,lifestyle,female,young,returning,0,0,37.1,0.0
6052,lifestyle,female,adult,new,1,0,50.19,0.0
6053,lifestyle,female,adult,returning,0,0,45.55,0.0
6054,studio,female,young,new,0,0,21.0,0.0
6055,lifestyle,female,young,new,0,0,44.38,0.0
6056,studio,female,young,returning,0,0,20.93,0.0
6057,studio,male,young,returning,1,0,36.0,0.0
6058,studio,female,young,new,0,1,41.34,85.05
6059,lifestyle,male,senior,new,0,0,33.73,0.0
6060,lifestyle,male,adult,returning,0,0,49.22,0.0
6061,studio,male,adult,new,0,0,42.23,0.0
6062,studio,male,adult,new,0,0,33.37,0.0
6063,studio,male,adult,returning,0,0,28.68,0.0
6064,lifestyle,male,senior,new,0,0,60.82,0.0
6065,studio,male,senior,new,0,0,46.95,0.0
6066,lifestyle,female,adult,returning,0,0,30.21,0.0
6067,studio,male,senior,new,0,0,43.51,0.0
6068,studio,male,young,new,0,0,37.99,0.0
6069,studio,male,adult,new,0,0,42.18,0.0
6070,studio,male,senior,new,0,0,67.49,0.0
6071,lifestyle,male,adult,new,0,0,33.82,0.0
6072,studio,female,senior,new,0,0,45.54,0.0
6073,studio,female,young,new,0,0,49.96,0.0
6074,studio,female,adult,new,0,0,52.18,0.0
6075,studio,female,senior,new,0,0,41.81,0.0
6076,studio,male,adult,new,0,0,21.92,0.0
6077,studio,male,adult,new,0,0,17.05,0.0
6078,lifestyle,male,young,new,0,0,50.26,0.0
6079,lifestyle,female,adult,new,0,0,45.43,0.0
6080,studio,male,senior,new,0,0,41.28,0.0
6081,studio,female,adult,returning,0,0,37.83,0.0
6082,lifestyle,male,young,returning,1,0,66.79,0.0
6083,studio,male,young,new,0,0,40.46,0.0
6084,studio,female,senior,new,0,0,43.87,0.0
6085,studio,female,adult,new,0,0,29.06,0.0
6086,studio,female,young,new,0,0,45.39,0.0
6087,lifestyle,female,young,new,0,0,36.23,0.0
6088,studio,female,adult,new,0,0,44.68,0.0
6089,lifestyle,female,adult,new,0,0,38.07,0.0
6090,studio,female,young,returning,0,0,40.89,0.0
6091,studio,male,young,returning,0,1,72.64,181.62
6092,lifestyle,female,adult,returning,0,0,48.61,0.0
6093,studio,female,adult,new,0,0,49.16,0.0
6094,lifestyle,male,senior,new,0,0,43.29,0.0
6095,studio,female,adult,new,0,0,35.96,0.0
6096,lifestyle,female,adult,returning,0,0,38.45,0.0
6097,studio,female,adult,new,0,0,18.4,0.0
6098,lifestyle,male,senior,new,1,0,72.69,0.0
6099,studio,male,adult,new,0,0,40.69,0.0
6100,lifestyle,female,young,returning,0,1,66.98,120.97
6101,studio,female,young,new,0,0,47.32,0.0
6102,lifestyle,male,senior,new,0,0,35.65,0.0
6103,studio,female,adult,returning,1,0,36.25,0.0
6104,lifestyle,male,adult,new,0,0,54.41,0.0
6105,studio,female,adult,new,0,0,34.3,0.0
6106,studio,male,young,new,0,0,37.15,0.0
6107,studio,male,young,returning,0,0,20.33,0.0
6108,studio,female,young,new,0,0,49.72,0.0
6109,studio,male,adult,new,0,1,61.71,128.86
6110,lifestyle,male,adult,returning,0,0,36.24,0.0
6111,lifestyle,male,adult,new,0,0,62.86,0.0
6112,studio,male,senior,returning,0,0,26.37,0.0
6113,lifestyle,male,adult,new,0,0,38.71,0.0
6114,lifestyle,female,adult,new,0,0,51.87,0.0
6115,studio,female,young,new,0,1,66.53,114.14
6116,lifestyle,female,young,returning,0,1,47.07,153.7
6117,lifestyle,female,young,returning,0,0,39.17,0.0
6118,lifestyle,male,adult,new,0,0,49.46,0.0
6119,studio,male,young,new,0,0,49.73,0.0
6120,lifestyle,male,young,returning,0,0,55.89,0.0
6121,studio,female,adult,new,0,0,42.0,0.0
6122,studio,female,adult,new,0,0,35.9,0.0
6123,studio,male,adult,returning,1,0,48.21,0.0
6124,lifestyle,male,adult,returning,0,0,46.98,0.0
6125,lifestyle,female,young,new,0,0,56.34,0.0
6126,lifestyle,female,young,returning,0,0,39.86,0.0
6127,lifestyle,female,young,new,0,0,39.27,0.0
6128,studio,male,young,new,1,0,61.45,0.0
6129,studio,female,adult,returning,0,0,45.62,0.0
6130,studio,male,adult,new,0,0,30.0,0.0
6131,studio,female,young,returning,0,0,21.81,0.0
6132,lifestyle,female,adult,returning,0,0,24.87,0.0
6133,lifestyle,female,adult,new,1,0,58.3,0.0
6134,studio,male,young,returning,0,0,23.95,0.0
6135,studio,male,young,new,0,0,43.96,0.0
6136,studio,male,adult,new,0,0,17.83,0.0
6137,studio,male,adult,returning,0,0,51.14,0.0
6138,lifestyle,female,adult,returning,1,0,53.63,0.0
6139,lifestyle,female,adult,new,0,1,54.01,110.56
6140,lifestyle,male,young,new,0,0,36.59,0.0
6141,studio,male,adult,new,0,0,26.35,0.0
6142,studio,male,young,new,0,0,50.15,0.0
6143,studio,female,adult,new,0,0,41.72,0.0
6144,lifestyle,female,senior,new,0,0,47.97,0.0
6145,lifestyle,male,young,new,0,0,29.97,0.0
6146,studio,male,young,returning,0,0,34.45,0.0
6147,lifestyle,female,young,new,0,0,34.29,0.0
6148,studio,female,young,new,0,1,28.69,102.45
6149,lifestyle,male,young,returning,0,0,35.06,0.0
6150,lifestyle,female,adult,new,0,0,48.05,0.0
6151,lifestyle,female,senior,returning,0,0,42.74,0.0
6152,lifestyle,female,adult,new,0,0,40.55,0.0
6153,studio,female,young,new,0,0,45.41,0.0
6154,studio,male,young,new,0,0,43.62,0.0
6155,studio,female,young,new,1,0,69.61,0.0
6156,studio,male,young,new,0,0,13.06,0.0
6157,lifestyle,male,adult,new,0,0,33.58,0.0
6158,lifestyle,male,young,new,0,0,51.08,0.0
6159,studio,male,senior,new,0,0,44.31,0.0
6160,lifestyle,male,adult,new,1,0,57.99,0.0
6161,studio,female,adult,returning,0,0,28.95,0.0
6162,studio,female,adult,returning,0,0,37.26,0.0
6163,studio,female,adult,returning,0,0,36.69,0.0
6164,studio,male,adult,returning,0,1,36.48,150.61
6165,studio,male,young,new,0,0,37.14,0.0
6166,studio,female,young,new,0,0,29.83,0.0
6167,studio,male,senior,returning,0,0,48.41,0.0
6168,lifestyle,female,young,new,0,0,45.45,0.0
6169,studio,male,adult,new,0,0,54.56,0.0
6170,studio,female,adult,new,0,0,35.0,0.0
6171,studio,male,young,new,0,1,44.09,79.39
6172,lifestyle,female,young,new,0,0,17.11,0.0
6173,studio,female,young,returning,0,0,25.62,0.0
6174,lifestyle,female,adult,returning,0,0,45.77,0.0
6175,lifestyle,female,adult,new,0,0,48.33,0.0
6176,lifestyle,male,adult,new,1,0,50.95,0.0
6177,lifestyle,female,adult,new,0,0,37.7,0.0
6178,studio,male,young,new,0,0,35.7,0.0
6179,studio,female,adult,returning,0,0,38.8,0.0
6180,studio,male,adult,new,1,0,60.2,0.0
6181,lifestyle,female,adult,returning,0,0,36.12,0.0
6182,studio,female,adult,new,0,0,27.57,0.0
6183,studio,male,adult,new,0,0,55.25,0.0
6184,lifestyle,male,young,returning,0,0,59.83,0.0
6185,studio,male,adult,returning,0,0,29.71,0.0
6186,lifestyle,female,young,returning,0,0,53.43,0.0
6187,lifestyle,male,adult,returning,1,0,79.05,0.0
6188,studio,female,young,returning,0,0,48.17,0.0
6189,studio,female,adult,returning,0,0,27.37,0.0
6190,studio,female,adult,returning,0,0,36.05,0.0
6191,lifestyle,female,adult,new,0,0,24.48,0.0
6192,lifestyle,male,adult,new,0,0,32.35,0.0
6193,lifestyle,female,senior,new,0,0,46.85,0.0
6194,lifestyle,female,adult,new,0,0,44.2,0.0
6195,lifestyle,female,young,returning,0,0,35.07,0.0
6196,studio,female,senior,new,0,0,12.48,0.0
6197,studio,female,adult,new,1,0,51.94,0.0
6198,lifestyle,male,adult,returning,0,0,49.28,0.0
6199,studio,female,senior,new,0,0,47.66,0.0
6200,studio,female,young,new,0,0,32.94,0.0
6201,lifestyle,female,young,new,0,0,40.65,0.0
6202,studio,female,adult,returning,0,0,37.47,0.0
6203,lifestyle,male,adult,new,1,0,61.09,0.0
6204,lifestyle,female,adult,returning,1,0,56.07,0.0
6205,studio,female,adult,new,0,0,11.77,0.0
6206,lifestyle,male,adult,returning,0,0,55.97,0.0
6207,studio,female,adult,new,0,1,50.36,111.54
6208,studio,male,adult,new,0,0,22.76,0.0
6209,studio,female,young,new,0,0,31.07,0.0
6210,studio,male,adult,new,0,0,36.12,0.0
6211,studio,female,adult,new,1,0,43.91,0.0
6212,studio,male,adult,new,0,0,29.6,0.0
6213,studio,female,young,new,0,0,31.75,0.0
6214,studio,male,young,returning,0,0,38.62,0.0
6215,lifestyle,male,adult,new,0,0,34.01,0.0
6216,lifestyle,female,young,returning,0,0,45.37,0.0
6217,studio,male,adult,returning,0,0,21.2,0.0
6218,studio,female,young,new,0,0,55.06,0.0
6219,studio,female,adult,new,0,0,45.72,0.0
6220,studio,female,adult,new,0,0,32.25,0.0
6221,lifestyle,female,adult,returning,0,0,45.35,0.0
6222,lifestyle,male,adult,returning,0,0,30.32,0.0
6223,studio,male,adult,new,0,0,40.62,0.0
6224,studio,female,adult,new,0,0,43.45,0.0
6225,studio,male,young,new,0,0,37.66,0.0
6226,lifestyle,female,young,returning,0,0,51.02,0.0
6227,studio,male,senior,returning,0,0,39.93,0.0
6228,lifestyle,female,adult,returning,0,0,40.99,0.0
6229,lifestyle,male,adult,returning,0,0,35.4,0.0
6230,studio,female,young,new,0,0,40.56,0.0
6231,lifestyle,male,adult,returning,0,0,33.63,0.0
6232,lifestyle,male,adult,returning,0,0,46.14,0.0
6233,lifestyle,female,adult,new,0,0,45.03,0.0
6234,studio,male,senior,new,0,0,53.44,0.0
6235,studio,female,senior,new,1,0,60.84,0.0
6236,lifestyle,female,senior,returning,0,0,29.43,0.0
6237,lifestyle,male,young,new,0,0,35.36,0.0
6238,lifestyle,female,senior,new,0,0,40.11,0.0
6239,lifestyle,male,young,new,0,0,34.68,0.0
6240,lifestyle,female,senior,new,0,0,56.67,0.0
6241,lifestyle,female,young,new,0,0,19.97,0.0
6242,studio,female,adult,new,0,0,49.24,0.0
6243,lifestyle,male,young,returning,0,0,51.99,0.0
6244,lifestyle,male,adult,new,0,0,43.86,0.0
6245,lifestyle,female,young,returning,0,0,45.49,0.0
6246,lifestyle,male,adult,returning,0,0,42.75,0.0
6247,studio,male,adult,new,0,0,36.59,0.0
6248,lifestyle,female,adult,new,0,0,53.26,0.0
6249,lifestyle,female,young,new,0,0,39.76,0.0
6250,studio,male,adult,new,0,0,41.0,0.0
6251,studio,male,young,returning,0,0,26.29,0.0
6252,studio,male,adult,returning,0,0,40.33,0.0
6253,studio,male,senior,new,0,0,37.27,0.0
6254,studio,male,adult,returning,0,0,39.28,0.0
6255,studio,male,young,returning,0,0,26.35,0.0
6256,lifestyle,female,adult,returning,0,0,46.49,0.0
6257,lifestyle,female,senior,new,0,0,46.53,0.0
6258,lifestyle,male,young,returning,0,0,57.65,0.0
6259,lifestyle,male,adult,new,0,0,44.59,0.0
6260,studio,female,adult,returning,0,0,39.93,0.0
6261,studio,male,adult,new,0,0,30.58,0.0
6262,lifestyle,female,senior,returning,0,0,50.12,0.0
6263,studio,female,young,new,0,0,39.74,0.0
6264,lifestyle,female,adult,returning,0,0,38.46,0.0
6265,lifestyle,male,adult,returning,0,0,37.68,0.0
6266,lifestyle,female,young,new,0,0,33.93,0.0
6267,lifestyle,female,young,new,0,0,41.24,0.0
6268,studio,female,adult,returning,0,0,28.47,0.0
6269,studio,female,young,new,0,0,37.92,0.0
6270,lifestyle,male,adult,new,0,0,34.1,0.0
6271,studio,male,young,returning,1,0,48.78,0.0
6272,lifestyle,female,young,returning,1,0,47.54,0.0
6273,studio,female,young,new,0,0,46.44,0.0
6274,lifestyle,female,young,new,0,0,42.25,0.0
6275,lifestyle,female,adult,returning,0,0,42.16,0.0
6276,lifestyle,male,adult,returning,0,0,47.95,0.0
6277,studio,male,adult,new,0,0,52.75,0.0
6278,studio,female,senior,new,0,0,40.81,0.0
6279,lifestyle,male,adult,new,0,0,27.09,0.0
6280,studio,female,young,returning,0,0,46.82,0.0
6281,lifestyle,male,senior,new,0,0,33.43,0.0
6282,lifestyle,female,adult,new,0,0,37.04,0.0
6283,lifestyle,female,adult,new,0,0,53.93,0.0
6284,lifestyle,male,adult,new,1,0,53.65,0.0
6285,studio,male,young,returning,0,0,29.28,0.0
6286,lifestyle,female,senior,new,0,1,69.81,84.09
6287,lifestyle,female,young,new,1,0,57.1,0.0
6288,studio,female,adult,new,0,0,28.07,0.0
6289,lifestyle,male,young,new,0,0,50.78,0.0
6290,studio,male,adult,returning,0,1,67.28,140.51
6291,studio,male,adult,new,0,0,48.88,0.0
6292,studio,male,young,returning,0,0,40.52,0.0
6293,lifestyle,female,adult,new,0,0,34.99,0.0
6294,studio,female,adult,new,0,0,22.45,0.0
6295,lifestyle,male,adult,new,0,0,18.83,0.0
6296,lifestyle,male,adult,returning,0,1,72.33,141.84
6297,studio,male,adult,new,0,0,36.95,0.0
6298,studio,female,young,returning,0,0,30.81,0.0
6299,lifestyle,female,adult,new,1,0,37.67,0.0
6300,studio,female,adult,new,0,0,23.17,0.0
6301,lifestyle,male,adult,new,0,0,24.35,0.0
6302,studio,female,senior,returning,0,0,54.42,0.0
6303,studio,male,young,new,0,0,41.36,0.0
6304,lifestyle,male,young,returning,1,0,43.94,0.0
6305,studio,female,young,returning,0,0,51.35,0.0
6306,studio,female,young,new,0,0,27.78,0.0
6307,studio,male,young,new,0,0,38.49,0.0
6308,studio,male,senior,new,0,0,43.52,0.0
6309,lifestyle,male,young,new,0,0,41.06,0.0
6310,lifestyle,male,adult,new,0,0,38.97,0.0
6311,studio,female,young,new,1,0,50.34,0.0
6312,lifestyle,female,adult,returning,0,0,39.2,0.0
6313,lifestyle,male,senior,returning,0,1,69.49,146.49
6314,studio,male,young,returning,0,0,37.89,0.0
6315,studio,male,adult,new,0,0,29.76,0.0
6316,lifestyle,female,senior,new,0,0,58.01,0.0
6317,lifestyle,male,adult,new,0,0,33.63,0.0
6318,lifestyle,female,young,new,0,0,45.9,0.0
6319,lifestyle,male,adult,new,0,0,38.61,0.0
6320,studio,female,adult,new,0,0,26.31,0.0
6321,lifestyle,female,young,returning,0,0,39.23,0.0
6322,lifestyle,female,adult,returning,0,0,35.39,0.0
6323,lifestyle,female,young,new,0,0,48.59,0.0
6324,studio,female,young,returning,0,0,34.05,0.0
6325,studio,female,senior,returning,0,0,53.69,0.0
6326,studio,male,adult,new,0,0,25.49,0.0
6327,lifestyle,male,young,new,0,0,20.03,0.0
6328,studio,male,adult,returning,0,0,38.95,0.0
6329,studio,female,young,returning,0,0,52.23,0.0
6330,studio,female,young,returning,0,1,59.89,173.61
6331,studio,male,adult,new,0,0,25.58,0.0
6332,lifestyle,female,adult,new,0,0,31.77,0.0
6333,lifestyle,female,young,new,0,0,62.26,0.0
6334,lifestyle,female,young,returning,0,0,38.21,0.0
6335,studio,female,adult,new,1,0,39.85,0.0
6336,lifestyle,female,adult,new,0,0,53.9,0.0
6337,studio,male,senior,new,0,0,38.53,0.0
6338,studio,male,young,new,0,0,14.73,0.0
6339,studio,female,adult,new,0,0,55.83,0.0
6340,studio,male,senior,new,0,0,45.84,0.0
6341,studio,male,adult,new,0,0,19.88,0.0
6342,lifestyle,female,senior,new,0,0,60.96,0.0
6343,lifestyle,female,senior,new,0,0,36.52,0.0
6344,lifestyle,female,young,new,0,0,30.92,0.0
6345,studio,male,young,new,0,0,26.08,0.0
6346,studio,female,young,new,0,0,54.4,0.0
6347,studio,male,young,returning,0,0,55.45,0.0
6348,lifestyle,male,senior,new,0,0,41.52,0.0
6349,lifestyle,female,senior,new,1,0,79.06,0.0
6350,lifestyle,male,young,new,0,0,19.13,0.0
6351,studio,male,adult,new,0,0,44.14,0.0
6352,lifestyle,female,adult,new,0,0,55.64,0.0
6353,studio,male,adult,new,0,0,50.06,0.0
6354,lifestyle,female,adult,returning,1,0,57.77,0.0
6355,lifestyle,female,senior,returning,0,0,52.66,0.0
6356,lifestyle,female,young,new,0,0,34.83,0.0
6357,lifestyle,male,young,new,0,1,62.25,146.66
6358,studio,female,young,returning,0,0,33.36,0.0
6359,lifestyle,male,adult,new,0,1,59.78,102.25
6360,lifestyle,female,young,new,1,0,68.35,0.0
6361,studio,male,adult,returning,0,0,37.15,0.0
6362,studio,male,adult,new,0,0,51.93,0.0
6363,studio,female,adult,returning,0,0,37.48,0.0
6364,studio,male,adult,new,1,1,91.91,101.6
6365,studio,male,young,new,0,0,47.27,0.0
6366,lifestyle,male,adult,returning,0,0,41.13,0.0
6367,studio,female,adult,new,0,0,36.75,0.0
6368,studio,male,young,new,0,1,46.6,147.14
6369,lifestyle,male,young,new,0,0,43.6,0.0
6370,lifestyle,male,adult,new,0,0,32.17,0.0
6371,lifestyle,female,young,new,0,0,55.3,0.0
6372,studio,female,young,new,0,0,31.56,0.0
6373,lifestyle,male,adult,returning,0,0,45.56,0.0
6374,lifestyle,male,young,returning,0,0,19.19,0.0
6375,studio,male,young,new,0,0,32.33,0.0
6376,studio,male,adult,returning,1,0,46.28,0.0
6377,lifestyle,male,adult,new,1,0,66.21,0.0
6378,lifestyle,female,adult,new,0,0,47.22,0.0
6379,lifestyle,female,senior,new,1,0,72.18,0.0
6380,lifestyle,female,young,returning,0,0,46.43,0.0
6381,lifestyle,male,young,new,0,0,54.31,0.0
6382,lifestyle,female,adult,new,0,0,46.19,0.0
6383,studio,female,adult,returning,0,0,21.24,0.0
6384,studio,female,young,new,0,0,34.1,0.0
6385,studio,female,young,new,0,0,34.61,0.0
6386,lifestyle,male,young,new,0,0,9.35,0.0
6387,lifestyle,male,adult,new,0,0,31.83,0.0
6388,lifestyle,female,young,new,0,0,62.42,0.0
6389,studio,male,senior,new,0,0,37.25,0.0
6390,lifestyle,male,young,new,0,0,40.95,0.0
6391,studio,male,senior,new,0,0,18.22,0.0
6392,studio,male,adult,new,0,0,21.53,0.0
6393,lifestyle,female,adult,returning,1,0,61.84,0.0
6394,lifestyle,male,adult,new,0,0,37.35,0.0
6395,lifestyle,male,adult,returning,0,0,30.91,0.0
6396,studio,female,young,returning,0,1,67.97,115.81
6397,studio,male,young,new,0,0,27.99,0.0
6398,studio,female,adult,new,0,0,21.99,0.0
6399,studio,male,adult,new,0,0,35.4,0.0
6400,lifestyle,female,adult,returning,0,0,33.85,0.0
6401,lifestyle,female,adult,new,0,0,33.84,0.0
6402,lifestyle,female,adult,new,0,0,41.39,0.0
6403,studio,male,adult,new,0,0,28.56,0.0
6404,lifestyle,male,adult,new,0,0,25.33,0.0
6405,studio,female,adult,new,0,0,40.59,0.0
6406,lifestyle,female,senior,returning,0,0,55.66,0.0
6407,studio,male,adult,new,0,0,32.49,0.0
6408,studio,male,adult,new,0,0,41.2,0.0
6409,lifestyle,female,adult,returning,0,0,38.31,0.0
6410,lifestyle,female,adult,returning,0,0,22.9,0.0
6411,studio,male,adult,new,0,0,43.96,0.0
6412,studio,female,young,new,0,0,34.01,0.0
6413,lifestyle,female,senior,new,0,1,68.51,80.68
6414,studio,female,young,new,0,0,33.94,0.0
6415,studio,female,adult,new,1,0,48.18,0.0
6416,studio,male,young,new,0,1,56.42,172.43
6417,studio,female,young,new,0,0,36.61,0.0
6418,lifestyle,female,adult,returning,0,0,54.64,0.0
6419,lifestyle,female,adult,new,0,0,46.38,0.0
6420,lifestyle,male,adult,new,1,0,68.77,0.0
6421,lifestyle,female,young,returning,0,0,57.07,0.0
6422,studio,male,young,returning,0,0,18.89,0.0
6423,studio,male,young,new,0,0,47.77,0.0
6424,studio,female,adult,new,0,0,41.53,0.0
6425,studio,female,adult,returning,0,0,39.88,0.0
6426,studio,female,adult,new,0,0,44.9,0.0
6427,lifestyle,male,adult,returning,0,0,39.35,0.0
6428,lifestyle,female,senior,returning,0,0,53.03,0.0
6429,studio,male,young,new,0,0,24.42,0.0
6430,lifestyle,female,adult,returning,0,0,27.88,0.0
6431,lifestyle,male,adult,returning,0,0,47.32,0.0
6432,lifestyle,female,young,new,0,0,41.31,0.0
6433,lifestyle,female,young,new,0,0,41.97,0.0
6434,lifestyle,male,young,returning,0,0,34.02,0.0
6435,lifestyle,male,senior,new,1,0,65.91,0.0
6436,lifestyle,female,adult,returning,0,0,37.74,0.0
6437,lifestyle,female,adult,new,0,0,41.53,0.0
6438,studio,female,adult,new,0,0,30.13,0.0
6439,studio,female,adult,new,0,0,26.98,0.0
6440,lifestyle,male,adult,new,0,0,39.93,0.0
6441,studio,male,senior,new,0,0,51.86,0.0
6442,studio,male,young,new,0,0,30.27,0.0
6443,lifestyle,male,young,new,0,0,40.73,0.0
6444,studio,female,adult,new,0,0,32.35,0.0
6445,lifestyle,male,senior,returning,0,0,40.63,0.0
6446,lifestyle,female,senior,returning,0,0,59.29,0.0
6447,lifestyle,female,adult,new,0,0,28.38,0.0
6448,studio,female,young,new,0,0,34.15,0.0
6449,studio,female,young,new,0,0,26.56,0.0
6450,lifestyle,male,senior,new,0,0,52.67,0.0
6451,lifestyle,female,adult,new,0,0,43.34,0.0
6452,lifestyle,male,young,returning,0,0,53.82,0.0
6453,studio,male,senior,new,0,0,47.35,0.0
6454,studio,female,young,returning,0,0,35.82,0.0
6455,lifestyle,male,adult,returning,0,0,49.44,0.0
6456,studio,female,adult,new,0,0,43.36,0.0
6457,lifestyle,female,young,new,0,0,32.87,0.0
6458,studio,female,young,new,0,0,42.73,0.0
6459,studio,male,young,new,0,0,37.97,0.0
6460,studio,female,adult,new,0,0,39.89,0.0
6461,studio,male,adult,new,0,0,30.92,0.0
6462,lifestyle,female,young,new,0,0,33.46,0.0
6463,lifestyle,male,senior,new,0,0,36.66,0.0
6464,studio,female,young,new,1,0,15.92,0.0
6465,lifestyle,male,young,new,0,0,34.91,0.0
6466,studio,male,young,new,0,0,59.39,0.0
6467,lifestyle,female,young,new,0,0,50.22,0.0
6468,studio,male,senior,new,0,0,43.18,0.0
6469,lifestyle,female,young,returning,0,0,51.61,0.0
6470,lifestyle,male,adult,returning,0,0,39.4,0.0
6471,lifestyle,male,senior,new,0,0,43.08,0.0
6472,lifestyle,female,adult,new,0,0,39.1,0.0
6473,lifestyle,male,adult,returning,0,0,34.64,0.0
6474,lifestyle,male,senior,new,0,0,40.46,0.0
6475,lifestyle,female,adult,new,0,0,41.84,0.0
6476,lifestyle,male,young,returning,0,0,42.64,0.0
6477,lifestyle,male,adult,new,0,0,55.26,0.0
6478,studio,male,senior,new,0,0,50.25,0.0
6479,lifestyle,male,adult,returning,1,0,42.14,0.0
6480,studio,female,adult,new,0,0,32.06,0.0
6481,lifestyle,male,senior,returning,0,0,35.94,0.0
6482,studio,female,adult,new,0,0,8.92,0.0
6483,lifestyle,male,young,new,0,0,42.87,0.0
6484,studio,male,young,new,0,0,40.77,0.0
6485,studio,male,adult,returning,0,0,35.71,0.0
6486,studio,female,young,new,0,0,39.37,0.0
6487,lifestyle,female,senior,new,0,0,43.65,0.0
6488,studio,female,adult,returning,0,0,24.72,0.0
6489,studio,female,adult,new,0,0,31.33,0.0
6490,lifestyle,male,adult,new,0,0,55.69,0.0
6491,lifestyle,male,adult,new,0,0,45.75,0.0
6492,studio,male,adult,returning,0,0,19.79,0.0
6493,studio,male,young,returning,0,0,36.3,0.0
6494,studio,male,adult,new,0,0,47.74,0.0
6495,lifestyle,male,senior,new,0,0,54.61,0.0
6496,studio,male,adult,new,0,0,47.87,0.0
6497,studio,male,adult,new,0,0,20.11,0.0
6498,studio,male,young,new,0,0,36.26,0.0
6499,studio,male,adult,returning,0,0,31.52,0.0
6500,lifestyle,female,senior,returning,0,0,52.95,0.0
6501,studio,male,adult,returning,0,0,26.51,0.0
6502,studio,female,adult,new,0,0,26.33,0.0
6503,studio,female,adult,new,0,0,34.97,0.0
6504,studio,male,adult,new,0,0,25.78,0.0
6505,studio,male,adult,new,0,0,37.59,0.0
6506,lifestyle,male,young,new,0,0,21.61,0.0
6507,lifestyle,female,adult,new,0,0,53.76,0.0
6508,lifestyle,male,young,returning,0,0,14.15,0.0
6509,lifestyle,male,young,new,1,0,66.05,0.0
6510,lifestyle,male,adult,returning,0,0,36.19,0.0
6511,studio,female,young,new,0,0,20.5,0.0
6512,lifestyle,male,adult,new,0,0,43.7,0.0
6513,lifestyle,female,young,new,0,0,50.86,0.0
6514,lifestyle,female,adult,new,0,0,53.59,0.0
6515,lifestyle,female,young,returning,0,0,53.26,0.0
6516,studio,female,adult,new,0,0,26.42,0.0
6517,lifestyle,female,adult,returning,0,0,44.05,0.0
6518,lifestyle,female,senior,new,1,0,44.22,0.0
6519,lifestyle,female,senior,new,0,0,47.79,0.0
6520,studio,male,young,new,0,0,38.38,0.0
6521,studio,male,young,returning,0,0,31.25,0.0
6522,studio,female,adult,new,0,0,16.64,0.0
6523,lifestyle,female,adult,returning,0,0,36.06,0.0
6524,studio,female,young,new,1,0,69.07,0.0
6525,studio,female,young,new,0,0,38.91,0.0
6526,lifestyle,female,adult,new,0,0,37.15,0.0
6527,studio,male,senior,new,0,0,38.41,0.0
6528,lifestyle,female,senior,new,0,0,50.85,0.0
6529,studio,male,young,returning,0,0,19.51,0.0
6530,lifestyle,female,adult,new,0,0,27.03,0.0
6531,lifestyle,female,young,new,0,0,34.64,0.0
6532,lifestyle,female,adult,new,0,0,36.89,0.0
6533,lifestyle,male,adult,new,0,0,59.94,0.0
6534,studio,male,adult,new,0,0,35.71,0.0
6535,studio,male,adult,new,0,0,29.83,0.0
6536,studio,female,young,returning,1,1,70.57,88.96
6537,lifestyle,female,adult,new,0,0,21.75,0.0
6538,lifestyle,male,senior,returning,0,0,37.96,0.0
6539,studio,female,young,new,0,1,47.52,161.53
6540,lifestyle,female,young,new,0,0,31.79,0.0
6541,studio,male,adult,new,0,0,47.34,0.0
6542,lifestyle,male,adult,returning,0,0,48.6,0.0
6543,lifestyle,female,senior,returning,0,0,34.89,0.0
6544,studio,female,adult,new,1,0,37.33,0.0
6545,studio,female,adult,new,0,0,22.41,0.0
6546,studio,female,adult,returning,0,0,33.13,0.0
6547,lifestyle,female,senior,returning,0,0,49.0,0.0
6548,lifestyle,male,adult,returning,0,0,46.16,0.0
6549,studio,female,adult,new,0,0,24.86,0.0
6550,studio,male,young,new,0,0,33.22,0.0
6551,studio,male,adult,returning,0,1,54.44,133.31
6552,lifestyle,male,adult,new,1,0,68.97,0.0
6553,lifestyle,male,young,new,0,0,49.74,0.0
6554,studio,female,young,new,0,0,20.65,0.0
6555,lifestyle,female,adult,new,0,0,23.16,0.0
6556,lifestyle,male,adult,returning,0,0,40.89,0.0
6557,studio,female,senior,returning,0,0,33.63,0.0
6558,studio,female,adult,new,0,0,25.39,0.0
6559,lifestyle,female,young,new,1,0,49.44,0.0
6560,lifestyle,female,adult,returning,0,0,47.8,0.0
6561,studio,male,young,new,1,0,34.96,0.0
6562,studio,female,adult,new,0,0,53.48,0.0
6563,studio,female,adult,new,0,0,27.82,0.0
6564,lifestyle,female,senior,new,0,0,53.33,0.0
6565,studio,female,adult,new,0,0,28.31,0.0
6566,studio,female,adult,new,0,0,19.82,0.0
6567,lifestyle,female,adult,new,0,0,40.54,0.0
6568,lifestyle,female,adult,returning,0,0,29.46,0.0
6569,studio,female,adult,returning,0,0,36.47,0.0
6570,studio,male,adult,returning,0,0,34.75,0.0
6571,lifestyle,male,young,new,0,0,35.05,0.0
6572,studio,male,senior,new,0,0,41.51,0.0
6573,studio,female,adult,returning,0,0,45.39,0.0
6574,lifestyle,female,young,returning,0,0,40.9,0.0
6575,studio,male,senior,new,0,0,32.71,0.0
6576,lifestyle,female,young,new,0,0,46.0,0.0
6577,lifestyle,female,senior,new,1,0,66.42,0.0
6578,studio,female,young,new,0,0,32.15,0.0
6579,studio,male,adult,new,0,0,48.73,0.0
6580,lifestyle,female,adult,returning,0,0,39.0,0.0
6581,lifestyle,female,adult,new,0,0,56.88,0.0
6582,lifestyle,female,young,new,0,0,35.45,0.0
6583,lifestyle,female,young,returning,1,0,65.5,0.0
6584,studio,female,young,new,0,0,32.8,0.0
6585,lifestyle,male,senior,returning,0,0,49.69,0.0
6586,studio,female,young,new,0,0,14.74,0.0
6587,studio,male,adult,returning,1,0,71.69,0.0
6588,studio,male,adult,new,0,1,58.17,77.57
6589,studio,male,senior,returning,0,0,50.17,0.0
6590,lifestyle,male,young,new,1,0,43.22,0.0
6591,studio,male,senior,new,0,0,41.72,0.0
6592,studio,female,young,new,0,0,33.21,0.0
6593,studio,female,adult,new,0,0,24.42,0.0
6594,lifestyle,male,adult,new,0,0,54.85,0.0
6595,lifestyle,female,young,returning,0,0,43.46,0.0
6596,studio,male,young,new,0,0,34.46,0.0
6597,studio,male,adult,returning,0,0,41.25,0.0
6598,studio,female,adult,new,0,0,26.45,0.0
6599,lifestyle,female,senior,returning,0,0,48.61,0.0
6600,lifestyle,female,adult,new,0,0,42.9,0.0
6601,lifestyle,male,senior,returning,0,0,48.34,0.0
6602,lifestyle,female,adult,new,0,0,52.27,0.0
6603,studio,female,senior,new,0,0,35.76,0.0
6604,lifestyle,female,adult,new,0,0,36.7,0.0
6605,lifestyle,male,adult,returning,0,0,35.86,0.0
6606,studio,female,young,returning,0,0,28.44,0.0
6607,studio,female,adult,returning,0,0,46.02,0.0
6608,lifestyle,female,young,new,0,0,41.29,0.0
6609,lifestyle,male,young,new,0,0,52.23,0.0
6610,studio,female,adult,returning,0,0,37.71,0.0
6611,lifestyle,male,adult,new,0,0,33.26,0.0
6612,lifestyle,female,young,new,0,0,26.93,0.0
6613,studio,male,adult,returning,0,0,20.48,0.0
6614,studio,male,adult,new,0,0,26.09,0.0
6615,studio,female,young,returning,0,0,45.2,0.0
6616,lifestyle,male,adult,new,0,0,55.01,0.0
6617,studio,male,adult,returning,0,0,35.93,0.0
6618,studio,male,young,returning,0,0,44.27,0.0
6619,lifestyle,male,adult,returning,0,0,36.45,0.0
6620,lifestyle,female,adult,new,0,0,35.72,0.0
6621,studio,female,adult,new,0,0,42.71,0.0
6622,studio,female,young,returning,0,0,36.66,0.0
6623,studio,male,adult,new,0,0,42.33,0.0
6624,lifestyle,female,young,returning,0,0,42.51,0.0
6625,lifestyle,female,adult,new,0,0,38.25,0.0
6626,studio,female,young,new,0,0,32.84,0.0
6627,lifestyle,female,senior,new,0,1,70.07,125.21
6628,lifestyle,female,adult,new,1,0,59.4,0.0
6629,lifestyle,female,young,returning,0,0,32.68,0.0
6630,lifestyle,male,young,returning,0,0,40.78,0.0
6631,studio,male,young,new,0,0,19.79,0.0
6632,studio,female,young,new,0,0,31.51,0.0
6633,lifestyle,female,adult,returning,0,0,32.79,0.0
6634,lifestyle,male,adult,returning,0,0,11.54,0.0
6635,lifestyle,male,senior,new,0,0,69.1,0.0
6636,studio,female,senior,new,0,0,32.28,0.0
6637,lifestyle,female,adult,returning,0,0,32.59,0.0
6638,lifestyle,male,young,new,0,0,58.23,0.0
6639,studio,male,adult,returning,0,0,23.28,0.0
6640,studio,female,adult,returning,0,0,20.49,0.0
6641,lifestyle,female,adult,returning,0,0,39.95,0.0
6642,lifestyle,male,adult,returning,0,0,37.05,0.0
6643,studio,female,senior,returning,0,0,33.61,0.0
6644,lifestyle,female,senior,new,0,0,37.83,0.0
6645,studio,female,young,new,0,0,33.11,0.0
6646,studio,female,young,new,0,0,51.36,0.0
6647,lifestyle,female,adult,new,0,0,25.89,0.0
6648,lifestyle,male,adult,new,0,0,50.41,0.0
6649,lifestyle,male,young,new,0,0,57.34,0.0
6650,lifestyle,male,adult,new,0,0,35.74,0.0
6651,studio,male,adult,new,0,0,38.76,0.0
6652,lifestyle,male,adult,returning,0,0,40.78,0.0
6653,studio,male,young,returning,0,0,17.81,0.0
6654,studio,female,senior,returning,0,1,72.19,98.45
6655,studio,female,adult,new,0,0,35.35,0.0
6656,studio,female,young,new,0,0,29.79,0.0
6657,studio,female,adult,new,0,0,19.78,0.0
6658,studio,male,adult,new,0,0,40.21,0.0
6659,studio,male,senior,new,0,0,41.52,0.0
6660,studio,male,young,new,0,0,41.06,0.0
6661,lifestyle,female,senior,new,0,0,52.55,0.0
6662,studio,male,young,returning,0,0,26.87,0.0
6663,studio,female,adult,returning,0,0,1.0,0.0
6664,lifestyle,female,adult,new,0,0,40.9,0.0
6665,lifestyle,male,adult,new,0,0,40.23,0.0
6666,lifestyle,male,adult,new,0,0,43.64,0.0
6667,studio,female,senior,new,0,0,55.18,0.0
6668,lifestyle,female,adult,returning,0,0,41.51,0.0
6669,studio,female,adult,returning,1,0,56.93,0.0
6670,studio,male,young,new,1,0,53.77,0.0
6671,studio,female,young,new,0,0,21.15,0.0
6672,lifestyle,male,young,new,0,0,29.1,0.0
6673,studio,female,senior,new,0,0,51.54,0.0
6674,studio,female,adult,returning,0,0,26.21,0.0
6675,studio,female,senior,returning,0,0,43.69,0.0
6676,lifestyle,male,young,new,0,0,31.76,0.0
6677,lifestyle,female,adult,new,0,0,49.46,0.0
6678,studio,male,young,returning,0,0,37.47,0.0
6679,lifestyle,male,adult,new,0,0,39.02,0.0
6680,lifestyle,male,adult,new,0,0,48.67,0.0
6681,lifestyle,female,young,new,0,0,44.6,0.0
6682,studio,female,adult,new,0,0,27.78,0.0
6683,lifestyle,male,young,returning,0,0,42.12,0.0
6684,studio,female,adult,new,0,0,41.69,0.0
6685,lifestyle,male,adult,new,0,0,53.08,0.0
6686,studio,male,adult,new,0,0,33.71,0.0
6687,studio,male,senior,new,1,0,72.86,0.0
6688,studio,female,adult,returning,0,0,27.55,0.0
6689,lifestyle,female,adult,new,0,0,26.43,0.0
6690,studio,female,adult,returning,0,0,20.89,0.0
6691,lifestyle,female,adult,new,0,1,61.9,184.5
6692,studio,male,young,new,1,0,50.12,0.0
6693,lifestyle,female,adult,returning,0,0,43.26,0.0
6694,lifestyle,male,young,returning,0,0,35.32,0.0
6695,lifestyle,female,young,new,0,0,64.26,0.0
6696,lifestyle,female,young,new,0,0,57.11,0.0
6697,lifestyle,female,young,new,1,0,45.56,0.0
6698,studio,female,young,returning,0,0,33.98,0.0
6699,lifestyle,female,young,new,0,0,42.49,0.0
6700,studio,male,adult,new,0,0,41.86,0.0
6701,lifestyle,female,young,new,0,0,26.76,0.0
6702,lifestyle,male,young,new,0,0,24.86,0.0
6703,studio,male,adult,returning,0,0,22.81,0.0
6704,studio,female,young,new,0,0,50.04,0.0
6705,studio,female,young,new,0,0,28.45,0.0
6706,lifestyle,male,adult,new,0,0,50.09,0.0
6707,lifestyle,female,young,new,0,0,47.89,0.0
6708,lifestyle,female,young,new,0,0,40.2,0.0
6709,lifestyle,female,adult,new,0,0,50.27,0.0
6710,lifestyle,female,adult,new,0,0,29.72,0.0
6711,studio,female,adult,returning,0,0,30.29,0.0
6712,studio,male,senior,returning,0,0,17.83,0.0
6713,lifestyle,female,adult,new,1,0,57.98,0.0
6714,lifestyle,female,adult,new,0,0,34.08,0.0
6715,lifestyle,female,young,new,1,0,78.9,0.0
6716,studio,female,adult,new,0,0,35.59,0.0
6717,studio,male,young,returning,0,0,43.19,0.0
6718,studio,male,adult,returning,1,0,56.53,0.0
6719,studio,male,adult,new,0,0,34.22,0.0
6720,studio,male,adult,new,0,0,44.92,0.0
6721,lifestyle,male,senior,returning,0,0,47.33,0.0
6722,studio,male,senior,new,0,0,44.76,0.0
6723,lifestyle,female,young,new,1,0,80.58,0.0
6724,studio,female,young,new,0,0,36.92,0.0
6725,lifestyle,female,adult,new,0,0,36.72,0.0
6726,studio,female,adult,new,0,0,27.92,0.0
6727,studio,male,adult,new,0,0,34.17,0.0
6728,studio,male,adult,new,0,0,36.17,0.0
6729,lifestyle,female,adult,returning,1,0,57.59,0.0
6730,lifestyle,female,senior,returning,1,0,46.18,0.0
6731,studio,female,adult,returning,0,0,12.36,0.0
6732,studio,male,adult,new,0,0,25.31,0.0
6733,lifestyle,male,adult,new,0,0,42.59,0.0
6734,studio,female,adult,new,0,0,35.63,0.0
6735,studio,female,adult,returning,0,0,39.55,0.0
6736,lifestyle,female,adult,new,0,0,45.63,0.0
6737,lifestyle,female,senior,new,0,0,42.0,0.0
6738,studio,female,adult,new,0,0,24.79,0.0
6739,studio,female,adult,returning,0,0,40.21,0.0
6740,lifestyle,female,adult,returning,0,0,44.26,0.0
6741,studio,female,adult,new,0,0,24.07,0.0
6742,studio,female,young,returning,0,0,41.25,0.0
6743,lifestyle,female,adult,new,0,0,51.57,0.0
6744,lifestyle,female,adult,new,0,0,49.89,0.0
6745,studio,male,adult,returning,0,0,44.64,0.0
6746,lifestyle,female,adult,new,0,0,34.49,0.0
6747,lifestyle,female,adult,new,1,0,65.52,0.0
6748,studio,male,senior,returning,0,0,38.42,0.0
6749,lifestyle,female,young,new,0,0,62.45,0.0
6750,studio,male,young,returning,0,0,43.94,0.0
6751,studio,female,adult,new,0,0,39.29,0.0
6752,lifestyle,female,adult,new,0,0,59.16,0.0
6753,studio,male,young,new,0,0,29.94,0.0
6754,studio,male,young,returning,1,0,55.51,0.0
6755,studio,female,adult,new,0,0,57.36,0.0
6756,studio,female,adult,new,0,0,43.13,0.0
6757,lifestyle,male,adult,new,0,0,43.51,0.0
6758,lifestyle,female,adult,returning,0,0,39.3,0.0
6759,lifestyle,female,adult,new,0,0,32.32,0.0
6760,studio,female,adult,new,0,0,32.1,0.0
6761,studio,male,adult,new,0,1,46.81,84.87
6762,studio,female,adult,new,0,0,32.7,0.0
6763,studio,male,senior,new,0,0,38.9,0.0
6764,studio,female,senior,new,0,0,49.89,0.0
6765,lifestyle,female,young,returning,0,0,37.91,0.0
6766,lifestyle,male,young,new,0,0,36.03,0.0
6767,lifestyle,female,young,new,0,0,50.87,0.0
6768,studio,male,adult,new,0,0,41.97,0.0
6769,lifestyle,female,adult,returning,0,0,39.57,0.0
6770,studio,female,adult,new,0,0,41.01,0.0
6771,studio,female,young,returning,0,0,32.38,0.0
6772,lifestyle,female,adult,returning,0,0,39.87,0.0
6773,lifestyle,female,senior,new,0,0,62.54,0.0
6774,studio,female,adult,new,0,0,33.62,0.0
6775,studio,female,young,returning,0,0,30.94,0.0
6776,studio,male,adult,returning,0,0,35.18,0.0
6777,lifestyle,female,adult,returning,0,0,22.35,0.0
6778,studio,female,senior,returning,0,0,38.32,0.0
6779,lifestyle,male,adult,new,1,0,59.55,0.0
6780,studio,male,adult,returning,0,0,54.81,0.0
6781,studio,male,adult,new,0,0,35.92,0.0
6782,studio,male,adult,new,1,0,54.38,0.0
6783,lifestyle,male,adult,new,0,0,45.46,0.0
6784,studio,female,young,new,0,1,77.69,81.86
6785,lifestyle,female,adult,new,0,0,52.03,0.0
6786,lifestyle,female,young,new,0,0,27.49,0.0
6787,lifestyle,male,young,new,0,0,54.29,0.0
6788,lifestyle,female,adult,returning,0,0,32.55,0.0
6789,lifestyle,female,young,new,0,0,35.46,0.0
6790,lifestyle,female,young,returning,0,1,49.0,161.46
6791,lifestyle,female,adult,new,0,1,80.22,120.25
6792,studio,male,adult,new,0,0,46.86,0.0
6793,studio,female,young,new,0,0,47.31,0.0
6794,studio,female,adult,new,0,0,45.36,0.0
6795,studio,male,young,new,0,0,41.91,0.0
6796,studio,male,young,returning,0,0,31.8,0.0
6797,lifestyle,male,adult,new,0,0,44.06,0.0
6798,studio,male,young,new,0,0,29.84,0.0
6799,studio,male,senior,new,0,0,31.49,0.0
6800,lifestyle,female,young,new,0,0,35.6,0.0
6801,studio,female,adult,new,0,0,58.54,0.0
6802,studio,female,adult,returning,0,0,31.18,0.0
6803,studio,female,senior,new,0,0,50.01,0.0
6804,studio,female,adult,new,0,0,55.77,0.0
6805,studio,female,senior,new,0,0,47.81,0.0
6806,lifestyle,female,senior,new,0,0,39.12,0.0
6807,lifestyle,male,young,new,0,0,34.63,0.0
6808,studio,female,adult,new,0,0,36.19,0.0
6809,studio,female,young,returning,0,0,57.57,0.0
6810,studio,male,adult,new,0,0,49.24,0.0
6811,lifestyle,female,adult,returning,0,0,47.37,0.0
6812,studio,female,young,new,0,0,32.96,0.0
6813,studio,female,adult,returning,0,0,38.79,0.0
6814,lifestyle,male,young,returning,0,0,43.89,0.0
6815,studio,female,adult,new,0,0,36.83,0.0
6816,studio,male,young,new,0,0,26.25,0.0
6817,studio,male,adult,new,0,0,26.06,0.0
6818,lifestyle,male,young,new,0,0,45.29,0.0
6819,lifestyle,female,young,new,0,0,30.4,0.0
6820,lifestyle,female,adult,returning,0,0,35.75,0.0
6821,studio,male,young,new,1,0,50.3,0.0
6822,lifestyle,female,adult,new,0,0,45.31,0.0
6823,lifestyle,male,senior,returning,0,0,58.16,0.0
6824,lifestyle,male,young,returning,0,0,29.47,0.0
6825,studio,female,adult,new,0,0,22.5,0.0
6826,lifestyle,male,young,returning,0,0,55.06,0.0
6827,studio,female,young,returning,0,0,51.76,0.0
6828,studio,male,young,new,0,0,24.56,0.0
6829,lifestyle,male,senior,new,0,0,38.55,0.0
6830,studio,female,young,returning,0,0,40.46,0.0
6831,lifestyle,female,senior,returning,0,0,47.49,0.0
6832,studio,male,senior,new,0,0,40.57,0.0
6833,lifestyle,female,adult,new,0,0,34.19,0.0
6834,lifestyle,female,adult,returning,0,0,49.2,0.0
6835,lifestyle,female,adult,returning,0,0,39.63,0.0
6836,studio,male,adult,returning,0,0,32.3,0.0
6837,studio,female,young,returning,0,0,23.69,0.0
6838,lifestyle,female,adult,new,0,0,49.91,0.0
6839,studio,male,adult,returning,0,0,31.39,0.0
6840,lifestyle,female,adult,returning,0,0,41.55,0.0
6841,lifestyle,female,young,returning,0,0,53.9,0.0
6842,studio,female,young,new,0,0,24.53,0.0
6843,studio,female,senior,returning,0,1,59.13,150.61
6844,studio,female,young,new,1,0,34.42,0.0
6845,lifestyle,female,adult,new,0,0,36.76,0.0
6846,studio,female,young,new,0,0,47.88,0.0
6847,studio,female,adult,new,0,0,19.59,0.0
6848,studio,female,senior,new,0,0,42.36,0.0
6849,lifestyle,male,young,returning,0,0,58.04,0.0
6850,studio,male,young,returning,0,0,40.49,0.0
6851,studio,female,adult,returning,0,1,49.16,189.8
6852,lifestyle,male,young,returning,0,1,50.88,147.6
6853,lifestyle,female,adult,new,0,0,22.7,0.0
6854,lifestyle,female,adult,new,0,0,57.62,0.0
6855,studio,female,young,new,0,0,30.79,0.0
6856,studio,female,adult,new,0,0,16.98,0.0
6857,lifestyle,female,adult,new,0,1,51.79,96.83
6858,studio,male,adult,new,0,0,24.22,0.0
6859,lifestyle,female,young,new,0,0,37.05,0.0
6860,lifestyle,male,adult,new,1,0,80.88,0.0
6861,studio,male,adult,new,0,0,44.23,0.0
6862,lifestyle,male,adult,new,0,0,46.84,0.0
6863,lifestyle,male,young,returning,1,0,68.97,0.0
6864,studio,male,young,new,0,0,53.34,0.0
6865,lifestyle,male,adult,new,0,0,47.28,0.0
6866,studio,female,adult,new,0,0,49.41,0.0
6867,studio,female,adult,returning,0,0,28.59,0.0
6868,studio,male,young,new,0,0,26.37,0.0
6869,lifestyle,male,adult,new,0,0,31.68,0.0
6870,lifestyle,female,adult,new,0,0,44.94,0.0
6871,lifestyle,female,adult,returning,0,0,15.7,0.0
6872,studio,female,young,returning,0,0,48.25,0.0
6873,lifestyle,male,adult,new,1,1,72.06,133.21
6874,studio,female,adult,returning,0,0,43.26,0.0
6875,lifestyle,female,young,new,0,0,28.08,0.0
6876,studio,female,adult,new,0,0,46.11,0.0
6877,studio,male,adult,new,0,0,48.83,0.0
6878,studio,male,adult,new,0,0,36.03,0.0
6879,lifestyle,male,adult,returning,0,0,47.28,0.0
6880,studio,male,adult,returning,0,1,44.74,90.79
6881,lifestyle,female,young,new,1,0,57.46,0.0
6882,studio,female,young,new,0,0,44.72,0.0
6883,studio,female,adult,new,0,0,31.97,0.0
6884,studio,female,young,new,0,0,50.26,0.0
6885,lifestyle,female,adult,returning,0,0,24.17,0.0
6886,lifestyle,male,adult,returning,0,0,38.71,0.0
6887,studio,female,young,new,0,0,15.79,0.0
6888,studio,female,adult,new,0,0,38.16,0.0
6889,studio,male,adult,returning,0,0,32.87,0.0
6890,lifestyle,male,young,new,0,0,40.24,0.0
6891,studio,female,adult,returning,0,0,42.4,0.0
6892,lifestyle,female,senior,new,0,0,44.16,0.0
6893,lifestyle,male,adult,new,0,0,70.07,0.0
6894,studio,female,adult,new,0,0,43.09,0.0
6895,studio,female,young,new,0,0,35.3,0.0
6896,lifestyle,female,young,new,0,0,35.25,0.0
6897,lifestyle,male,young,returning,1,0,47.89,0.0
6898,studio,male,adult,returning,0,0,39.37,0.0
6899,studio,female,adult,new,0,0,29.73,0.0
6900,studio,female,young,new,0,0,44.91,0.0
6901,studio,male,adult,returning,0,0,34.18,0.0
6902,studio,male,young,returning,1,0,49.21,0.0
6903,studio,male,young,new,0,0,36.15,0.0
6904,lifestyle,male,adult,returning,0,0,40.48,0.0
6905,studio,female,young,returning,0,0,37.77,0.0
6906,studio,female,adult,new,0,0,55.7,0.0
6907,studio,male,young,new,0,0,40.41,0.0
6908,lifestyle,male,adult,new,0,0,46.23,0.0
6909,lifestyle,female,senior,new,0,0,54.87,0.0
6910,studio,male,senior,returning,0,0,38.91,0.0
6911,studio,female,adult,new,0,0,25.36,0.0
6912,lifestyle,female,senior,returning,0,0,16.81,0.0
6913,studio,female,adult,new,0,0,14.49,0.0
6914,studio,male,adult,new,0,0,42.48,0.0
6915,studio,male,adult,returning,1,0,53.69,0.0
6916,studio,female,adult,new,0,0,33.52,0.0
6917,studio,male,adult,new,0,0,58.62,0.0
6918,lifestyle,male,young,new,0,0,41.66,0.0
6919,lifestyle,female,adult,new,0,1,38.38,86.32
6920,studio,female,adult,returning,0,0,42.5,0.0
6921,lifestyle,female,adult,new,0,0,53.61,0.0
6922,studio,male,young,returning,1,1,77.2,205.48
6923,studio,female,young,new,0,0,46.76,0.0
6924,lifestyle,female,young,returning,0,0,24.39,0.0
6925,lifestyle,male,adult,new,0,0,42.95,0.0
6926,studio,female,young,new,0,0,26.7,0.0
6927,studio,male,adult,returning,0,0,40.23,0.0
6928,lifestyle,male,young,new,0,0,57.2,0.0
6929,lifestyle,male,young,returning,0,0,38.32,0.0
6930,lifestyle,female,adult,new,0,0,48.52,0.0
6931,studio,female,senior,new,0,0,31.24,0.0
6932,studio,male,young,returning,0,0,34.82,0.0
6933,studio,male,adult,returning,0,0,29.86,0.0
6934,studio,male,young,new,0,0,53.01,0.0
6935,lifestyle,male,young,returning,0,0,31.2,0.0
6936,studio,male,adult,new,0,0,35.88,0.0
6937,studio,male,adult,new,0,0,48.69,0.0
6938,lifestyle,male,adult,new,0,0,22.55,0.0
6939,studio,female,adult,new,0,0,39.31,0.0
6940,studio,female,senior,new,0,0,41.11,0.0
6941,lifestyle,female,young,new,0,0,35.19,0.0
6942,lifestyle,male,young,returning,0,0,54.16,0.0
6943,lifestyle,male,young,new,0,0,59.16,0.0
6944,studio,male,adult,new,0,0,41.58,0.0
6945,lifestyle,male,young,new,0,0,39.03,0.0
6946,lifestyle,male,young,new,0,0,27.53,0.0
6947,studio,female,adult,new,0,0,36.8,0.0
6948,studio,female,young,new,0,0,33.46,0.0
6949,lifestyle,male,young,new,0,0,41.07,0.0
6950,studio,male,young,new,0,0,30.03,0.0
6951,lifestyle,female,young,returning,0,0,36.15,0.0
6952,studio,male,adult,returning,0,0,35.29,0.0
6953,studio,female,adult,new,0,0,22.69,0.0
6954,studio,female,young,new,0,0,45.36,0.0
6955,lifestyle,female,young,new,0,1,54.37,96.77
6956,studio,male,adult,returning,0,0,36.12,0.0
6957,lifestyle,male,adult,returning,0,1,58.76,115.03
6958,lifestyle,male,adult,new,0,0,48.5,0.0
6959,lifestyle,female,adult,new,0,0,47.95,0.0
6960,lifestyle,female,young,returning,0,0,47.07,0.0
6961,lifestyle,female,senior,new,0,0,35.31,0.0
6962,studio,female,adult,new,0,0,33.08,0.0
6963,lifestyle,female,young,new,0,0,58.02,0.0
6964,lifestyle,female,adult,new,0,0,38.58,0.0
6965,studio,female,young,returning,1,0,60.49,0.0
6966,studio,female,young,returning,0,0,34.9,0.0
6967,lifestyle,female,senior,returning,0,0,43.9,0.0
6968,studio,male,senior,new,0,0,41.87,0.0
6969,lifestyle,female,young,returning,0,0,33.68,0.0
6970,studio,male,adult,new,0,0,44.0,0.0
6971,studio,male,adult,new,0,0,26.46,0.0
6972,lifestyle,female,young,returning,0,0,47.54,0.0
6973,studio,female,adult,new,0,0,45.79,0.0
6974,studio,female,adult,new,0,0,39.26,0.0
6975,lifestyle,male,adult,returning,0,0,36.31,0.0
6976,studio,female,adult,returning,0,0,36.86,0.0
6977,lifestyle,male,adult,new,0,0,34.66,0.0
6978,lifestyle,female,senior,new,0,0,44.89,0.0
6979,lifestyle,male,young,new,0,0,36.77,0.0
6980,studio,female,senior,returning,0,0,32.39,0.0
6981,studio,female,young,new,1,0,56.31,0.0
6982,lifestyle,male,young,returning,0,0,51.84,0.0
6983,lifestyle,female,young,new,0,0,52.53,0.0
6984,lifestyle,female,adult,new,1,0,59.42,0.0
6985,lifestyle,male,young,new,0,0,56.69,0.0
6986,studio,male,adult,new,0,0,28.23,0.0
6987,studio,male,adult,returning,0,0,47.85,0.0
6988,studio,male,young,new,0,0,44.1,0.0
6989,studio,female,adult,new,0,0,35.4,0.0
6990,studio,female,senior,new,0,0,42.23,0.0
6991,lifestyle,male,adult,returning,0,0,52.36,0.0
6992,studio,male,young,new,0,0,41.62,0.0
6993,studio,female,senior,returning,0,0,42.61,0.0
6994,studio,male,adult,new,0,0,30.5,0.0
6995,lifestyle,male,adult,new,1,0,47.76,0.0
6996,lifestyle,male,young,new,0,0,43.08,0.0
6997,lifestyle,female,adult,new,0,0,30.56,0.0
6998,lifestyle,female,senior,new,0,0,54.32,0.0
6999,studio,female,young,returning,0,0,17.26,0.0
7000,lifestyle,male,young,new,0,0,45.07,0.0
7001,studio,female,senior,new,0,0,37.23,0.0
7002,studio,female,young,new,0,0,30.61,0.0
7003,lifestyle,female,senior,new,0,0,44.23,0.0
7004,lifestyle,male,young,returning,0,0,13.18,0.0
7005,studio,female,adult,returning,0,0,30.58,0.0
7006,studio,female,young,new,0,0,26.32,0.0
7007,lifestyle,male,senior,returning,0,0,38.45,0.0
7008,studio,male,adult,new,0,0,66.21,0.0
7009,studio,female,senior,new,0,0,26.11,0.0
7010,studio,female,adult,new,0,0,38.96,0.0
7011,studio,female,young,returning,0,0,27.04,0.0
7012,lifestyle,female,young,new,0,0,32.88,0.0
7013,studio,female,adult,new,0,0,21.53,0.0
7014,studio,male,adult,new,0,0,46.28,0.0
7015,lifestyle,male,senior,new,0,0,59.04,0.0
7016,lifestyle,female,adult,new,1,1,70.8,135.87
7017,studio,male,adult,new,0,0,44.12,0.0
7018,studio,male,senior,returning,0,0,29.64,0.0
7019,studio,female,young,new,0,0,30.99,0.0
7020,lifestyle,female,senior,new,1,0,68.79,0.0
7021,lifestyle,male,adult,returning,0,0,31.99,0.0
7022,lifestyle,male,adult,returning,0,0,34.61,0.0
7023,lifestyle,male,young,new,0,0,42.25,0.0
7024,lifestyle,male,young,new,0,0,42.37,0.0
7025,lifestyle,female,young,returning,0,0,31.22,0.0
7026,studio,male,senior,new,0,0,62.33,0.0
7027,studio,female,adult,new,0,0,26.56,0.0
7028,lifestyle,female,young,new,0,0,51.53,0.0
7029,studio,female,senior,returning,0,0,45.96,0.0
7030,studio,male,adult,new,0,0,26.95,0.0
7031,lifestyle,female,senior,new,0,0,51.63,0.0
7032,studio,male,young,new,0,0,26.59,0.0
7033,lifestyle,male,adult,returning,0,0,42.71,0.0
7034,lifestyle,female,adult,new,0,0,50.24,0.0
7035,studio,female,young,returning,0,0,29.42,0.0
7036,lifestyle,female,adult,returning,0,0,46.11,0.0
7037,studio,male,adult,new,0,0,29.24,0.0
7038,studio,male,young,returning,0,0,36.76,0.0
7039,lifestyle,female,young,new,0,0,43.06,0.0
7040,lifestyle,female,senior,returning,0,0,43.33,0.0
7041,lifestyle,female,young,returning,0,0,23.69,0.0
7042,studio,female,young,returning,0,0,42.81,0.0
7043,lifestyle,male,adult,returning,0,0,61.9,0.0
7044,studio,female,adult,returning,0,1,56.4,163.45
7045,lifestyle,male,adult,new,1,0,50.87,0.0
7046,studio,female,adult,new,0,0,37.08,0.0
7047,lifestyle,female,young,new,0,1,73.46,100.35
7048,studio,female,adult,new,0,0,47.8,0.0
7049,studio,female,adult,returning,1,0,59.12,0.0
7050,studio,male,senior,new,0,0,44.45,0.0
7051,lifestyle,female,adult,new,0,0,48.75,0.0
7052,lifestyle,male,young,returning,0,0,43.18,0.0
7053,lifestyle,male,adult,returning,0,0,32.44,0.0
7054,studio,male,young,returning,0,0,31.21,0.0
7055,studio,female,adult,returning,0,0,31.77,0.0
7056,studio,male,young,new,0,0,37.93,0.0
7057,lifestyle,male,young,returning,0,0,24.36,0.0
7058,studio,female,adult,new,0,0,40.11,0.0
7059,lifestyle,female,adult,returning,0,0,21.87,0.0
7060,lifestyle,male,adult,new,0,0,46.11,0.0
7061,lifestyle,male,adult,returning,0,0,53.7,0.0
7062,lifestyle,female,adult,new,0,0,50.95,0.0
7063,lifestyle,female,adult,new,0,0,33.04,0.0
7064,lifestyle,male,adult,returning,0,0,48.24,0.0
7065,studio,female,young,returning,0,0,42.04,0.0
7066,lifestyle,female,adult,returning,0,0,59.06,0.0
7067,studio,female,adult,new,0,0,38.66,0.0
7068,studio,female,adult,new,0,0,45.26,0.0
7069,studio,female,adult,new,0,0,30.63,0.0
7070,studio,female,adult,new,0,0,26.48,0.0
7071,studio,male,adult,new,0,0,43.64,0.0
7072,studio,female,adult,returning,0,0,43.78,0.0
7073,lifestyle,female,adult,new,0,0,35.65,0.0
7074,studio,male,adult,returning,0,0,22.88,0.0
7075,lifestyle,female,young,new,0,0,43.23,0.0
7076,studio,male,adult,new,0,0,35.44,0.0
7077,lifestyle,male,adult,new,0,0,44.34,0.0
7078,lifestyle,male,young,returning,1,1,85.86,164.83
7079,lifestyle,female,adult,returning,1,0,67.29,0.0
7080,lifestyle,female,adult,new,0,0,42.08,0.0
7081,studio,male,senior,new,0,0,30.05,0.0
7082,lifestyle,female,senior,new,0,0,39.74,0.0
7083,studio,male,young,returning,0,0,29.03,0.0
7084,studio,female,adult,returning,1,0,48.8,0.0
7085,lifestyle,female,young,new,0,0,36.85,0.0
7086,studio,female,young,new,0,0,32.55,0.0
7087,lifestyle,female,adult,new,0,1,62.74,161.71
7088,lifestyle,male,young,new,0,0,35.57,0.0
7089,studio,female,young,new,0,0,38.22,0.0
7090,studio,female,senior,new,0,0,58.28,0.0
7091,studio,male,adult,new,0,0,33.33,0.0
7092,lifestyle,female,adult,new,0,0,35.18,0.0
7093,lifestyle,female,senior,new,0,0,50.07,0.0
7094,studio,male,adult,new,0,0,27.05,0.0
7095,studio,female,young,new,0,0,33.53,0.0
7096,lifestyle,female,adult,returning,0,0,35.22,0.0
7097,lifestyle,female,adult,new,0,0,31.3,0.0
7098,studio,male,young,new,0,0,26.21,0.0
7099,studio,male,adult,returning,0,0,28.39,0.0
7100,lifestyle,male,adult,returning,0,0,31.58,0.0
7101,studio,female,young,new,0,0,47.79,0.0
7102,studio,female,young,new,0,0,39.31,0.0
7103,lifestyle,female,young,returning,0,0,51.42,0.0
7104,lifestyle,male,senior,returning,0,0,33.42,0.0
7105,studio,male,adult,new,0,0,32.06,0.0
7106,studio,female,adult,new,0,0,39.19,0.0
7107,studio,female,adult,returning,0,0,51.53,0.0
7108,studio,female,adult,new,0,0,27.47,0.0
7109,lifestyle,female,adult,returning,0,0,29.14,0.0
7110,studio,female,adult,new,0,0,36.91,0.0
7111,lifestyle,female,senior,returning,0,0,40.26,0.0
7112,lifestyle,female,senior,new,0,0,64.06,0.0
7113,studio,male,senior,new,0,0,45.42,0.0
7114,studio,female,adult,returning,0,0,32.14,0.0
7115,lifestyle,female,senior,new,0,0,44.17,0.0
7116,lifestyle,male,adult,new,0,0,40.73,0.0
7117,lifestyle,male,senior,returning,0,0,28.75,0.0
7118,studio,male,senior,new,0,0,40.42,0.0
7119,lifestyle,female,senior,new,0,1,62.13,205.98
7120,lifestyle,male,adult,new,0,0,48.33,0.0
7121,lifestyle,male,adult,new,0,0,33.02,0.0
7122,studio,female,young,returning,0,0,41.83,0.0
7123,lifestyle,male,young,returning,0,0,47.43,0.0
7124,lifestyle,female,adult,new,0,0,43.6,0.0
7125,studio,female,young,new,0,0,47.54,0.0
7126,studio,female,adult,new,0,1,36.15,147.82
7127,studio,male,adult,returning,0,0,39.44,0.0
7128,studio,male,adult,returning,0,0,34.55,0.0
7129,studio,male,senior,returning,0,0,39.26,0.0
7130,lifestyle,female,adult,returning,1,0,47.18,0.0
7131,studio,female,adult,new,0,0,20.8,0.0
7132,studio,male,adult,new,0,0,43.92,0.0
7133,lifestyle,female,adult,new,0,0,49.88,0.0
7134,studio,male,young,new,0,0,52.99,0.0
7135,studio,female,young,new,0,0,54.63,0.0
7136,lifestyle,female,senior,returning,1,0,46.52,0.0
7137,lifestyle,female,adult,new,0,0,40.45,0.0
7138,lifestyle,female,adult,new,0,0,44.51,0.0
7139,lifestyle,female,adult,new,0,0,51.62,0.0
7140,studio,female,adult,returning,0,0,49.27,0.0
7141,lifestyle,female,adult,new,0,0,31.71,0.0
7142,studio,female,young,new,0,0,29.59,0.0
7143,lifestyle,female,adult,new,0,0,55.71,0.0
7144,studio,female,adult,returning,0,0,18.27,0.0
7145,lifestyle,female,adult,new,0,0,31.23,0.0
7146,lifestyle,female,adult,returning,0,0,46.38,0.0
7147,lifestyle,female,senior,new,0,0,67.54,0.0
7148,studio,male,adult,returning,0,0,18.23,0.0
7149,studio,male,senior,returning,0,1,60.6,161.18
7150,lifestyle,male,adult,new,0,0,47.54,0.0
7151,lifestyle,female,adult,new,0,0,56.7,0.0
7152,studio,male,young,new,0,0,39.47,0.0
7153,lifestyle,female,young,returning,0,0,23.58,0.0
7154,lifestyle,female,adult,new,0,0,29.14,0.0
7155,studio,female,adult,new,0,0,48.72,0.0
7156,lifestyle,male,adult,new,0,0,46.4,0.0
7157,lifestyle,female,adult,returning,0,0,30.74,0.0
7158,studio,female,senior,new,0,0,44.93,0.0
7159,studio,female,senior,new,0,0,43.07,0.0
7160,lifestyle,male,young,new,0,0,17.06,0.0
7161,lifestyle,female,adult,new,1,1,56.01,179.6
7162,studio,female,adult,new,0,0,38.11,0.0
7163,lifestyle,female,young,returning,0,0,62.35,0.0
7164,lifestyle,female,young,new,1,0,59.64,0.0
7165,lifestyle,female,adult,new,0,0,17.51,0.0
7166,studio,female,senior,new,0,0,23.88,0.0
7167,lifestyle,female,adult,returning,0,0,48.26,0.0
7168,studio,female,adult,new,0,0,42.35,0.0
7169,studio,female,adult,returning,0,0,33.06,0.0
7170,studio,male,adult,new,0,0,30.16,0.0
7171,studio,male,adult,new,0,0,42.94,0.0
7172,lifestyle,male,adult,returning,0,0,53.05,0.0
7173,studio,male,young,new,0,0,41.94,0.0
7174,lifestyle,male,senior,returning,0,0,37.46,0.0
7175,studio,male,adult,returning,0,0,43.99,0.0
7176,studio,female,adult,new,0,0,31.47,0.0
7177,lifestyle,male,senior,returning,0,0,40.98,0.0
7178,lifestyle,male,young,new,0,0,35.59,0.0
7179,studio,female,young,returning,0,0,35.21,0.0
7180,lifestyle,female,adult,new,0,0,47.7,0.0
7181,studio,female,senior,new,0,0,19.79,0.0
7182,studio,female,adult,new,0,0,27.69,0.0
7183,lifestyle,male,young,returning,0,0,37.39,0.0
7184,lifestyle,male,adult,new,0,0,52.36,0.0
7185,studio,male,young,new,0,0,26.33,0.0
7186,lifestyle,male,adult,new,0,0,38.69,0.0
7187,lifestyle,male,young,returning,0,0,50.1,0.0
7188,studio,female,senior,new,1,0,55.4,0.0
7189,lifestyle,male,adult,new,0,0,57.33,0.0
7190,lifestyle,male,senior,new,0,0,45.5,0.0
7191,lifestyle,male,young,new,0,0,60.83,0.0
7192,studio,female,adult,new,0,0,55.63,0.0
7193,lifestyle,male,senior,new,0,0,51.58,0.0
7194,studio,male,young,new,0,0,39.18,0.0
7195,lifestyle,male,adult,new,0,0,47.59,0.0
7196,lifestyle,male,adult,new,0,0,50.17,0.0
7197,studio,male,adult,new,0,0,36.24,0.0
7198,lifestyle,female,young,returning,0,0,53.69,0.0
7199,lifestyle,male,adult,new,0,1,67.0,154.79
7200,lifestyle,female,adult,new,0,0,55.86,0.0
7201,studio,female,adult,new,0,0,20.47,0.0
7202,studio,female,young,new,0,0,37.16,0.0
7203,lifestyle,male,adult,returning,0,0,52.15,0.0
7204,studio,male,adult,new,0,0,23.58,0.0
7205,lifestyle,male,young,new,0,0,46.31,0.0
7206,studio,female,adult,returning,0,0,41.09,0.0
7207,studio,female,senior,returning,0,0,57.28,0.0
7208,studio,male,young,returning,0,0,31.6,0.0
7209,studio,female,adult,returning,0,0,37.11,0.0
7210,lifestyle,female,adult,new,0,0,36.44,0.0
7211,studio,female,young,returning,0,0,33.59,0.0
7212,studio,male,young,returning,0,0,51.19,0.0
7213,studio,female,adult,new,0,0,34.71,0.0
7214,lifestyle,male,adult,returning,0,0,34.91,0.0
7215,studio,female,young,new,0,0,33.17,0.0
7216,lifestyle,male,adult,returning,0,0,36.81,0.0
7217,lifestyle,male,adult,new,0,0,37.59,0.0
7218,lifestyle,female,young,new,0,0,36.61,0.0
7219,lifestyle,female,adult,new,0,0,37.0,0.0
7220,lifestyle,male,senior,new,0,0,35.13,0.0
7221,lifestyle,male,young,new,0,0,42.69,0.0
7222,studio,female,adult,new,0,0,25.21,0.0
7223,studio,female,adult,returning,0,0,46.41,0.0
7224,studio,female,young,returning,0,0,31.88,0.0
7225,lifestyle,female,young,new,0,0,46.09,0.0
7226,lifestyle,male,young,returning,0,0,46.11,0.0
7227,lifestyle,female,young,new,0,0,23.64,0.0
7228,studio,female,young,returning,0,0,32.34,0.0
7229,lifestyle,female,adult,new,0,0,59.18,0.0
7230,studio,male,senior,returning,0,0,32.24,0.0
7231,studio,female,young,returning,0,0,57.71,0.0
7232,studio,female,adult,new,0,0,40.44,0.0
7233,studio,female,young,new,0,0,40.17,0.0
7234,lifestyle,female,young,returning,0,0,44.39,0.0
7235,studio,female,young,returning,0,0,45.46,0.0
7236,studio,female,adult,new,0,0,46.01,0.0
7237,lifestyle,male,senior,new,0,0,46.81,0.0
7238,lifestyle,male,adult,returning,0,0,37.7,0.0
7239,lifestyle,female,adult,returning,0,0,27.75,0.0
7240,studio,female,young,new,1,0,58.14,0.0
7241,lifestyle,male,young,returning,0,0,42.66,0.0
7242,lifestyle,female,senior,new,0,0,38.56,0.0
7243,studio,male,young,returning,0,0,29.2,0.0
7244,lifestyle,male,senior,returning,0,0,46.32,0.0
7245,studio,female,young,new,0,0,25.19,0.0
7246,studio,female,adult,new,0,0,35.49,0.0
7247,lifestyle,male,senior,new,1,0,45.8,0.0
7248,lifestyle,female,young,new,0,0,36.68,0.0
7249,studio,female,adult,returning,0,0,23.38,0.0
7250,lifestyle,female,adult,returning,1,0,59.0,0.0
7251,lifestyle,male,young,new,0,0,32.22,0.0
7252,lifestyle,female,adult,returning,0,0,36.41,0.0
7253,studio,male,young,new,0,0,57.6,0.0
7254,lifestyle,male,young,returning,0,0,50.65,0.0
7255,studio,female,young,returning,0,0,41.01,0.0
7256,lifestyle,female,senior,returning,0,1,79.98,173.69
7257,studio,male,young,new,0,0,40.12,0.0
7258,studio,female,young,new,1,0,35.96,0.0
7259,lifestyle,female,adult,new,0,0,28.84,0.0
7260,studio,female,young,new,0,0,7.9,0.0
7261,studio,female,adult,new,0,0,37.02,0.0
7262,studio,male,young,returning,0,0,24.4,0.0
7263,lifestyle,female,adult,new,1,0,51.3,0.0
7264,studio,male,adult,new,0,0,31.8,0.0
7265,lifestyle,female,adult,new,0,0,35.92,0.0
7266,studio,male,young,new,0,0,34.66,0.0
7267,studio,male,adult,returning,0,0,32.17,0.0
7268,studio,female,adult,new,0,0,31.17,0.0
7269,studio,male,young,new,0,0,19.52,0.0
7270,studio,male,young,new,0,0,37.42,0.0
7271,studio,female,young,new,0,0,56.76,0.0
7272,lifestyle,female,adult,new,0,0,44.76,0.0
7273,lifestyle,female,senior,returning,0,0,69.69,0.0
7274,studio,male,young,returning,1,0,44.32,0.0
7275,studio,male,young,new,0,0,32.47,0.0
7276,lifestyle,male,young,new,1,0,56.8,0.0
7277,studio,female,young,returning,0,0,33.3,0.0
7278,studio,female,adult,new,0,0,46.65,0.0
7279,lifestyle,male,senior,new,0,0,25.09,0.0
7280,lifestyle,male,young,new,1,0,52.45,0.0
7281,lifestyle,male,adult,returning,0,0,58.63,0.0
7282,studio,male,adult,returning,0,1,50.03,125.1
7283,studio,male,adult,new,0,0,44.29,0.0
7284,lifestyle,female,adult,new,0,0,48.04,0.0
7285,studio,male,young,returning,0,0,34.27,0.0
7286,lifestyle,female,senior,returning,0,0,50.17,0.0
7287,lifestyle,female,young,returning,1,0,56.15,0.0
7288,studio,male,adult,returning,0,0,13.74,0.0
7289,lifestyle,female,senior,returning,0,0,51.6,0.0
7290,lifestyle,female,young,new,0,0,35.84,0.0
7291,lifestyle,male,adult,new,0,0,28.23,0.0
7292,studio,female,adult,new,1,0,53.87,0.0
7293,studio,male,senior,new,0,0,43.21,0.0
7294,studio,female,adult,new,0,0,44.81,0.0
7295,studio,female,young,returning,0,0,32.39,0.0
7296,lifestyle,female,adult,new,1,1,85.59,155.01
7297,studio,female,adult,returning,0,0,35.21,0.0
7298,studio,female,adult,new,0,0,38.45,0.0
7299,studio,female,senior,returning,0,0,44.28,0.0
7300,lifestyle,female,young,new,1,0,43.69,0.0
7301,studio,male,young,returning,1,0,53.77,0.0
7302,studio,female,adult,new,0,0,36.04,0.0
7303,studio,male,senior,new,0,0,37.29,0.0
7304,lifestyle,male,adult,new,1,0,58.14,0.0
7305,studio,female,senior,new,0,1,85.5,141.81
7306,lifestyle,male,senior,new,0,0,27.81,0.0
7307,lifestyle,male,senior,new,0,0,45.68,0.0
7308,studio,female,senior,new,0,0,48.12,0.0
7309,lifestyle,male,senior,returning,1,0,49.54,0.0
7310,studio,male,adult,returning,0,0,38.71,0.0
7311,lifestyle,female,adult,returning,0,0,45.02,0.0
7312,lifestyle,female,young,new,0,0,26.11,0.0
7313,studio,female,young,new,0,0,29.16,0.0
7314,studio,female,young,returning,0,0,52.83,0.0
7315,studio,female,young,new,0,0,19.09,0.0
7316,lifestyle,female,young,new,0,0,37.61,0.0
7317,studio,female,senior,returning,0,0,38.35,0.0
7318,lifestyle,female,adult,new,1,0,57.04,0.0
7319,studio,female,young,new,0,0,30.87,0.0
7320,lifestyle,male,adult,returning,0,0,42.82,0.0
7321,studio,male,adult,returning,0,0,34.64,0.0
7322,lifestyle,male,young,returning,0,0,49.1,0.0
7323,studio,female,senior,new,0,0,48.45,0.0
7324,lifestyle,male,young,returning,0,0,46.4,0.0
7325,studio,female,adult,returning,0,0,37.37,0.0
7326,studio,female,young,returning,0,0,19.36,0.0
7327,studio,female,adult,returning,1,0,51.16,0.0
7328,lifestyle,male,adult,new,0,0,53.14,0.0
7329,studio,female,young,new,0,0,18.89,0.0
7330,lifestyle,male,senior,returning,0,0,33.83,0.0
7331,studio,female,young,returning,1,0,64.92,0.0
7332,lifestyle,female,adult,new,1,0,42.02,0.0
7333,lifestyle,male,senior,returning,0,0,45.97,0.0
7334,lifestyle,female,senior,new,0,0,41.48,0.0
7335,studio,male,young,new,0,0,49.32,0.0
7336,studio,female,young,new,0,0,38.03,0.0
7337,studio,male,adult,new,0,0,42.91,0.0
7338,studio,male,young,new,1,0,50.56,0.0
7339,lifestyle,male,adult,returning,0,0,61.95,0.0
7340,lifestyle,male,adult,new,0,0,34.56,0.0
7341,lifestyle,female,adult,new,0,0,45.44,0.0
7342,studio,female,young,returning,0,0,47.57,0.0
7343,lifestyle,female,adult,new,0,0,56.84,0.0
7344,studio,male,senior,returning,0,0,37.32,0.0
7345,lifestyle,male,adult,returning,0,0,21.75,0.0
7346,studio,female,adult,new,0,0,31.16,0.0
7347,studio,male,young,returning,0,0,52.44,0.0
7348,studio,female,young,returning,0,0,27.37,0.0
7349,lifestyle,female,young,returning,1,0,59.91,0.0
7350,lifestyle,male,adult,new,1,0,53.93,0.0
7351,studio,female,young,new,0,0,34.28,0.0
7352,studio,female,adult,new,0,0,48.12,0.0
7353,studio,female,adult,returning,0,0,37.54,0.0
7354,lifestyle,male,adult,returning,0,0,62.42,0.0
7355,studio,male,young,returning,0,0,44.76,0.0
7356,lifestyle,male,adult,new,0,0,43.31,0.0
7357,lifestyle,male,adult,new,1,0,56.06,0.0
7358,lifestyle,male,young,new,1,0,60.32,0.0
7359,studio,female,young,new,0,0,22.67,0.0
7360,lifestyle,female,adult,returning,0,0,31.42,0.0
7361,lifestyle,female,adult,new,0,0,49.57,0.0
7362,studio,male,young,new,0,0,44.2,0.0
7363,lifestyle,female,young,returning,0,0,28.77,0.0
7364,lifestyle,male,young,new,0,0,50.6,0.0
7365,studio,female,senior,returning,0,0,38.24,0.0
7366,studio,female,adult,new,0,0,26.69,0.0
7367,studio,female,adult,returning,0,0,31.85,0.0
7368,lifestyle,female,senior,new,1,0,70.88,0.0
7369,studio,female,adult,new,0,0,41.09,0.0
7370,lifestyle,male,adult,returning,0,0,44.97,0.0
7371,lifestyle,male,young,returning,0,0,45.78,0.0
7372,lifestyle,male,adult,new,0,0,30.59,0.0
7373,studio,male,young,returning,0,0,40.47,0.0
7374,lifestyle,female,adult,returning,0,0,37.43,0.0
7375,studio,male,young,new,0,1,75.21,84.22
7376,studio,female,young,returning,0,1,51.2,157.62
7377,lifestyle,male,young,new,0,0,64.26,0.0
7378,studio,male,adult,new,0,0,33.39,0.0
7379,lifestyle,female,adult,new,0,0,41.05,0.0
7380,studio,male,adult,new,0,0,32.06,0.0
7381,studio,female,adult,new,0,0,22.42,0.0
7382,studio,female,adult,new,0,0,48.26,0.0
7383,lifestyle,male,adult,new,0,0,42.97,0.0
7384,lifestyle,female,young,new,0,0,48.27,0.0
7385,lifestyle,male,senior,new,0,0,63.15,0.0
7386,studio,female,young,new,0,0,33.69,0.0
7387,studio,female,adult,new,0,0,34.07,0.0
7388,lifestyle,male,adult,returning,0,0,43.45,0.0
7389,studio,female,adult,new,0,0,22.17,0.0
7390,studio,male,young,new,0,0,16.71,0.0
7391,lifestyle,female,adult,new,0,0,26.96,0.0
7392,studio,female,senior,returning,0,0,52.41,0.0
7393,lifestyle,female,adult,new,0,0,38.74,0.0
7394,lifestyle,female,senior,new,0,0,54.84,0.0
7395,studio,male,young,returning,0,0,32.41,0.0
7396,studio,female,adult,new,0,0,19.22,0.0
7397,studio,male,young,new,0,0,43.66,0.0
7398,lifestyle,female,senior,returning,0,0,38.11,0.0
7399,lifestyle,male,young,new,0,0,47.8,0.0
7400,studio,female,adult,new,1,0,59.24,0.0
7401,studio,female,senior,new,0,0,39.56,0.0
7402,lifestyle,female,adult,new,1,0,61.74,0.0
7403,lifestyle,male,adult,new,0,0,27.77,0.0
7404,studio,female,young,new,0,0,64.25,0.0
7405,studio,female,adult,new,0,0,39.4,0.0
7406,studio,female,senior,new,0,0,47.81,0.0
7407,lifestyle,male,adult,returning,0,0,51.34,0.0
7408,lifestyle,female,young,returning,0,0,40.61,0.0
7409,studio,male,young,new,1,0,50.78,0.0
7410,lifestyle,male,young,new,0,0,52.85,0.0
7411,studio,male,adult,new,0,0,31.32,0.0
7412,studio,male,young,new,0,0,38.91,0.0
7413,studio,male,adult,returning,0,0,39.68,0.0
7414,lifestyle,male,adult,returning,0,0,34.65,0.0
7415,studio,male,adult,new,0,0,39.44,0.0
7416,lifestyle,female,young,new,0,0,25.06,0.0
7417,studio,female,adult,returning,0,0,44.18,0.0
7418,studio,male,adult,returning,0,0,50.7,0.0
7419,studio,female,adult,new,0,0,44.06,0.0
7420,lifestyle,female,senior,new,0,0,61.97,0.0
7421,studio,female,young,new,0,0,27.38,0.0
7422,lifestyle,male,adult,returning,0,0,39.75,0.0
7423,studio,male,young,new,1,0,51.25,0.0
7424,studio,female,adult,returning,0,0,36.29,0.0
7425,studio,male,adult,new,1,0,45.63,0.0
7426,studio,male,young,returning,0,0,25.87,0.0
7427,studio,male,adult,new,0,0,52.27,0.0
7428,studio,male,adult,new,0,0,26.67,0.0
7429,lifestyle,female,adult,new,0,0,58.56,0.0
7430,lifestyle,male,young,new,0,0,46.95,0.0
7431,studio,female,young,new,0,0,37.03,0.0
7432,studio,female,adult,new,0,0,40.43,0.0
7433,studio,female,young,new,0,0,50.23,0.0
7434,studio,male,adult,new,0,0,8.76,0.0
7435,studio,male,young,new,1,0,53.59,0.0
7436,lifestyle,female,young,new,0,0,43.49,0.0
7437,studio,male,adult,new,0,0,36.86,0.0
7438,studio,female,adult,new,0,0,44.41,0.0
7439,studio,male,adult,new,0,1,48.9,122.81
7440,studio,female,senior,new,1,0,43.49,0.0
7441,lifestyle,female,adult,new,0,1,48.16,157.53
7442,studio,female,adult,new,0,0,25.93,0.0
7443,studio,female,senior,new,0,0,46.87,0.0
7444,lifestyle,male,adult,returning,0,0,47.05,0.0
7445,studio,male,adult,new,0,0,43.83,0.0
7446,lifestyle,male,adult,new,0,0,37.4,0.0
7447,lifestyle,male,senior,returning,0,0,42.85,0.0
7448,studio,female,young,new,1,0,66.54,0.0
7449,lifestyle,male,young,new,1,0,67.2,0.0
7450,studio,male,young,new,0,0,42.52,0.0
7451,lifestyle,female,young,returning,0,0,23.75,0.0
7452,studio,male,young,returning,0,0,54.58,0.0
7453,studio,female,adult,returning,0,0,34.08,0.0
7454,lifestyle,male,adult,returning,0,0,43.73,0.0
7455,lifestyle,male,young,returning,0,0,46.48,0.0
7456,lifestyle,female,adult,returning,1,1,78.65,131.78
7457,lifestyle,female,adult,new,0,0,40.28,0.0
7458,studio,male,adult,new,0,1,56.45,113.57
7459,studio,male,adult,returning,0,1,61.36,143.49
7460,studio,male,senior,returning,0,0,48.49,0.0
7461,studio,male,young,new,0,0,47.2,0.0
7462,studio,male,young,new,0,0,24.02,0.0
7463,lifestyle,female,young,returning,1,1,71.54,167.87
7464,studio,male,adult,new,0,0,43.53,0.0
7465,studio,male,adult,new,0,0,19.3,0.0
7466,studio,female,young,new,0,0,36.62,0.0
7467,lifestyle,male,young,new,0,0,34.14,0.0
7468,lifestyle,male,adult,new,0,0,47.51,0.0
7469,lifestyle,female,adult,returning,0,0,33.55,0.0
7470,studio,male,adult,new,0,0,31.4,0.0
7471,lifestyle,female,adult,returning,0,0,39.1,0.0
7472,studio,male,senior,returning,0,0,42.46,0.0
7473,lifestyle,male,young,returning,0,0,51.58,0.0
7474,lifestyle,male,adult,returning,0,0,52.32,0.0
7475,studio,male,young,new,1,0,52.05,0.0
7476,studio,male,adult,new,0,0,23.9,0.0
7477,lifestyle,male,adult,returning,0,0,67.8,0.0
7478,studio,female,young,new,0,0,34.15,0.0
7479,lifestyle,female,adult,new,0,0,44.74,0.0
7480,studio,male,adult,new,0,0,37.42,0.0
7481,studio,female,young,returning,0,0,38.54,0.0
7482,studio,female,young,returning,0,0,26.53,0.0
7483,studio,female,young,returning,0,0,39.39,0.0
7484,studio,male,adult,returning,0,0,53.22,0.0
7485,studio,female,adult,returning,0,0,14.91,0.0
7486,lifestyle,male,adult,new,0,0,42.32,0.0
7487,studio,male,adult,new,0,0,23.78,0.0
7488,lifestyle,female,adult,returning,0,0,51.89,0.0
7489,lifestyle,female,adult,new,0,0,53.41,0.0
7490,lifestyle,female,adult,returning,0,0,40.72,0.0
7491,studio,female,adult,returning,0,0,35.61,0.0
7492,studio,male,senior,returning,0,0,31.19,0.0
7493,studio,female,young,returning,0,0,11.42,0.0
7494,lifestyle,male,young,new,0,0,39.3,0.0
7495,lifestyle,male,young,new,0,0,39.86,0.0
7496,studio,female,adult,new,0,0,35.43,0.0
7497,studio,male,adult,new,0,0,2.21,0.0
7498,lifestyle,female,young,new,0,0,24.75,0.0
7499,studio,male,senior,new,0,0,25.17,0.0
7500,lifestyle,female,senior,returning,0,0,47.83,0.0
7501,lifestyle,male,senior,new,0,0,52.85,0.0
7502,lifestyle,male,young,new,0,0,30.37,0.0
7503,studio,female,senior,new,0,0,37.24,0.0
7504,studio,male,young,new,0,0,29.21,0.0
7505,lifestyle,female,young,new,0,0,62.32,0.0
7506,lifestyle,female,adult,new,0,0,38.15,0.0
7507,studio,female,adult,returning,0,0,30.73,0.0
7508,studio,female,young,new,0,0,26.84,0.0
7509,lifestyle,male,adult,new,1,0,37.99,0.0
7510,lifestyle,female,adult,new,0,0,48.46,0.0
7511,lifestyle,male,adult,new,0,0,39.34,0.0
7512,lifestyle,male,adult,returning,1,0,53.12,0.0
7513,studio,male,young,returning,0,0,36.82,0.0
7514,studio,female,senior,returning,0,0,24.22,0.0
7515,lifestyle,female,young,new,0,0,59.71,0.0
7516,lifestyle,female,adult,new,0,0,23.79,0.0
7517,studio,female,young,new,0,0,52.76,0.0
7518,studio,female,senior,new,0,0,39.85,0.0
7519,lifestyle,female,young,new,0,0,38.14,0.0
7520,studio,male,adult,returning,0,1,61.71,210.07
7521,studio,female,adult,new,1,0,46.54,0.0
7522,lifestyle,female,senior,new,0,0,56.32,0.0
7523,lifestyle,male,young,new,1,0,60.08,0.0
7524,lifestyle,female,adult,returning,0,0,49.13,0.0
7525,studio,male,young,new,0,0,45.4,0.0
7526,lifestyle,female,senior,new,0,0,45.26,0.0
7527,lifestyle,female,adult,new,0,0,51.65,0.0
7528,lifestyle,female,adult,new,0,0,47.18,0.0
7529,lifestyle,female,adult,new,0,0,55.34,0.0
7530,studio,female,young,new,0,0,31.33,0.0
7531,studio,female,young,new,1,0,63.66,0.0
7532,studio,male,adult,new,0,0,27.27,0.0
7533,studio,male,senior,new,0,0,19.93,0.0
7534,lifestyle,female,adult,returning,0,0,28.35,0.0
7535,lifestyle,female,senior,new,0,0,43.68,0.0
7536,lifestyle,female,young,new,0,0,44.63,0.0
7537,lifestyle,male,senior,new,0,0,47.16,0.0
7538,studio,female,adult,returning,0,0,42.87,0.0
7539,studio,female,adult,new,0,0,22.99,0.0
7540,studio,male,adult,new,0,0,52.24,0.0
7541,studio,female,adult,returning,0,0,48.45,0.0
7542,studio,female,adult,new,0,0,44.35,0.0
7543,lifestyle,female,adult,new,0,0,54.65,0.0
7544,lifestyle,female,adult,new,0,1,46.47,166.8
7545,studio,male,young,new,0,0,41.99,0.0
7546,studio,female,young,returning,1,0,57.4,0.0
7547,lifestyle,female,young,new,0,0,51.67,0.0
7548,studio,female,adult,new,1,0,58.47,0.0
7549,lifestyle,female,adult,returning,0,0,46.45,0.0
7550,lifestyle,female,adult,returning,0,0,46.04,0.0
7551,lifestyle,male,adult,new,0,0,53.92,0.0
7552,studio,male,young,returning,1,0,43.77,0.0
7553,lifestyle,male,adult,returning,1,1,80.67,124.7
7554,studio,female,young,returning,0,0,29.47,0.0
7555,lifestyle,female,adult,new,0,0,40.48,0.0
7556,studio,male,young,new,0,0,8.28,0.0
7557,studio,male,adult,new,0,0,26.29,0.0
7558,lifestyle,male,adult,new,0,0,37.64,0.0
7559,lifestyle,female,adult,new,0,0,37.77,0.0
7560,lifestyle,female,adult,new,0,0,38.67,0.0
7561,lifestyle,female,young,new,0,0,30.15,0.0
7562,lifestyle,female,young,new,0,0,38.68,0.0
7563,studio,female,adult,new,0,0,45.85,0.0
7564,lifestyle,male,adult,new,0,0,39.01,0.0
7565,lifestyle,female,adult,returning,1,0,69.98,0.0
7566,lifestyle,female,young,returning,1,0,69.33,0.0
7567,lifestyle,female,adult,returning,0,0,36.13,0.0
7568,studio,female,adult,new,0,0,40.69,0.0
7569,lifestyle,female,adult,returning,0,0,28.87,0.0
7570,studio,female,senior,returning,0,0,29.46,0.0
7571,studio,female,adult,returning,1,1,71.12,137.5
7572,lifestyle,female,young,returning,0,0,47.09,0.0
7573,studio,female,young,new,0,0,51.13,0.0
7574,lifestyle,male,adult,new,0,0,40.37,0.0
7575,studio,male,adult,returning,0,0,36.76,0.0
7576,studio,female,young,returning,0,0,35.98,0.0
7577,lifestyle,male,senior,returning,0,0,64.94,0.0
7578,lifestyle,male,young,new,0,0,55.42,0.0
7579,lifestyle,male,adult,new,0,0,45.85,0.0
7580,lifestyle,female,young,new,0,0,49.94,0.0
7581,lifestyle,female,senior,returning,0,0,50.5,0.0
7582,studio,male,adult,returning,0,0,45.75,0.0
7583,studio,male,young,new,0,0,43.62,0.0
7584,studio,female,senior,returning,0,0,36.98,0.0
7585,lifestyle,male,young,new,0,0,42.99,0.0
7586,lifestyle,male,adult,new,0,0,43.62,0.0
7587,studio,female,adult,new,0,0,36.52,0.0
7588,lifestyle,female,adult,returning,0,0,36.92,0.0
7589,lifestyle,male,senior,returning,0,0,50.37,0.0
7590,studio,female,senior,new,0,0,34.91,0.0
7591,studio,male,senior,new,0,0,34.15,0.0
7592,lifestyle,female,young,new,0,0,40.81,0.0
7593,lifestyle,male,young,new,0,0,44.69,0.0
7594,lifestyle,male,adult,returning,0,0,54.26,0.0
7595,studio,female,adult,returning,1,0,57.1,0.0
7596,lifestyle,female,adult,new,0,0,53.1,0.0
7597,studio,male,young,new,0,0,52.73,0.0
7598,studio,male,adult,new,0,0,29.15,0.0
7599,lifestyle,female,senior,new,0,0,54.11,0.0
7600,studio,female,adult,returning,0,0,42.51,0.0
7601,lifestyle,male,young,new,0,0,44.56,0.0
7602,studio,female,young,returning,1,0,58.93,0.0
7603,lifestyle,male,young,new,0,0,42.88,0.0
7604,lifestyle,female,adult,returning,0,0,48.71,0.0
7605,studio,male,senior,new,0,0,25.84,0.0
7606,lifestyle,male,young,returning,0,0,42.02,0.0
7607,studio,male,adult,returning,0,0,42.08,0.0
7608,lifestyle,male,adult,new,0,0,52.28,0.0
7609,studio,male,young,new,0,0,26.39,0.0
7610,studio,male,adult,returning,0,0,34.18,0.0
7611,studio,male,adult,new,0,0,24.37,0.0
7612,studio,male,adult,new,1,1,66.12,114.6
7613,lifestyle,female,adult,returning,1,0,60.16,0.0
7614,studio,male,adult,new,0,0,45.35,0.0
7615,studio,female,young,new,0,0,44.04,0.0
7616,studio,male,young,returning,0,0,37.23,0.0
7617,studio,male,young,new,0,0,28.49,0.0
7618,lifestyle,female,adult,new,0,0,40.61,0.0
7619,lifestyle,female,young,new,0,0,67.37,0.0
7620,studio,male,young,returning,0,0,21.01,0.0
7621,lifestyle,male,adult,new,0,0,29.92,0.0
7622,lifestyle,female,adult,returning,0,0,43.75,0.0
7623,studio,female,young,new,0,0,42.07,0.0
7624,lifestyle,female,young,returning,0,0,50.64,0.0
7625,lifestyle,female,adult,new,0,0,44.88,0.0
7626,lifestyle,male,young,returning,0,0,26.81,0.0
7627,lifestyle,female,adult,new,0,0,39.8,0.0
7628,studio,female,adult,new,0,1,37.34,122.32
7629,lifestyle,female,young,new,0,0,45.95,0.0
7630,lifestyle,female,young,new,0,0,46.56,0.0
7631,studio,female,young,new,1,0,48.74,0.0
7632,lifestyle,female,young,returning,1,0,45.17,0.0
7633,studio,male,senior,returning,0,0,31.81,0.0
7634,lifestyle,female,adult,new,0,0,25.77,0.0
7635,lifestyle,male,adult,new,0,0,41.49,0.0
7636,studio,male,adult,returning,0,0,66.68,0.0
7637,studio,male,young,new,0,0,33.98,0.0
7638,lifestyle,male,young,new,0,0,37.8,0.0
7639,studio,female,adult,new,0,0,37.17,0.0
7640,studio,female,senior,new,0,0,28.5,0.0
7641,studio,male,adult,new,0,0,23.84,0.0
7642,studio,female,adult,returning,0,1,48.81,122.99
7643,studio,male,adult,new,0,0,43.85,0.0
7644,studio,male,young,returning,1,0,53.34,0.0
7645,studio,female,young,new,0,0,33.41,0.0
7646,lifestyle,female,young,new,0,0,49.49,0.0
7647,lifestyle,male,adult,new,0,0,59.09,0.0
7648,studio,female,young,returning,0,1,62.36,124.47
7649,studio,male,adult,new,0,0,24.82,0.0
7650,lifestyle,female,adult,new,0,0,23.17,0.0
7651,studio,male,adult,new,0,0,17.56,0.0
7652,studio,male,young,new,0,0,43.69,0.0
7653,studio,female,adult,new,0,0,27.42,0.0
7654,lifestyle,female,adult,new,0,0,50.18,0.0
7655,lifestyle,male,young,new,0,0,37.45,0.0
7656,lifestyle,female,young,returning,0,0,45.88,0.0
7657,lifestyle,male,adult,new,0,0,49.01,0.0
7658,lifestyle,female,young,returning,0,0,34.17,0.0
7659,studio,male,senior,new,0,0,48.23,0.0
7660,lifestyle,female,adult,new,0,0,35.4,0.0
7661,studio,female,young,returning,0,0,27.98,0.0
7662,lifestyle,male,adult,returning,0,0,50.21,0.0
7663,lifestyle,female,adult,new,1,0,63.32,0.0
7664,lifestyle,female,young,returning,0,0,46.6,0.0
7665,studio,female,young,returning,0,1,43.97,115.61
7666,studio,male,adult,new,0,0,31.16,0.0
7667,lifestyle,female,young,new,0,0,48.89,0.0
7668,lifestyle,female,young,new,0,0,64.84,0.0
7669,lifestyle,female,young,returning,0,0,60.11,0.0
7670,studio,female,young,returning,0,0,30.32,0.0
7671,lifestyle,male,adult,returning,0,0,35.41,0.0
7672,lifestyle,female,adult,new,0,0,59.3,0.0
7673,lifestyle,female,adult,returning,0,0,48.01,0.0
7674,lifestyle,male,adult,new,0,0,37.32,0.0
7675,lifestyle,female,senior,new,0,0,48.27,0.0
7676,lifestyle,female,young,new,0,0,29.51,0.0
7677,lifestyle,female,young,returning,0,0,52.09,0.0
7678,lifestyle,male,adult,new,0,0,56.0,0.0
7679,studio,female,adult,new,0,0,50.4,0.0
7680,studio,male,adult,returning,0,0,46.26,0.0
7681,lifestyle,female,young,returning,0,0,38.8,0.0
7682,lifestyle,female,young,new,0,0,50.94,0.0
7683,lifestyle,female,adult,returning,0,0,56.61,0.0
7684,studio,male,senior,returning,0,0,49.45,0.0
7685,studio,female,adult,new,0,0,43.53,0.0
7686,lifestyle,female,young,new,0,0,43.91,0.0
7687,lifestyle,male,adult,new,1,0,47.94,0.0
7688,studio,female,young,new,0,0,53.55,0.0
7689,studio,female,young,returning,0,0,34.63,0.0
7690,lifestyle,female,young,new,0,0,54.14,0.0
7691,studio,male,adult,returning,0,0,59.78,0.0
7692,lifestyle,male,adult,returning,0,0,51.08,0.0
7693,studio,female,adult,new,0,0,46.75,0.0
7694,lifestyle,male,young,returning,1,0,47.64,0.0
7695,lifestyle,male,young,returning,0,0,34.73,0.0
7696,lifestyle,female,young,new,0,0,54.65,0.0
7697,studio,male,senior,returning,0,0,34.5,0.0
7698,lifestyle,female,adult,returning,0,0,28.59,0.0
7699,studio,female,young,new,0,0,18.39,0.0
7700,studio,female,adult,returning,0,0,32.83,0.0
7701,lifestyle,female,adult,new,0,0,39.71,0.0
7702,lifestyle,male,senior,new,0,0,56.98,0.0
7703,lifestyle,male,adult,returning,0,0,32.11,0.0
7704,studio,female,young,returning,0,0,48.77,0.0
7705,studio,male,adult,returning,1,0,37.87,0.0
7706,studio,female,adult,new,0,0,23.14,0.0
7707,lifestyle,female,young,returning,1,0,58.38,0.0
7708,lifestyle,male,adult,returning,0,0,42.53,0.0
7709,lifestyle,female,adult,new,1,0,62.8,0.0
7710,lifestyle,male,young,new,0,0,30.24,0.0
7711,studio,male,adult,returning,1,0,53.53,0.0
7712,studio,female,adult,new,0,0,18.22,0.0
7713,studio,female,young,new,0,0,13.05,0.0
7714,studio,female,young,new,0,0,53.28,0.0
7715,studio,male,adult,returning,0,0,45.47,0.0
7716,lifestyle,male,young,new,0,0,41.96,0.0
7717,studio,male,senior,new,1,0,34.77,0.0
7718,lifestyle,male,young,new,0,0,37.42,0.0
7719,studio,male,young,new,0,0,39.49,0.0
7720,lifestyle,female,young,new,1,1,72.4,110.21
7721,lifestyle,female,adult,new,0,0,57.61,0.0
7722,lifestyle,male,adult,new,1,0,63.29,0.0
7723,studio,male,adult,new,1,0,40.77,0.0
7724,lifestyle,female,young,returning,0,0,26.04,0.0
7725,lifestyle,female,adult,new,0,0,50.75,0.0
7726,studio,female,young,returning,1,0,58.41,0.0
7727,studio,male,young,returning,0,0,42.56,0.0
7728,studio,male,young,new,0,0,51.85,0.0
7729,lifestyle,female,young,new,0,0,46.58,0.0
7730,lifestyle,female,adult,returning,0,0,42.94,0.0
7731,lifestyle,female,young,new,0,0,49.64,0.0
7732,studio,female,young,new,0,0,47.35,0.0
7733,studio,male,adult,new,0,0,41.87,0.0
7734,lifestyle,male,young,new,0,0,42.31,0.0
7735,studio,female,adult,returning,0,0,44.68,0.0
7736,lifestyle,male,adult,returning,0,0,42.96,0.0
7737,lifestyle,female,young,new,0,0,37.12,0.0
7738,studio,male,adult,new,0,0,36.21,0.0
7739,lifestyle,male,adult,new,0,0,38.81,0.0
7740,studio,male,young,returning,0,0,34.14,0.0
7741,lifestyle,male,senior,new,0,0,38.54,0.0
7742,studio,male,adult,returning,0,0,44.99,0.0
7743,lifestyle,female,senior,new,0,0,49.14,0.0
7744,studio,female,adult,returning,0,0,42.11,0.0
7745,studio,male,young,new,0,0,39.82,0.0
7746,lifestyle,male,young,returning,0,0,32.98,0.0
7747,studio,female,young,new,0,0,48.23,0.0
7748,lifestyle,male,adult,returning,0,0,39.75,0.0
7749,studio,male,senior,new,0,0,36.39,0.0
7750,lifestyle,male,adult,returning,0,0,44.14,0.0
7751,studio,female,young,new,1,0,52.34,0.0
7752,lifestyle,male,young,new,0,0,68.01,0.0
7753,studio,female,adult,new,0,0,40.96,0.0
7754,studio,male,senior,new,0,0,35.14,0.0
7755,studio,male,young,new,0,0,53.98,0.0
7756,lifestyle,male,young,new,0,0,25.7,0.0
7757,studio,female,young,new,0,0,30.18,0.0
7758,lifestyle,female,young,new,1,0,51.44,0.0
7759,lifestyle,male,adult,new,0,0,41.96,0.0
7760,studio,male,adult,new,0,0,38.46,0.0
7761,lifestyle,female,adult,new,0,0,46.36,0.0
7762,studio,female,adult,new,0,1,59.17,127.42
7763,studio,male,young,returning,0,0,41.3,0.0
7764,lifestyle,female,young,new,0,0,41.4,0.0
7765,lifestyle,male,adult,returning,0,0,54.9,0.0
7766,lifestyle,male,adult,new,0,0,25.88,0.0
7767,studio,male,adult,returning,0,0,9.48,0.0
7768,studio,female,young,new,0,0,42.41,0.0
7769,studio,male,young,returning,0,0,31.69,0.0
7770,lifestyle,female,young,new,0,0,59.17,0.0
7771,lifestyle,female,adult,new,0,0,52.43,0.0
7772,lifestyle,female,adult,new,0,0,47.89,0.0
7773,studio,male,adult,new,0,0,30.13,0.0
7774,studio,male,adult,new,0,0,41.76,0.0
7775,studio,female,adult,new,0,0,31.04,0.0
7776,studio,female,adult,returning,0,0,35.6,0.0
7777,studio,female,young,new,0,0,31.74,0.0
7778,lifestyle,male,adult,new,1,1,79.59,97.47
7779,lifestyle,male,adult,returning,0,0,39.49,0.0
7780,lifestyle,female,young,returning,0,0,52.01,0.0
7781,studio,male,adult,new,0,0,39.53,0.0
7782,studio,female,adult,returning,1,0,44.91,0.0
7783,lifestyle,male,adult,new,1,0,52.53,0.0
7784,studio,male,senior,new,0,0,27.3,0.0
7785,lifestyle,male,adult,new,0,0,22.48,0.0
7786,studio,male,adult,new,0,0,44.33,0.0
7787,studio,male,young,new,0,0,31.44,0.0
7788,lifestyle,female,adult,new,0,0,29.83,0.0
7789,studio,male,adult,new,0,0,39.44,0.0
7790,lifestyle,male,adult,new,0,0,34.79,0.0
7791,lifestyle,female,adult,returning,0,0,41.31,0.0
7792,studio,male,senior,new,0,0,27.08,0.0
7793,studio,male,young,returning,0,0,41.49,0.0
7794,lifestyle,female,young,returning,0,0,42.88,0.0
7795,lifestyle,female,adult,returning,0,0,47.0,0.0
7796,studio,male,adult,returning,0,0,30.72,0.0
7797,lifestyle,male,senior,new,0,0,49.47,0.0
7798,studio,female,adult,new,0,0,20.45,0.0
7799,studio,male,adult,new,0,0,57.75,0.0
7800,studio,female,adult,new,0,0,39.15,0.0
7801,studio,female,young,new,0,0,52.07,0.0
7802,studio,female,adult,new,0,0,32.34,0.0
7803,lifestyle,male,young,returning,1,1,66.5,189.33
7804,studio,male,young,new,0,0,30.08,0.0
7805,studio,female,adult,new,0,0,34.56,0.0
7806,studio,male,young,new,0,0,33.83,0.0
7807,lifestyle,male,young,returning,0,0,60.62,0.0
7808,lifestyle,female,young,new,0,0,33.44,0.0
7809,studio,male,young,new,0,0,28.95,0.0
7810,studio,male,young,returning,0,0,42.13,0.0
7811,studio,female,adult,returning,0,1,39.13,116.48
7812,studio,male,adult,returning,0,0,34.59,0.0
7813,studio,male,senior,returning,0,0,41.42,0.0
7814,studio,male,adult,new,1,0,54.33,0.0
7815,studio,female,adult,returning,1,0,53.49,0.0
7816,lifestyle,male,adult,new,0,0,61.88,0.0
7817,studio,male,young,returning,0,0,26.15,0.0
7818,lifestyle,female,young,new,0,0,35.56,0.0
7819,lifestyle,female,adult,new,0,0,48.09,0.0
7820,lifestyle,male,adult,new,1,0,59.26,0.0
7821,studio,female,adult,new,0,0,38.51,0.0
7822,studio,male,adult,new,1,0,35.95,0.0
7823,studio,female,young,new,0,0,56.81,0.0
7824,lifestyle,male,senior,new,0,0,51.52,0.0
7825,studio,male,adult,new,0,0,19.18,0.0
7826,lifestyle,female,adult,new,0,0,48.11,0.0
7827,lifestyle,male,adult,new,0,1,50.97,113.64
7828,studio,male,young,returning,0,0,44.29,0.0
7829,lifestyle,male,young,new,0,0,28.84,0.0
7830,studio,female,young,new,0,0,45.06,0.0
7831,studio,male,young,returning,1,0,37.79,0.0
7832,studio,male,young,new,0,0,25.26,0.0
7833,studio,male,adult,new,0,0,36.38,0.0
7834,lifestyle,male,senior,new,0,0,40.88,0.0
7835,studio,male,senior,returning,1,0,49.46,0.0
7836,studio,male,adult,new,1,0,34.7,0.0
7837,lifestyle,male,young,new,0,0,38.7,0.0
7838,lifestyle,male,young,returning,0,0,50.84,0.0
7839,studio,female,adult,new,0,0,53.78,0.0
7840,lifestyle,female,young,new,0,0,50.28,0.0
7841,lifestyle,female,adult,new,1,0,63.85,0.0
7842,studio,male,senior,returning,0,0,23.11,0.0
7843,studio,female,adult,returning,1,0,49.71,0.0
7844,studio,male,adult,new,0,0,28.48,0.0
7845,lifestyle,female,young,new,0,1,46.89,84.76
7846,lifestyle,male,adult,new,0,1,49.28,123.2
7847,lifestyle,male,young,new,0,0,48.68,0.0
7848,studio,male,young,new,0,0,29.43,0.0
7849,studio,male,adult,new,0,0,20.25,0.0
7850,studio,female,adult,new,0,0,28.64,0.0
7851,studio,female,adult,returning,0,0,37.89,0.0
7852,lifestyle,female,adult,new,0,0,35.26,0.0
7853,lifestyle,female,adult,new,0,0,29.9,0.0
7854,studio,male,adult,returning,0,0,25.8,0.0
7855,studio,male,senior,new,0,0,48.84,0.0
7856,studio,female,senior,returning,0,0,19.22,0.0
7857,studio,female,adult,new,0,0,32.32,0.0
7858,studio,female,adult,returning,0,0,33.85,0.0
7859,studio,male,adult,returning,0,0,27.44,0.0
7860,studio,female,young,new,0,0,25.42,0.0
7861,studio,female,young,new,0,0,44.83,0.0
7862,studio,male,adult,new,0,0,44.8,0.0
7863,studio,male,adult,new,0,0,36.05,0.0
7864,lifestyle,male,adult,new,1,0,51.57,0.0
7865,studio,female,adult,new,0,0,36.13,0.0
7866,lifestyle,male,young,returning,1,0,61.04,0.0
7867,studio,male,young,returning,0,0,33.88,0.0
7868,studio,male,adult,returning,0,0,39.31,0.0
7869,studio,female,adult,new,0,0,31.46,0.0
7870,studio,male,senior,new,0,0,8.49,0.0
7871,lifestyle,male,young,returning,0,0,40.07,0.0
7872,studio,female,adult,new,0,0,41.85,0.0
7873,lifestyle,female,adult,returning,0,0,42.31,0.0
7874,lifestyle,male,senior,new,0,0,50.44,0.0
7875,lifestyle,female,senior,new,0,0,44.29,0.0
7876,lifestyle,female,adult,new,0,0,40.07,0.0
7877,lifestyle,male,senior,new,0,0,48.71,0.0
7878,studio,male,adult,new,0,0,54.44,0.0
7879,lifestyle,female,young,new,0,0,50.42,0.0
7880,studio,male,adult,returning,0,0,42.1,0.0
7881,studio,male,young,new,0,0,37.05,0.0
7882,studio,female,adult,new,0,0,21.68,0.0
7883,lifestyle,female,senior,new,0,0,59.26,0.0
7884,lifestyle,female,adult,new,0,0,51.07,0.0
7885,studio,male,young,new,0,0,38.66,0.0
7886,lifestyle,female,young,new,1,1,76.56,130.29
7887,studio,male,young,new,0,0,40.46,0.0
7888,studio,female,young,new,1,0,47.69,0.0
7889,studio,female,young,new,0,0,42.28,0.0
7890,studio,female,adult,returning,0,0,26.62,0.0
7891,studio,male,adult,new,0,0,15.9,0.0
7892,lifestyle,female,adult,new,0,0,29.99,0.0
7893,lifestyle,female,young,returning,0,0,43.41,0.0
7894,studio,female,young,new,0,0,31.98,0.0
7895,studio,male,young,new,0,0,33.52,0.0
7896,lifestyle,female,young,new,0,0,29.04,0.0
7897,lifestyle,male,adult,new,0,0,45.02,0.0
7898,studio,female,young,new,1,0,39.63,0.0
7899,studio,female,adult,new,0,0,39.97,0.0
7900,lifestyle,male,senior,new,0,0,32.85,0.0
7901,lifestyle,male,adult,returning,1,0,48.61,0.0
7902,studio,male,adult,new,0,0,25.27,0.0
7903,studio,female,young,new,0,0,40.74,0.0
7904,lifestyle,male,senior,new,0,0,42.38,0.0
7905,studio,male,young,new,0,0,39.25,0.0
7906,lifestyle,female,young,new,0,0,53.4,0.0
7907,studio,male,young,returning,0,0,52.8,0.0
7908,lifestyle,male,young,new,0,0,44.31,0.0
7909,studio,female,adult,returning,0,0,23.98,0.0
7910,studio,male,senior,new,0,0,52.51,0.0
7911,lifestyle,male,adult,new,0,0,57.11,0.0
7912,studio,male,adult,new,0,0,34.4,0.0
7913,lifestyle,female,adult,new,0,0,55.19,0.0
7914,studio,female,adult,new,0,1,58.33,129.74
7915,studio,male,adult,returning,0,0,18.41,0.0
7916,studio,male,adult,new,0,0,28.69,0.0
7917,lifestyle,male,adult,new,0,0,36.95,0.0
7918,studio,female,adult,returning,1,0,46.36,0.0
7919,studio,male,adult,new,0,0,25.67,0.0
7920,studio,female,young,new,0,0,25.35,0.0
7921,lifestyle,male,young,new,0,0,55.46,0.0
7922,lifestyle,female,adult,new,0,0,24.63,0.0
7923,studio,female,senior,returning,0,0,32.76,0.0
7924,studio,female,adult,new,0,0,41.21,0.0
7925,lifestyle,male,senior,returning,0,0,41.43,0.0
7926,studio,female,young,returning,0,0,39.0,0.0
7927,lifestyle,male,adult,new,0,0,37.99,0.0
7928,lifestyle,male,adult,new,0,0,46.37,0.0
7929,lifestyle,male,senior,returning,0,0,36.62,0.0
7930,studio,female,young,returning,0,1,36.41,141.26
7931,lifestyle,female,adult,new,0,0,37.99,0.0
7932,lifestyle,female,young,returning,0,0,24.12,0.0
7933,lifestyle,female,adult,returning,0,0,41.33,0.0
7934,studio,male,senior,new,0,0,28.63,0.0
7935,studio,female,young,returning,0,0,23.75,0.0
7936,studio,female,adult,new,0,0,49.72,0.0
7937,lifestyle,female,senior,new,0,0,49.74,0.0
7938,lifestyle,male,young,new,0,0,26.64,0.0
7939,studio,female,adult,new,0,0,34.52,0.0
7940,studio,female,young,returning,0,0,33.57,0.0
7941,studio,female,young,new,0,0,14.32,0.0
7942,lifestyle,male,adult,new,0,0,45.48,0.0
7943,lifestyle,female,adult,returning,0,0,51.53,0.0
7944,studio,female,adult,new,0,0,30.77,0.0
7945,studio,male,young,new,0,0,32.08,0.0
7946,studio,male,senior,new,0,0,34.43,0.0
7947,lifestyle,male,adult,new,0,0,45.85,0.0
7948,lifestyle,female,young,returning,0,0,39.51,0.0
7949,lifestyle,male,adult,new,0,0,39.9,0.0
7950,studio,male,young,new,1,0,41.91,0.0
7951,lifestyle,female,young,new,0,0,62.41,0.0
7952,studio,female,adult,new,1,0,47.4,0.0
7953,lifestyle,male,adult,new,1,0,64.01,0.0
7954,studio,male,young,new,0,0,37.65,0.0
7955,lifestyle,female,adult,new,0,0,16.4,0.0
7956,lifestyle,female,young,new,0,0,38.29,0.0
7957,lifestyle,male,adult,new,0,0,30.47,0.0
7958,lifestyle,female,young,new,0,0,51.77,0.0
7959,studio,male,adult,new,0,0,22.34,0.0
7960,studio,female,young,returning,0,0,39.95,0.0
7961,lifestyle,male,adult,new,0,0,51.96,0.0
7962,studio,male,adult,new,0,0,37.8,0.0
7963,studio,male,young,returning,0,0,35.04,0.0
7964,studio,male,young,returning,0,0,31.04,0.0
7965,lifestyle,female,adult,new,0,0,40.76,0.0
7966,studio,female,young,new,0,0,21.6,0.0
7967,studio,female,adult,new,0,0,36.78,0.0
7968,studio,male,adult,returning,0,0,45.51,0.0
7969,studio,male,adult,new,0,0,26.28,0.0
7970,lifestyle,male,senior,returning,0,0,47.18,0.0
7971,lifestyle,male,adult,new,0,0,40.97,0.0
7972,lifestyle,female,adult,new,0,0,45.13,0.0
7973,studio,male,adult,returning,0,0,29.64,0.0
7974,lifestyle,female,senior,returning,0,0,31.91,0.0
7975,lifestyle,female,young,returning,1,0,45.8,0.0
7976,studio,male,adult,returning,0,0,11.82,0.0
7977,lifestyle,female,senior,returning,0,0,54.76,0.0
7978,lifestyle,male,adult,new,1,0,60.98,0.0
7979,lifestyle,male,young,new,1,0,56.85,0.0
7980,lifestyle,female,senior,new,0,0,40.03,0.0
7981,studio,male,adult,new,0,0,33.38,0.0
7982,studio,male,adult,new,0,0,34.71,0.0
7983,lifestyle,female,adult,new,0,0,36.79,0.0
7984,studio,male,young,new,0,0,30.17,0.0
7985,studio,female,young,new,0,0,48.09,0.0
7986,lifestyle,male,adult,returning,0,0,29.49,0.0
7987,lifestyle,male,adult,new,0,0,51.93,0.0
7988,studio,female,adult,new,0,0,18.85,0.0
7989,lifestyle,female,adult,new,0,0,58.08,0.0
7990,lifestyle,male,adult,new,0,0,18.1,0.0
7991,lifestyle,male,young,new,0,0,46.65,0.0
7992,studio,female,adult,new,0,0,28.41,0.0
7993,studio,male,young,new,0,0,33.33,0.0
7994,studio,female,adult,returning,0,0,33.65,0.0
7995,studio,female,senior,returning,0,0,46.06,0.0
7996,studio,female,young,new,0,0,15.38,0.0
7997,studio,female,adult,returning,0,0,34.69,0.0
7998,studio,female,young,new,0,0,36.85,0.0
7999,lifestyle,female,young,returning,0,1,55.39,190.48
8000,studio,female,young,new,0,0,33.89,0.0
8001,lifestyle,female,adult,new,0,0,35.36,0.0
8002,lifestyle,male,young,returning,0,0,47.55,0.0
8003,studio,male,adult,new,0,1,58.64,75.03
8004,lifestyle,female,adult,new,0,0,44.17,0.0
8005,lifestyle,female,young,new,0,0,48.62,0.0
8006,studio,male,adult,returning,0,0,47.47,0.0
8007,lifestyle,male,adult,new,0,0,32.08,0.0
8008,studio,female,senior,new,0,0,62.22,0.0
8009,lifestyle,female,young,returning,1,1,80.93,138.72
8010,studio,male,young,returning,0,0,29.99,0.0
8011,lifestyle,female,adult,new,0,0,65.0,0.0
8012,studio,female,adult,new,0,0,30.85,0.0
8013,lifestyle,female,adult,new,0,0,29.89,0.0
8014,studio,female,senior,new,0,0,34.9,0.0
8015,lifestyle,male,senior,returning,0,0,41.42,0.0
8016,lifestyle,female,young,returning,0,0,52.85,0.0
8017,studio,female,adult,new,0,0,33.87,0.0
8018,lifestyle,female,adult,new,0,0,43.0,0.0
8019,studio,male,senior,new,0,0,40.64,0.0
8020,lifestyle,male,young,new,0,0,53.66,0.0
8021,studio,male,adult,new,0,0,31.77,0.0
8022,lifestyle,male,senior,new,1,0,59.95,0.0
8023,lifestyle,female,adult,new,0,0,35.11,0.0
8024,studio,female,adult,new,0,0,30.79,0.0
8025,studio,female,senior,new,0,0,45.25,0.0
8026,studio,female,adult,new,0,0,42.29,0.0
8027,lifestyle,male,young,new,0,0,59.0,0.0
8028,studio,female,young,new,0,0,33.96,0.0
8029,lifestyle,female,adult,new,1,0,54.36,0.0
8030,lifestyle,female,senior,returning,0,0,50.97,0.0
8031,studio,female,senior,returning,0,0,35.31,0.0
8032,lifestyle,female,adult,returning,0,0,35.59,0.0
8033,studio,female,adult,new,0,0,38.24,0.0
8034,studio,male,young,new,1,1,66.08,98.69
8035,lifestyle,female,adult,new,1,1,74.1,143.59
8036,studio,female,adult,returning,0,1,61.06,125.23
8037,studio,male,adult,returning,0,0,38.1,0.0
8038,lifestyle,female,adult,returning,0,0,62.01,0.0
8039,studio,female,adult,new,0,0,44.22,0.0
8040,lifestyle,female,senior,returning,1,0,54.33,0.0
8041,lifestyle,female,young,returning,0,0,38.0,0.0
8042,studio,female,adult,new,0,0,21.27,0.0
8043,studio,male,adult,new,0,0,25.27,0.0
8044,lifestyle,male,adult,new,0,0,54.62,0.0
8045,studio,female,adult,new,0,0,32.22,0.0
8046,studio,female,young,new,0,0,21.14,0.0
8047,lifestyle,female,young,returning,1,0,37.53,0.0
8048,studio,male,young,returning,0,0,20.28,0.0
8049,lifestyle,male,young,returning,0,0,33.97,0.0
8050,studio,female,adult,new,0,0,35.04,0.0
8051,studio,male,young,new,0,0,31.03,0.0
8052,studio,female,adult,returning,0,0,41.98,0.0
8053,lifestyle,female,young,new,0,0,32.64,0.0
8054,lifestyle,female,adult,new,0,0,54.26,0.0
8055,lifestyle,male,adult,returning,0,0,40.64,0.0
8056,studio,female,young,new,0,0,39.58,0.0
8057,studio,female,adult,new,0,0,29.8,0.0
8058,studio,male,adult,new,0,0,45.17,0.0
8059,studio,male,young,returning,0,0,21.73,0.0
8060,lifestyle,male,adult,new,0,0,29.66,0.0
8061,lifestyle,male,young,new,1,0,47.3,0.0
8062,studio,female,young,returning,0,0,46.76,0.0
8063,lifestyle,female,adult,new,0,0,39.63,0.0
8064,studio,female,young,new,0,0,25.52,0.0
8065,lifestyle,female,adult,new,0,0,40.04,0.0
8066,studio,female,young,new,0,0,36.72,0.0
8067,studio,male,young,new,0,0,24.23,0.0
8068,studio,female,adult,returning,0,0,36.6,0.0
8069,studio,female,adult,new,0,0,33.64,0.0
8070,lifestyle,female,adult,returning,0,0,36.94,0.0
8071,studio,female,young,new,0,0,22.34,0.0
8072,studio,female,adult,new,0,0,43.89,0.0
8073,lifestyle,female,senior,new,1,0,57.31,0.0
8074,lifestyle,female,adult,new,0,0,12.65,0.0
8075,lifestyle,male,adult,new,0,0,45.56,0.0
8076,studio,female,adult,new,0,0,38.81,0.0
8077,lifestyle,female,young,new,0,0,51.33,0.0
8078,lifestyle,male,young,returning,0,0,46.13,0.0
8079,studio,male,young,new,0,0,36.38,0.0
8080,studio,female,senior,new,0,0,35.13,0.0
8081,studio,male,young,returning,0,0,30.16,0.0
8082,studio,male,adult,new,0,1,61.76,133.42
8083,studio,female,young,returning,0,0,33.43,0.0
8084,studio,female,adult,new,0,0,20.63,0.0
8085,lifestyle,female,young,returning,0,0,38.56,0.0
8086,lifestyle,male,adult,new,0,0,41.46,0.0
8087,lifestyle,male,young,returning,0,0,22.09,0.0
8088,lifestyle,male,senior,new,0,0,54.47,0.0
8089,studio,male,adult,returning,1,0,50.01,0.0
8090,lifestyle,male,adult,returning,0,0,28.37,0.0
8091,lifestyle,female,young,new,0,0,39.03,0.0
8092,studio,female,young,returning,1,0,48.98,0.0
8093,lifestyle,male,senior,new,0,0,56.46,0.0
8094,lifestyle,male,young,new,0,0,51.17,0.0
8095,lifestyle,female,young,new,0,0,52.78,0.0
8096,lifestyle,female,adult,new,1,0,60.76,0.0
8097,studio,male,young,new,0,0,28.47,0.0
8098,studio,female,young,returning,0,1,45.93,74.02
8099,studio,male,adult,returning,0,0,27.99,0.0
8100,lifestyle,male,adult,returning,1,0,56.34,0.0
8101,lifestyle,male,young,new,0,0,41.75,0.0
8102,lifestyle,female,adult,new,0,0,52.29,0.0
8103,studio,male,adult,new,0,0,32.46,0.0
8104,studio,male,adult,new,0,0,14.76,0.0
8105,lifestyle,male,young,new,1,0,45.07,0.0
8106,lifestyle,female,adult,returning,0,0,32.24,0.0
8107,studio,male,adult,returning,1,0,40.23,0.0
8108,studio,male,adult,new,0,0,6.94,0.0
8109,lifestyle,male,young,new,0,0,57.69,0.0
8110,lifestyle,male,young,new,0,0,20.17,0.0
8111,studio,female,adult,new,0,0,29.26,0.0
8112,studio,male,young,new,0,0,41.58,0.0
8113,lifestyle,male,adult,new,0,0,47.9,0.0
8114,lifestyle,female,senior,new,0,0,32.3,0.0
8115,studio,male,adult,returning,0,0,47.07,0.0
8116,studio,male,adult,new,0,0,45.61,0.0
8117,lifestyle,male,young,returning,0,0,40.19,0.0
8118,studio,female,senior,new,0,0,40.27,0.0
8119,studio,female,adult,new,0,0,25.86,0.0
8120,lifestyle,female,adult,returning,0,0,44.52,0.0
8121,studio,female,adult,new,1,0,52.26,0.0
8122,lifestyle,female,adult,new,0,0,37.13,0.0
8123,studio,female,adult,new,0,0,41.46,0.0
8124,lifestyle,female,young,returning,0,0,45.32,0.0
8125,studio,male,adult,new,0,0,67.13,0.0
8126,studio,male,adult,new,0,0,25.98,0.0
8127,studio,female,young,new,0,0,48.33,0.0
8128,lifestyle,female,adult,new,0,0,33.48,0.0
8129,lifestyle,male,young,returning,1,0,62.27,0.0
8130,studio,female,adult,returning,0,0,9.01,0.0
8131,lifestyle,female,young,new,0,0,36.88,0.0
8132,lifestyle,male,young,new,0,0,46.72,0.0
8133,lifestyle,male,adult,returning,0,0,44.4,0.0
8134,studio,female,senior,new,0,0,19.95,0.0
8135,lifestyle,male,adult,returning,0,0,37.88,0.0
8136,studio,female,young,new,0,0,49.77,0.0
8137,studio,female,adult,new,0,0,45.29,0.0
8138,lifestyle,female,young,returning,0,0,51.6,0.0
8139,lifestyle,male,young,new,0,0,65.52,0.0
8140,studio,female,young,returning,0,0,17.55,0.0
8141,studio,male,young,returning,0,0,31.06,0.0
8142,lifestyle,male,adult,new,0,0,42.31,0.0
8143,lifestyle,female,adult,returning,0,0,34.69,0.0
8144,studio,male,young,new,0,0,36.25,0.0
8145,lifestyle,male,adult,returning,0,0,55.01,0.0
8146,studio,male,young,returning,0,0,36.1,0.0
8147,studio,female,senior,returning,0,1,37.96,150.29
8148,lifestyle,male,adult,returning,0,0,48.77,0.0
8149,studio,female,young,new,0,0,34.85,0.0
8150,studio,female,senior,returning,0,0,18.21,0.0
8151,lifestyle,female,young,returning,0,0,35.84,0.0
8152,lifestyle,female,adult,new,0,0,24.64,0.0
8153,studio,male,young,new,0,0,32.12,0.0
8154,lifestyle,male,adult,new,0,0,36.96,0.0
8155,lifestyle,male,adult,new,0,0,26.75,0.0
8156,studio,male,young,returning,0,0,37.51,0.0
8157,lifestyle,female,young,new,0,0,31.17,0.0
8158,studio,male,adult,new,0,0,48.24,0.0
8159,studio,male,young,new,0,0,36.68,0.0
8160,lifestyle,female,young,returning,0,0,39.39,0.0
8161,lifestyle,female,adult,returning,1,0,69.54,0.0
8162,studio,female,adult,new,0,0,37.6,0.0
8163,studio,female,young,returning,0,0,38.47,0.0
8164,studio,female,young,new,0,0,34.35,0.0
8165,studio,female,adult,new,0,0,31.86,0.0
8166,studio,male,young,returning,1,0,54.04,0.0
8167,studio,female,adult,new,0,0,50.24,0.0
8168,lifestyle,female,senior,new,0,0,12.8,0.0
8169,studio,male,adult,new,0,0,53.68,0.0
8170,studio,male,young,new,0,0,24.92,0.0
8171,lifestyle,female,young,new,0,0,43.92,0.0
8172,lifestyle,female,young,new,0,0,24.83,0.0
8173,studio,male,senior,new,0,0,54.91,0.0
8174,studio,male,senior,new,0,0,26.17,0.0
8175,lifestyle,female,young,new,0,0,53.22,0.0
8176,studio,female,adult,new,1,0,47.59,0.0
8177,studio,male,adult,returning,0,0,33.37,0.0
8178,lifestyle,male,young,new,0,0,29.41,0.0
8179,studio,female,young,returning,0,0,47.19,0.0
8180,studio,male,young,new,0,0,33.53,0.0
8181,studio,female,adult,returning,0,0,42.18,0.0
8182,studio,male,senior,new,0,0,19.34,0.0
8183,studio,male,senior,returning,0,0,31.09,0.0
8184,lifestyle,male,young,new,0,0,44.51,0.0
8185,studio,male,young,new,0,0,19.22,0.0
8186,studio,male,adult,new,0,0,38.61,0.0
8187,studio,male,adult,new,0,0,28.38,0.0
8188,lifestyle,female,adult,returning,0,0,34.22,0.0
8189,lifestyle,male,adult,returning,0,0,47.13,0.0
8190,studio,female,adult,new,0,0,36.71,0.0
8191,lifestyle,male,young,returning,0,0,30.76,0.0
8192,studio,female,adult,new,0,1,66.23,99.37
8193,studio,male,senior,returning,0,0,45.05,0.0
8194,studio,male,young,returning,0,0,14.86,0.0
8195,studio,female,adult,new,0,0,31.97,0.0
8196,studio,female,young,new,0,0,38.73,0.0
8197,lifestyle,female,adult,new,0,0,40.89,0.0
8198,studio,female,adult,new,0,0,1.77,0.0
8199,lifestyle,female,adult,returning,0,0,42.64,0.0
8200,studio,male,senior,returning,0,1,67.58,101.01
8201,studio,female,adult,returning,0,0,34.19,0.0
8202,studio,female,adult,new,0,0,35.55,0.0
8203,lifestyle,female,young,new,1,0,67.2,0.0
8204,studio,female,adult,new,0,0,19.16,0.0
8205,lifestyle,male,young,returning,0,0,49.36,0.0
8206,studio,male,adult,new,0,0,38.4,0.0
8207,studio,female,young,returning,0,0,18.76,0.0
8208,studio,female,young,new,0,0,41.98,0.0
8209,studio,female,young,new,0,0,53.06,0.0
8210,studio,female,senior,new,0,0,43.34,0.0
8211,studio,male,young,returning,0,0,40.54,0.0
8212,lifestyle,male,young,new,0,0,31.35,0.0
8213,studio,male,young,returning,0,0,28.81,0.0
8214,lifestyle,female,young,new,0,0,31.82,0.0
8215,studio,female,young,new,0,0,38.96,0.0
8216,lifestyle,male,adult,new,0,0,36.82,0.0
8217,lifestyle,female,young,returning,0,0,36.2,0.0
8218,studio,male,adult,new,0,0,42.04,0.0
8219,studio,male,young,returning,0,0,51.7,0.0
8220,lifestyle,female,adult,new,0,0,41.12,0.0
8221,lifestyle,male,adult,new,1,0,41.25,0.0
8222,studio,female,young,new,0,0,35.4,0.0
8223,studio,female,adult,new,0,0,36.92,0.0
8224,lifestyle,female,young,returning,0,0,50.31,0.0
8225,studio,male,young,returning,0,0,31.76,0.0
8226,lifestyle,female,adult,new,0,0,50.81,0.0
8227,studio,female,adult,returning,0,0,42.28,0.0
8228,studio,female,adult,new,0,0,32.02,0.0
8229,lifestyle,female,young,returning,0,0,50.2,0.0
8230,lifestyle,male,young,new,0,0,51.3,0.0
8231,studio,male,young,new,0,0,24.09,0.0
8232,studio,female,adult,new,0,0,44.6,0.0
8233,lifestyle,female,adult,new,0,1,60.8,58.27
8234,lifestyle,male,young,returning,1,0,54.53,0.0
8235,studio,male,adult,new,0,0,33.92,0.0
8236,lifestyle,female,young,new,0,0,54.41,0.0
8237,lifestyle,male,senior,new,0,0,59.38,0.0
8238,lifestyle,male,young,new,0,0,46.76,0.0
8239,lifestyle,male,adult,new,0,0,44.7,0.0
8240,studio,male,adult,new,0,0,33.96,0.0
8241,lifestyle,female,senior,new,1,0,88.98,0.0
8242,lifestyle,male,young,new,0,0,35.15,0.0
8243,studio,male,adult,new,0,0,30.53,0.0
8244,studio,male,young,new,0,0,38.02,0.0
8245,studio,male,senior,returning,0,0,30.93,0.0
8246,lifestyle,female,senior,returning,0,0,57.49,0.0
8247,studio,male,young,returning,0,0,20.29,0.0
8248,lifestyle,female,adult,returning,0,0,34.86,0.0
8249,lifestyle,male,adult,returning,1,0,52.98,0.0
8250,lifestyle,male,young,new,0,0,31.95,0.0
8251,lifestyle,male,young,new,0,0,52.41,0.0
8252,lifestyle,male,senior,returning,0,0,33.85,0.0
8253,studio,female,adult,new,0,0,25.37,0.0
8254,lifestyle,male,young,new,0,0,35.23,0.0
8255,studio,female,young,new,0,0,43.43,0.0
8256,lifestyle,male,young,returning,1,0,71.52,0.0
8257,studio,male,adult,returning,0,0,40.22,0.0
8258,lifestyle,male,young,new,0,0,28.86,0.0
8259,lifestyle,female,adult,returning,0,0,35.8,0.0
8260,lifestyle,male,young,returning,0,0,57.72,0.0
8261,studio,male,young,new,0,0,35.29,0.0
8262,studio,male,young,returning,0,0,20.54,0.0
8263,lifestyle,male,senior,returning,0,0,68.94,0.0
8264,studio,female,young,new,0,0,29.3,0.0
8265,lifestyle,female,adult,returning,0,0,41.28,0.0
8266,studio,female,young,new,0,0,28.15,0.0
8267,lifestyle,female,adult,returning,0,0,32.44,0.0
8268,studio,female,young,returning,0,0,47.96,0.0
8269,lifestyle,male,adult,new,0,0,43.96,0.0
8270,lifestyle,female,adult,new,0,0,45.15,0.0
8271,studio,male,young,returning,0,0,22.2,0.0
8272,studio,male,young,returning,0,0,32.01,0.0
8273,studio,female,adult,new,0,0,28.78,0.0
8274,lifestyle,female,young,returning,0,0,33.74,0.0
8275,lifestyle,female,adult,new,0,0,46.67,0.0
8276,lifestyle,female,young,new,0,0,38.62,0.0
8277,lifestyle,male,adult,returning,0,0,48.93,0.0
8278,studio,male,adult,returning,0,0,42.21,0.0
8279,studio,male,young,returning,1,0,45.65,0.0
8280,studio,female,adult,new,0,0,39.54,0.0
8281,studio,female,adult,new,0,0,30.38,0.0
8282,lifestyle,male,young,returning,0,0,34.12,0.0
8283,lifestyle,male,adult,new,0,0,31.4,0.0
8284,studio,male,adult,new,0,0,35.86,0.0
8285,lifestyle,female,young,returning,0,0,34.58,0.0
8286,lifestyle,female,senior,new,0,0,60.78,0.0
8287,studio,male,adult,new,0,0,51.26,0.0
8288,studio,female,young,new,1,1,74.75,141.52
8289,studio,female,adult,returning,0,0,37.44,0.0
8290,lifestyle,male,young,returning,0,0,42.19,0.0
8291,lifestyle,female,adult,new,0,0,65.74,0.0
8292,lifestyle,male,young,new,0,0,61.62,0.0
8293,studio,male,adult,new,0,0,32.95,0.0
8294,studio,male,adult,returning,0,0,33.01,0.0
8295,lifestyle,female,adult,new,0,0,45.27,0.0
8296,lifestyle,female,young,returning,0,0,30.2,0.0
8297,lifestyle,male,young,new,0,0,24.0,0.0
8298,lifestyle,female,adult,new,0,0,28.62,0.0
8299,studio,male,young,returning,0,0,31.98,0.0
8300,lifestyle,female,young,new,0,0,32.55,0.0
8301,lifestyle,female,adult,returning,0,0,56.55,0.0
8302,studio,male,adult,new,0,0,20.31,0.0
8303,lifestyle,male,young,new,0,0,28.65,0.0
8304,studio,female,young,new,0,0,16.66,0.0
8305,studio,male,adult,new,0,0,28.55,0.0
8306,studio,female,senior,new,0,0,36.02,0.0
8307,studio,female,adult,returning,0,0,34.2,0.0
8308,studio,female,young,new,0,0,34.65,0.0
8309,studio,male,adult,returning,0,0,28.78,0.0
8310,lifestyle,male,adult,new,0,0,31.48,0.0
8311,studio,male,young,new,1,0,54.19,0.0
8312,studio,female,adult,new,0,0,26.0,0.0
8313,studio,male,adult,returning,0,0,42.81,0.0
8314,lifestyle,male,adult,new,0,0,27.18,0.0
8315,studio,female,adult,new,0,0,27.52,0.0
8316,studio,female,adult,new,0,0,55.42,0.0
8317,lifestyle,male,adult,new,0,0,63.79,0.0
8318,lifestyle,female,adult,new,0,0,28.39,0.0
8319,lifestyle,female,young,new,0,0,54.07,0.0
8320,studio,male,adult,new,1,0,66.14,0.0
8321,studio,male,adult,new,0,0,45.63,0.0
8322,lifestyle,female,senior,returning,0,0,46.33,0.0
8323,studio,female,adult,returning,0,0,15.7,0.0
8324,studio,male,young,returning,0,0,35.85,0.0
8325,studio,male,senior,new,0,0,44.12,0.0
8326,lifestyle,male,adult,new,0,0,44.38,0.0
8327,studio,female,senior,returning,0,0,44.77,0.0
8328,lifestyle,male,young,new,0,0,33.88,0.0
8329,lifestyle,male,young,new,0,0,37.16,0.0
8330,studio,female,young,returning,0,0,11.06,0.0
8331,lifestyle,female,adult,returning,0,0,50.9,0.0
8332,lifestyle,female,senior,returning,0,0,38.02,0.0
8333,lifestyle,male,adult,returning,0,0,39.51,0.0
8334,studio,male,young,returning,0,0,37.53,0.0
8335,lifestyle,male,young,returning,1,0,51.39,0.0
8336,studio,female,adult,new,0,0,24.27,0.0
8337,lifestyle,female,adult,returning,0,0,44.56,0.0
8338,studio,male,adult,returning,0,0,17.17,0.0
8339,studio,male,young,new,0,0,42.67,0.0
8340,lifestyle,female,adult,new,0,0,48.6,0.0
8341,lifestyle,female,young,new,0,0,36.5,0.0
8342,lifestyle,male,adult,returning,0,1,57.06,194.27
8343,studio,female,adult,new,0,0,25.12,0.0
8344,studio,female,senior,new,0,0,36.18,0.0
8345,lifestyle,female,adult,new,0,0,39.99,0.0
8346,lifestyle,female,adult,returning,0,0,38.82,0.0
8347,lifestyle,female,young,new,0,0,56.49,0.0
8348,studio,female,senior,new,0,0,22.51,0.0
8349,studio,female,young,new,0,0,25.92,0.0
8350,lifestyle,male,young,new,0,0,49.31,0.0
8351,lifestyle,male,senior,new,0,0,67.55,0.0
8352,studio,female,adult,new,0,0,26.36,0.0
8353,lifestyle,female,adult,new,0,0,52.12,0.0
8354,lifestyle,female,young,new,0,0,30.5,0.0
8355,studio,male,adult,new,0,0,31.11,0.0
8356,studio,female,young,new,0,0,35.1,0.0
8357,studio,male,young,returning,0,0,28.09,0.0
8358,lifestyle,female,young,new,0,0,37.81,0.0
8359,studio,male,young,new,0,0,21.36,0.0
8360,studio,male,senior,new,0,0,46.74,0.0
8361,lifestyle,male,adult,new,0,0,33.02,0.0
8362,studio,female,adult,new,0,0,28.36,0.0
8363,studio,male,senior,new,0,0,32.18,0.0
8364,studio,male,young,returning,0,0,27.71,0.0
8365,lifestyle,male,young,new,1,0,58.45,0.0
8366,lifestyle,male,adult,new,0,0,42.63,0.0
8367,studio,female,adult,returning,0,0,60.19,0.0
8368,lifestyle,male,adult,new,0,0,39.55,0.0
8369,lifestyle,male,young,returning,0,0,41.0,0.0
8370,studio,female,adult,new,0,0,48.37,0.0
8371,studio,female,young,new,0,0,37.25,0.0
8372,studio,female,young,new,0,0,34.01,0.0
8373,studio,female,young,new,0,0,33.66,0.0
8374,lifestyle,female,young,returning,0,0,43.94,0.0
8375,lifestyle,male,adult,new,0,0,51.75,0.0
8376,studio,female,young,new,0,0,48.45,0.0
8377,studio,female,senior,new,0,0,50.32,0.0
8378,studio,female,senior,new,0,0,44.67,0.0
8379,lifestyle,female,adult,returning,0,0,44.11,0.0
8380,studio,female,senior,new,0,0,60.38,0.0
8381,lifestyle,male,senior,returning,0,0,42.26,0.0
8382,studio,male,adult,returning,1,0,56.98,0.0
8383,lifestyle,female,adult,new,0,0,53.74,0.0
8384,lifestyle,female,senior,new,0,0,57.44,0.0
8385,studio,male,adult,new,1,1,62.38,93.77
8386,studio,female,young,new,0,0,63.15,0.0
8387,lifestyle,female,adult,new,0,0,58.71,0.0
8388,studio,male,young,returning,0,0,45.6,0.0
8389,lifestyle,female,young,new,0,0,31.94,0.0
8390,studio,female,young,new,1,0,59.8,0.0
8391,lifestyle,male,young,new,0,0,18.89,0.0
8392,studio,female,young,new,0,0,32.68,0.0
8393,lifestyle,male,senior,new,0,0,48.07,0.0
8394,lifestyle,male,young,new,0,0,37.51,0.0
8395,lifestyle,male,young,new,0,0,57.83,0.0
8396,lifestyle,female,young,new,1,0,58.04,0.0
8397,lifestyle,male,adult,returning,0,0,32.39,0.0
8398,studio,male,senior,returning,0,0,47.53,0.0
8399,lifestyle,female,young,new,0,0,45.98,0.0
8400,lifestyle,male,young,returning,0,0,24.47,0.0
8401,studio,female,adult,new,0,0,48.38,0.0
8402,lifestyle,female,adult,returning,0,0,43.01,0.0
8403,lifestyle,female,young,new,0,0,51.85,0.0
8404,lifestyle,female,young,returning,0,0,46.11,0.0
8405,studio,male,adult,returning,0,0,31.63,0.0
8406,studio,male,young,returning,0,0,39.24,0.0
8407,studio,female,senior,returning,1,0,53.99,0.0
8408,studio,female,young,new,0,0,37.91,0.0
8409,lifestyle,male,young,new,0,0,48.01,0.0
8410,studio,female,adult,new,0,0,36.47,0.0
8411,studio,female,adult,new,1,0,54.65,0.0
8412,lifestyle,female,young,new,0,0,38.28,0.0
8413,studio,female,senior,new,0,0,34.29,0.0
8414,studio,female,adult,returning,0,0,42.75,0.0
8415,studio,female,young,new,0,1,69.5,124.69
8416,studio,female,adult,new,0,0,29.83,0.0
8417,lifestyle,male,young,returning,0,0,45.15,0.0
8418,lifestyle,female,young,new,0,0,27.91,0.0
8419,lifestyle,female,young,new,0,0,60.05,0.0
8420,studio,female,adult,returning,0,0,46.46,0.0
8421,lifestyle,female,adult,returning,0,1,56.16,126.1
8422,studio,male,adult,new,0,0,31.47,0.0
8423,studio,female,young,new,0,0,47.09,0.0
8424,studio,female,adult,new,0,0,36.76,0.0
8425,studio,male,adult,new,0,0,41.33,0.0
8426,studio,male,adult,new,0,0,25.14,0.0
8427,studio,female,young,returning,0,0,40.77,0.0
8428,lifestyle,male,adult,returning,1,0,55.51,0.0
8429,studio,male,adult,returning,1,0,52.99,0.0
8430,studio,male,adult,new,0,0,31.02,0.0
8431,studio,female,young,new,0,0,32.89,0.0
8432,lifestyle,female,young,new,0,0,43.04,0.0
8433,studio,male,adult,new,0,0,29.15,0.0
8434,lifestyle,female,senior,new,0,0,69.68,0.0
8435,lifestyle,female,adult,returning,0,0,31.45,0.0
8436,studio,male,senior,returning,0,1,65.0,88.14
8437,studio,male,young,returning,1,0,53.03,0.0
8438,studio,female,adult,new,0,0,42.61,0.0
8439,lifestyle,male,adult,returning,0,0,16.99,0.0
8440,studio,female,adult,new,0,1,38.13,123.47
8441,studio,male,adult,returning,0,0,29.52,0.0
8442,studio,male,adult,new,0,0,44.2,0.0
8443,lifestyle,female,adult,new,1,0,54.36,0.0
8444,studio,male,adult,new,0,0,31.95,0.0
8445,studio,female,senior,new,0,0,40.16,0.0
8446,lifestyle,male,adult,returning,0,0,33.59,0.0
8447,lifestyle,male,adult,new,0,0,46.7,0.0
8448,lifestyle,male,senior,returning,0,0,48.92,0.0
8449,studio,male,adult,new,0,0,40.02,0.0
8450,lifestyle,male,adult,new,0,0,57.16,0.0
8451,lifestyle,male,adult,new,1,0,54.7,0.0
8452,studio,female,young,new,0,0,36.1,0.0
8453,lifestyle,female,adult,new,0,0,32.15,0.0
8454,studio,male,young,new,0,0,22.47,0.0
8455,lifestyle,female,adult,returning,0,0,41.93,0.0
8456,studio,male,senior,new,0,0,41.03,0.0
8457,lifestyle,male,young,new,0,0,48.89,0.0
8458,studio,female,young,new,1,0,55.75,0.0
8459,lifestyle,male,adult,returning,0,0,44.54,0.0
8460,studio,female,young,returning,0,0,51.85,0.0
8461,lifestyle,male,adult,new,1,0,53.88,0.0
8462,lifestyle,female,adult,new,0,0,40.1,0.0
8463,studio,female,young,new,1,0,52.83,0.0
8464,lifestyle,male,young,returning,0,1,50.16,170.98
8465,lifestyle,male,senior,new,0,0,53.88,0.0
8466,studio,female,young,returning,0,0,35.71,0.0
8467,studio,female,adult,new,0,0,35.9,0.0
8468,lifestyle,male,senior,new,0,0,52.43,0.0
8469,studio,male,adult,returning,0,0,38.76,0.0
8470,studio,male,young,new,0,0,39.11,0.0
8471,studio,female,adult,returning,1,0,46.1,0.0
8472,studio,female,adult,new,0,0,50.69,0.0
8473,studio,male,adult,new,0,0,20.38,0.0
8474,studio,male,adult,returning,0,0,28.14,0.0
8475,lifestyle,female,adult,returning,0,0,36.47,0.0
8476,lifestyle,female,young,returning,0,0,34.79,0.0
8477,studio,female,adult,new,0,0,17.53,0.0
8478,lifestyle,male,adult,new,1,0,73.44,0.0
8479,lifestyle,female,adult,new,0,0,48.43,0.0
8480,lifestyle,female,young,new,0,0,35.69,0.0
8481,studio,male,young,new,0,0,41.97,0.0
8482,studio,female,senior,new,0,0,38.39,0.0
8483,lifestyle,female,young,returning,0,0,39.09,0.0
8484,lifestyle,female,young,returning,0,0,32.4,0.0
8485,lifestyle,female,adult,returning,0,0,42.17,0.0
8486,lifestyle,male,adult,returning,0,0,35.68,0.0
8487,studio,male,young,new,0,0,25.28,0.0
8488,lifestyle,male,adult,returning,0,0,51.56,0.0
8489,studio,female,adult,returning,0,0,26.78,0.0
8490,studio,male,adult,returning,0,0,49.05,0.0
8491,lifestyle,female,senior,new,0,0,39.85,0.0
8492,studio,male,young,new,0,0,19.97,0.0
8493,studio,female,adult,returning,0,0,40.25,0.0
8494,lifestyle,female,young,returning,0,0,37.53,0.0
8495,studio,female,adult,returning,0,0,19.19,0.0
8496,lifestyle,female,adult,returning,1,0,59.55,0.0
8497,lifestyle,female,young,new,0,0,28.94,0.0
8498,lifestyle,male,adult,returning,0,0,22.11,0.0
8499,studio,male,young,returning,0,0,41.77,0.0
8500,studio,male,young,returning,0,0,49.89,0.0
8501,studio,female,adult,returning,0,0,31.05,0.0
8502,studio,male,adult,new,0,0,47.12,0.0
8503,studio,female,young,returning,0,0,43.02,0.0
8504,lifestyle,male,senior,new,0,0,53.67,0.0
8505,studio,female,young,returning,1,0,48.3,0.0
8506,lifestyle,female,young,new,0,0,36.04,0.0
8507,studio,female,young,new,0,0,38.44,0.0
8508,lifestyle,female,young,returning,0,0,48.48,0.0
8509,lifestyle,male,young,new,0,0,29.39,0.0
8510,studio,male,adult,new,1,0,46.76,0.0
8511,studio,female,adult,returning,0,0,33.11,0.0
8512,lifestyle,male,adult,new,0,0,39.18,0.0
8513,lifestyle,female,senior,new,0,0,40.25,0.0
8514,lifestyle,female,adult,returning,0,0,28.67,0.0
8515,studio,female,young,new,0,1,51.96,75.77
8516,studio,male,young,new,0,0,32.22,0.0
8517,lifestyle,female,young,new,0,0,37.27,0.0
8518,lifestyle,male,adult,new,0,0,48.49,0.0
8519,studio,male,young,new,0,0,21.31,0.0
8520,lifestyle,male,adult,new,0,0,44.8,0.0
8521,studio,male,adult,returning,0,0,17.06,0.0
8522,studio,male,adult,new,0,0,34.34,0.0
8523,studio,male,adult,new,0,0,12.44,0.0
8524,studio,female,young,new,0,0,26.1,0.0
8525,lifestyle,male,young,new,0,0,41.78,0.0
8526,studio,female,adult,new,0,0,20.75,0.0
8527,studio,male,young,new,0,0,20.81,0.0
8528,lifestyle,male,young,returning,0,0,51.82,0.0
8529,lifestyle,female,adult,new,0,0,26.04,0.0
8530,lifestyle,female,young,new,0,0,40.81,0.0
8531,lifestyle,male,adult,returning,0,0,56.76,0.0
8532,studio,male,young,new,0,0,36.42,0.0
8533,lifestyle,male,senior,new,0,1,67.29,164.97
8534,lifestyle,male,adult,new,0,0,34.86,0.0
8535,lifestyle,female,young,returning,1,0,49.9,0.0
8536,studio,female,adult,returning,0,0,33.32,0.0
8537,studio,male,adult,new,0,0,15.03,0.0
8538,lifestyle,female,adult,new,0,0,52.13,0.0
8539,studio,male,adult,new,0,0,37.08,0.0
8540,lifestyle,female,adult,returning,0,0,24.52,0.0
8541,lifestyle,female,adult,new,0,0,52.26,0.0
8542,lifestyle,female,young,new,0,0,48.79,0.0
8543,lifestyle,female,senior,returning,1,0,66.39,0.0
8544,lifestyle,female,young,new,0,0,64.36,0.0
8545,studio,male,young,new,1,0,50.96,0.0
8546,lifestyle,female,young,returning,0,0,57.3,0.0
8547,lifestyle,male,senior,returning,1,0,62.26,0.0
8548,studio,male,adult,returning,0,0,39.52,0.0
8549,studio,female,adult,returning,0,0,29.47,0.0
8550,studio,male,adult,new,0,0,16.15,0.0
8551,lifestyle,female,adult,new,0,0,23.73,0.0
8552,studio,female,adult,new,0,0,34.16,0.0
8553,lifestyle,female,young,new,0,0,39.63,0.0
8554,studio,female,young,new,0,0,23.2,0.0
8555,studio,male,adult,new,0,0,32.23,0.0
8556,lifestyle,female,adult,new,0,0,46.5,0.0
8557,studio,male,adult,new,0,0,47.91,0.0
8558,lifestyle,female,adult,new,0,0,35.08,0.0
8559,lifestyle,female,adult,new,1,0,60.93,0.0
8560,lifestyle,female,young,returning,0,0,59.39,0.0
8561,studio,female,young,new,0,0,42.5,0.0
8562,lifestyle,female,adult,new,0,0,34.31,0.0
8563,lifestyle,male,young,returning,0,0,43.01,0.0
8564,lifestyle,male,adult,returning,0,0,43.85,0.0
8565,studio,male,adult,new,0,0,41.37,0.0
8566,lifestyle,female,senior,new,0,0,47.39,0.0
8567,lifestyle,female,adult,new,0,0,46.84,0.0
8568,lifestyle,female,adult,new,0,0,52.2,0.0
8569,studio,female,adult,new,0,0,24.48,0.0
8570,studio,female,young,new,0,0,21.79,0.0
8571,studio,male,adult,new,0,0,41.09,0.0
8572,studio,male,adult,new,0,0,33.47,0.0
8573,studio,male,adult,new,0,0,43.63,0.0
8574,studio,female,adult,new,0,0,45.88,0.0
8575,lifestyle,male,young,returning,0,0,23.5,0.0
8576,studio,female,adult,new,0,0,26.63,0.0
8577,lifestyle,female,young,new,0,0,40.75,0.0
8578,studio,male,adult,new,1,0,39.76,0.0
8579,studio,male,adult,new,0,0,30.27,0.0
8580,studio,male,adult,new,0,0,22.21,0.0
8581,studio,male,young,new,0,0,30.61,0.0
8582,lifestyle,female,young,new,0,0,32.34,0.0
8583,lifestyle,male,senior,returning,0,0,50.45,0.0
8584,studio,female,adult,new,0,0,44.02,0.0
8585,studio,female,adult,new,0,0,39.09,0.0
8586,studio,male,adult,returning,0,0,60.98,0.0
8587,lifestyle,female,adult,new,0,0,51.39,0.0
8588,lifestyle,female,adult,new,0,0,51.01,0.0
8589,lifestyle,female,adult,new,0,0,41.18,0.0
8590,lifestyle,male,young,new,0,0,38.93,0.0
8591,lifestyle,male,adult,new,0,0,54.73,0.0
8592,studio,male,adult,new,0,0,32.47,0.0
8593,studio,male,young,new,0,0,35.35,0.0
8594,lifestyle,female,adult,new,0,0,40.28,0.0
8595,lifestyle,female,adult,new,0,0,47.4,0.0
8596,lifestyle,female,young,returning,0,0,50.92,0.0
8597,lifestyle,male,young,returning,0,0,52.64,0.0
8598,studio,male,adult,new,0,0,31.96,0.0
8599,lifestyle,female,senior,returning,1,1,83.82,131.17
8600,lifestyle,male,adult,returning,0,0,45.31,0.0
8601,studio,male,adult,returning,0,0,49.64,0.0
8602,lifestyle,female,young,new,0,0,24.14,0.0
8603,lifestyle,male,young,returning,0,1,62.11,139.68
8604,studio,female,young,returning,0,0,28.57,0.0
8605,studio,male,senior,new,0,0,34.67,0.0
8606,studio,female,senior,returning,0,0,31.5,0.0
8607,lifestyle,female,young,returning,0,0,47.39,0.0
8608,studio,male,adult,new,0,0,10.49,0.0
8609,lifestyle,female,adult,new,0,0,40.62,0.0
8610,lifestyle,female,young,new,0,0,23.78,0.0
8611,studio,female,adult,new,0,0,28.07,0.0
8612,lifestyle,male,adult,new,0,1,59.86,85.77
8613,lifestyle,female,young,new,1,0,52.94,0.0
8614,studio,male,senior,new,0,0,46.81,0.0
8615,studio,female,young,returning,0,0,47.5,0.0
8616,lifestyle,female,young,new,0,0,61.58,0.0
8617,lifestyle,female,young,new,0,0,41.92,0.0
8618,studio,female,adult,new,0,0,46.61,0.0
8619,studio,male,adult,returning,1,0,64.64,0.0
8620,studio,male,adult,new,1,0,45.24,0.0
8621,lifestyle,female,adult,returning,0,0,54.33,0.0
8622,studio,female,adult,new,0,0,13.24,0.0
8623,lifestyle,male,adult,new,1,0,59.98,0.0
8624,lifestyle,female,adult,new,0,0,58.05,0.0
8625,studio,female,adult,new,0,0,35.99,0.0
8626,lifestyle,female,young,returning,0,0,40.1,0.0
8627,studio,male,adult,new,0,0,33.05,0.0
8628,lifestyle,male,adult,new,0,0,56.68,0.0
8629,studio,female,senior,returning,0,0,24.08,0.0
8630,lifestyle,female,young,new,0,0,38.09,0.0
8631,lifestyle,female,adult,new,0,0,50.42,0.0
8632,studio,male,adult,returning,0,0,38.18,0.0
8633,studio,female,adult,new,1,0,61.87,0.0
8634,studio,female,young,returning,0,0,41.82,0.0
8635,studio,male,young,returning,1,0,45.28,0.0
8636,lifestyle,female,adult,new,0,0,47.81,0.0
8637,lifestyle,female,adult,new,0,0,28.8,0.0
8638,studio,female,adult,new,0,0,14.83,0.0
8639,lifestyle,female,adult,new,1,0,50.88,0.0
8640,lifestyle,female,young,returning,0,0,42.8,0.0
8641,lifestyle,female,adult,new,0,0,33.88,0.0
8642,studio,female,senior,new,0,1,61.74,128.56
8643,studio,female,adult,new,0,0,35.59,0.0
8644,studio,male,adult,new,0,0,16.4,0.0
8645,lifestyle,female,adult,returning,0,0,36.6,0.0
8646,studio,female,adult,returning,0,0,44.41,0.0
8647,studio,male,adult,returning,0,0,39.87,0.0
8648,studio,female,adult,returning,0,0,28.04,0.0
8649,lifestyle,male,adult,new,0,0,48.19,0.0
8650,studio,female,young,new,0,0,52.55,0.0
8651,studio,male,adult,new,0,0,30.76,0.0
8652,studio,male,adult,returning,0,1,62.41,151.66
8653,studio,female,adult,new,0,0,40.84,0.0
8654,lifestyle,female,adult,returning,1,0,52.23,0.0
8655,studio,female,senior,returning,0,0,28.67,0.0
8656,studio,female,adult,returning,0,0,51.51,0.0
8657,lifestyle,female,young,new,0,0,52.89,0.0
8658,studio,female,adult,new,0,0,32.22,0.0
8659,studio,female,young,new,0,0,47.14,0.0
8660,lifestyle,female,adult,new,1,0,62.55,0.0
8661,studio,male,senior,returning,0,0,52.06,0.0
8662,studio,female,young,returning,0,0,17.07,0.0
8663,studio,male,adult,returning,0,0,30.92,0.0
8664,studio,female,adult,new,0,0,50.73,0.0
8665,lifestyle,male,adult,new,0,0,68.52,0.0
8666,lifestyle,female,young,returning,0,0,38.1,0.0
8667,lifestyle,female,adult,new,0,0,37.93,0.0
8668,studio,female,senior,returning,0,0,46.83,0.0
8669,studio,female,young,returning,1,0,53.44,0.0
8670,lifestyle,female,adult,new,0,0,47.33,0.0
8671,lifestyle,male,young,new,1,0,35.38,0.0
8672,studio,female,young,returning,0,0,32.61,0.0
8673,studio,male,adult,new,0,0,43.05,0.0
8674,studio,female,young,new,0,0,11.46,0.0
8675,studio,male,senior,new,0,0,23.83,0.0
8676,studio,female,adult,new,0,0,17.26,0.0
8677,studio,female,adult,returning,0,0,41.51,0.0
8678,lifestyle,female,young,new,0,0,32.7,0.0
8679,lifestyle,female,senior,returning,0,0,34.99,0.0
8680,studio,female,young,new,0,0,35.55,0.0
8681,studio,male,adult,returning,0,0,22.59,0.0
8682,lifestyle,female,adult,returning,0,0,46.52,0.0
8683,studio,female,adult,returning,0,0,59.14,0.0
8684,lifestyle,male,adult,new,1,0,53.31,0.0
8685,studio,male,adult,new,0,0,15.57,0.0
8686,lifestyle,male,young,new,0,0,37.47,0.0
8687,studio,female,adult,new,0,1,59.9,91.59
8688,studio,male,adult,new,0,0,38.9,0.0
8689,studio,male,adult,returning,0,0,43.38,0.0
8690,studio,male,young,new,0,0,29.06,0.0
8691,studio,female,young,new,0,0,32.2,0.0
8692,lifestyle,female,young,new,0,0,17.48,0.0
8693,studio,female,young,returning,1,1,76.14,106.14
8694,studio,female,adult,new,0,0,21.9,0.0
8695,lifestyle,male,adult,new,1,0,59.0,0.0
8696,lifestyle,male,young,returning,0,0,33.29,0.0
8697,lifestyle,female,adult,new,0,0,41.13,0.0
8698,lifestyle,male,senior,returning,0,0,56.58,0.0
8699,studio,male,senior,new,0,0,35.63,0.0
8700,lifestyle,female,adult,new,0,1,54.6,124.26
8701,lifestyle,male,young,new,0,0,42.03,0.0
8702,lifestyle,female,young,returning,0,0,35.58,0.0
8703,studio,male,adult,new,0,0,25.58,0.0
8704,studio,female,young,new,0,0,53.67,0.0
8705,studio,male,young,new,0,0,16.45,0.0
8706,lifestyle,male,adult,new,0,0,48.54,0.0
8707,lifestyle,male,young,new,0,0,40.64,0.0
8708,lifestyle,female,adult,returning,0,0,33.74,0.0
8709,studio,female,adult,returning,0,0,38.47,0.0
8710,lifestyle,male,adult,new,0,0,42.34,0.0
8711,lifestyle,female,adult,new,0,0,55.21,0.0
8712,studio,female,young,new,0,0,23.65,0.0
8713,lifestyle,female,adult,returning,0,0,36.84,0.0
8714,studio,female,adult,new,0,0,45.12,0.0
8715,lifestyle,male,adult,new,0,0,39.95,0.0
8716,lifestyle,female,young,returning,1,0,62.47,0.0
8717,lifestyle,female,adult,new,1,0,69.15,0.0
8718,lifestyle,male,senior,new,0,0,52.62,0.0
8719,lifestyle,male,young,new,0,1,55.89,137.32
8720,studio,female,young,new,0,0,31.49,0.0
8721,studio,female,young,returning,0,0,47.23,0.0
8722,lifestyle,female,adult,new,1,0,58.55,0.0
8723,studio,female,young,new,0,0,32.96,0.0
8724,studio,female,adult,new,0,0,38.84,0.0
8725,lifestyle,male,adult,returning,0,0,29.16,0.0
8726,lifestyle,male,adult,returning,0,0,39.63,0.0
8727,studio,male,adult,new,0,0,34.21,0.0
8728,studio,male,adult,new,0,0,34.05,0.0
8729,studio,male,adult,new,0,0,31.06,0.0
8730,studio,female,adult,new,0,0,31.91,0.0
8731,studio,female,adult,new,0,0,33.86,0.0
8732,lifestyle,female,young,new,0,0,56.6,0.0
8733,studio,female,young,returning,0,0,12.97,0.0
8734,studio,female,young,new,0,0,41.99,0.0
8735,studio,female,adult,new,0,0,34.13,0.0
8736,lifestyle,female,young,returning,1,0,56.38,0.0
8737,studio,male,adult,new,0,0,30.94,0.0
8738,studio,male,adult,new,0,0,40.02,0.0
8739,studio,female,young,new,0,0,44.5,0.0
8740,lifestyle,male,adult,new,0,0,23.04,0.0
8741,lifestyle,female,adult,returning,0,0,62.94,0.0
8742,studio,male,adult,new,0,0,36.44,0.0
8743,studio,female,adult,new,0,0,36.1,0.0
8744,studio,female,senior,returning,0,0,26.06,0.0
8745,lifestyle,male,young,new,0,0,36.29,0.0
8746,lifestyle,female,young,new,0,0,55.59,0.0
8747,studio,male,adult,new,0,0,35.69,0.0
8748,studio,male,adult,returning,0,0,39.16,0.0
8749,studio,male,young,new,0,0,30.39,0.0
8750,studio,female,young,new,1,0,69.71,0.0
8751,lifestyle,male,adult,new,0,1,60.47,66.81
8752,studio,female,young,returning,0,0,46.31,0.0
8753,studio,male,senior,returning,0,0,38.49,0.0
8754,studio,male,adult,new,0,0,38.48,0.0
8755,lifestyle,female,young,returning,0,0,45.52,0.0
8756,lifestyle,male,adult,returning,0,0,51.25,0.0
8757,studio,male,young,returning,0,1,62.39,197.67
8758,studio,male,adult,returning,0,0,30.26,0.0
8759,studio,female,adult,new,1,0,61.59,0.0
8760,studio,female,adult,new,0,0,25.1,0.0
8761,studio,male,adult,returning,0,0,23.16,0.0
8762,lifestyle,male,young,new,0,0,39.09,0.0
8763,lifestyle,male,senior,new,0,0,50.93,0.0
8764,lifestyle,male,adult,new,0,0,31.78,0.0
8765,studio,female,young,returning,0,0,34.22,0.0
8766,lifestyle,female,young,returning,0,0,28.15,0.0
8767,lifestyle,female,young,new,0,0,39.3,0.0
8768,studio,male,young,returning,0,0,44.72,0.0
8769,studio,female,adult,returning,0,0,26.56,0.0
8770,studio,female,young,returning,1,0,37.78,0.0
8771,studio,female,senior,new,0,0,43.79,0.0
8772,studio,female,young,new,0,0,27.12,0.0
8773,lifestyle,female,young,returning,0,0,66.23,0.0
8774,studio,female,young,new,0,0,36.92,0.0
8775,lifestyle,male,young,new,0,0,52.25,0.0
8776,studio,female,adult,new,0,1,41.85,81.76
8777,lifestyle,male,adult,returning,1,1,81.57,152.46
8778,studio,female,young,new,0,0,24.94,0.0
8779,lifestyle,female,senior,new,0,0,45.21,0.0
8780,studio,female,adult,new,0,0,27.48,0.0
8781,studio,male,adult,new,0,0,45.4,0.0
8782,lifestyle,male,adult,returning,0,1,65.21,101.42
8783,studio,male,adult,new,0,0,36.17,0.0
8784,lifestyle,female,adult,new,0,0,55.61,0.0
8785,lifestyle,female,adult,new,0,0,42.16,0.0
8786,studio,female,young,new,0,0,45.3,0.0
8787,studio,male,adult,returning,0,0,53.01,0.0
8788,lifestyle,female,senior,returning,0,0,48.4,0.0
8789,studio,female,adult,new,0,0,37.6,0.0
8790,lifestyle,male,senior,new,0,0,56.55,0.0
8791,lifestyle,female,adult,new,0,0,56.37,0.0
8792,studio,female,adult,new,1,0,51.28,0.0
8793,studio,female,adult,new,0,0,28.63,0.0
8794,lifestyle,female,adult,new,0,0,50.67,0.0
8795,studio,male,adult,returning,0,0,40.72,0.0
8796,studio,female,young,returning,0,0,43.57,0.0
8797,studio,female,young,new,0,0,41.99,0.0
8798,lifestyle,female,senior,returning,0,0,49.07,0.0
8799,studio,female,young,returning,0,0,37.65,0.0
8800,studio,female,adult,new,0,0,42.02,0.0
8801,lifestyle,female,adult,returning,0,0,27.5,0.0
8802,studio,female,adult,returning,0,0,48.3,0.0
8803,studio,male,adult,new,0,0,39.5,0.0
8804,lifestyle,male,adult,returning,0,0,33.54,0.0
8805,lifestyle,male,senior,new,0,0,48.85,0.0
8806,lifestyle,female,adult,new,0,0,55.19,0.0
8807,studio,female,adult,new,0,0,37.9,0.0
8808,lifestyle,male,senior,returning,0,0,39.68,0.0
8809,studio,male,senior,new,1,0,42.26,0.0
8810,studio,female,senior,new,0,0,64.65,0.0
8811,studio,female,adult,new,0,0,17.61,0.0
8812,studio,female,young,new,0,0,38.37,0.0
8813,lifestyle,male,young,returning,1,0,51.13,0.0
8814,studio,male,adult,new,0,0,45.42,0.0
8815,lifestyle,female,adult,new,0,0,29.84,0.0
8816,lifestyle,male,adult,returning,0,0,58.08,0.0
8817,lifestyle,male,young,returning,0,0,40.75,0.0
8818,studio,male,adult,returning,0,0,32.8,0.0
8819,lifestyle,male,young,new,0,0,38.87,0.0
8820,studio,male,adult,new,0,0,29.07,0.0
8821,studio,female,adult,returning,0,0,31.31,0.0
8822,lifestyle,male,senior,new,0,0,54.18,0.0
8823,studio,male,young,returning,0,0,17.78,0.0
8824,studio,female,adult,new,0,0,27.51,0.0
8825,lifestyle,female,adult,new,0,0,56.95,0.0
8826,studio,female,adult,new,0,0,34.1,0.0
8827,lifestyle,female,adult,new,0,0,36.28,0.0
8828,studio,female,senior,new,0,0,27.25,0.0
8829,studio,female,young,new,0,0,23.3,0.0
8830,studio,female,young,returning,1,0,59.82,0.0
8831,studio,female,adult,new,0,0,26.77,0.0
8832,studio,female,adult,new,0,0,43.05,0.0
8833,lifestyle,male,young,new,0,0,32.19,0.0
8834,lifestyle,female,adult,new,1,0,55.74,0.0
8835,lifestyle,female,adult,new,0,0,41.31,0.0
8836,studio,female,young,returning,0,0,27.46,0.0
8837,lifestyle,male,young,new,0,0,42.77,0.0
8838,lifestyle,male,adult,new,0,0,20.84,0.0
8839,lifestyle,female,adult,new,0,0,41.11,0.0
8840,studio,male,young,returning,0,0,39.45,0.0
8841,lifestyle,female,young,new,0,0,33.65,0.0
8842,lifestyle,female,adult,new,0,0,44.13,0.0
8843,studio,female,young,new,0,0,36.53,0.0
8844,lifestyle,female,adult,new,0,0,43.94,0.0
8845,studio,female,adult,new,0,0,21.55,0.0
8846,lifestyle,female,adult,new,0,0,42.95,0.0
8847,lifestyle,female,senior,new,0,0,29.78,0.0
8848,lifestyle,female,adult,new,0,0,35.71,0.0
8849,studio,female,young,new,0,0,34.96,0.0
8850,studio,female,adult,new,0,0,37.08,0.0
8851,lifestyle,female,adult,new,0,0,29.91,0.0
8852,studio,male,young,new,0,0,32.16,0.0
8853,studio,male,young,new,0,0,42.95,0.0
8854,lifestyle,male,adult,returning,0,0,32.2,0.0
8855,studio,male,young,new,0,0,13.46,0.0
8856,studio,female,adult,new,0,0,40.3,0.0
8857,studio,male,adult,returning,0,1,45.58,153.72
8858,studio,female,adult,new,0,0,28.61,0.0
8859,lifestyle,male,adult,new,0,0,43.31,0.0
8860,lifestyle,male,adult,new,0,0,42.77,0.0
8861,lifestyle,male,young,new,0,0,52.22,0.0
8862,lifestyle,female,young,new,0,0,39.58,0.0
8863,lifestyle,male,young,new,0,0,42.68,0.0
8864,lifestyle,male,young,new,0,0,25.07,0.0
8865,studio,female,adult,returning,0,0,41.28,0.0
8866,lifestyle,male,adult,returning,0,0,35.09,0.0
8867,studio,male,adult,returning,0,0,67.31,0.0
8868,lifestyle,female,senior,new,0,0,44.86,0.0
8869,lifestyle,male,adult,returning,0,0,46.24,0.0
8870,studio,male,senior,returning,0,0,46.38,0.0
8871,lifestyle,male,senior,returning,0,0,46.11,0.0
8872,studio,male,adult,new,0,0,39.37,0.0
8873,lifestyle,female,adult,returning,0,0,64.55,0.0
8874,studio,male,young,new,0,0,27.46,0.0
8875,lifestyle,female,adult,new,0,0,19.57,0.0
8876,studio,female,adult,new,0,0,21.97,0.0
8877,studio,male,adult,returning,1,0,59.97,0.0
8878,studio,female,adult,new,0,0,30.21,0.0
8879,studio,male,adult,new,0,0,58.32,0.0
8880,studio,male,adult,returning,0,0,42.27,0.0
8881,lifestyle,male,adult,new,0,0,35.47,0.0
8882,studio,male,adult,returning,0,0,27.21,0.0
8883,studio,female,senior,returning,1,0,50.54,0.0
8884,studio,male,adult,new,0,0,14.36,0.0
8885,lifestyle,female,adult,new,0,0,44.78,0.0
8886,lifestyle,female,young,new,0,0,48.94,0.0
8887,lifestyle,male,senior,returning,0,0,37.33,0.0
8888,lifestyle,female,young,returning,0,0,26.48,0.0
8889,studio,female,senior,new,0,0,30.89,0.0
8890,studio,male,young,new,0,0,44.97,0.0
8891,studio,male,adult,new,1,0,58.03,0.0
8892,lifestyle,male,adult,returning,0,0,44.15,0.0
8893,lifestyle,female,adult,new,0,0,58.42,0.0
8894,studio,female,adult,new,0,0,18.11,0.0
8895,studio,male,adult,returning,0,0,32.92,0.0
8896,studio,female,adult,new,0,0,40.6,0.0
8897,studio,female,young,new,0,0,42.9,0.0
8898,lifestyle,female,adult,returning,0,0,50.04,0.0
8899,studio,male,young,new,0,0,42.24,0.0
8900,lifestyle,male,adult,new,0,0,55.19,0.0
8901,studio,male,young,returning,0,0,42.61,0.0
8902,lifestyle,female,adult,new,0,0,30.46,0.0
8903,lifestyle,female,adult,new,0,0,37.45,0.0
8904,lifestyle,female,young,returning,0,0,25.05,0.0
8905,lifestyle,male,adult,new,0,0,51.96,0.0
8906,lifestyle,male,adult,returning,0,0,53.95,0.0
8907,lifestyle,female,senior,new,0,0,34.8,0.0
8908,lifestyle,female,adult,new,0,0,38.2,0.0
8909,lifestyle,female,adult,new,0,0,24.45,0.0
8910,lifestyle,male,adult,new,0,0,40.79,0.0
8911,lifestyle,male,adult,returning,0,0,33.73,0.0
8912,lifestyle,female,young,new,0,0,30.32,0.0
8913,lifestyle,female,adult,new,0,1,61.75,173.01
8914,studio,female,adult,returning,0,0,53.82,0.0
8915,studio,female,adult,new,0,0,42.95,0.0
8916,studio,female,adult,returning,0,0,32.48,0.0
8917,lifestyle,male,young,new,0,0,41.51,0.0
8918,lifestyle,female,young,new,0,0,60.78,0.0
8919,studio,female,young,new,0,0,47.59,0.0
8920,lifestyle,female,adult,new,0,0,38.89,0.0
8921,lifestyle,male,adult,new,1,0,62.01,0.0
8922,studio,male,adult,new,0,0,25.01,0.0
8923,lifestyle,female,adult,new,0,0,42.25,0.0
8924,lifestyle,male,adult,returning,0,0,49.64,0.0
8925,studio,male,adult,new,0,0,45.2,0.0
8926,lifestyle,male,adult,returning,0,0,35.6,0.0
8927,lifestyle,female,adult,new,0,0,52.02,0.0
8928,studio,female,adult,new,0,0,36.48,0.0
8929,studio,male,senior,new,0,0,37.11,0.0
8930,lifestyle,female,young,new,0,0,61.09,0.0
8931,studio,male,young,returning,0,0,31.4,0.0
8932,studio,female,adult,returning,0,0,23.92,0.0
8933,studio,female,adult,new,0,0,28.28,0.0
8934,lifestyle,female,young,new,0,0,49.26,0.0
8935,lifestyle,male,adult,returning,0,0,32.13,0.0
8936,lifestyle,female,adult,returning,0,0,50.29,0.0
8937,studio,female,adult,new,0,0,26.47,0.0
8938,lifestyle,female,adult,new,0,0,41.25,0.0
8939,studio,male,adult,new,1,0,72.1,0.0
8940,studio,male,young,returning,0,0,26.17,0.0
8941,studio,female,young,returning,0,0,14.8,0.0
8942,studio,male,young,new,0,0,48.67,0.0
8943,lifestyle,male,adult,new,0,0,28.0,0.0
8944,lifestyle,female,adult,returning,0,0,33.88,0.0
8945,studio,male,adult,returning,1,0,57.29,0.0
8946,lifestyle,female,adult,new,0,0,48.89,0.0
8947,lifestyle,male,adult,new,0,0,18.26,0.0
8948,lifestyle,female,young,new,0,0,38.57,0.0
8949,studio,female,young,new,0,0,43.52,0.0
8950,lifestyle,female,senior,new,0,0,67.29,0.0
8951,studio,female,adult,new,0,0,22.61,0.0
8952,lifestyle,male,adult,returning,1,0,67.68,0.0
8953,studio,female,adult,returning,0,0,28.38,0.0
8954,lifestyle,female,adult,new,0,0,52.42,0.0
8955,studio,male,adult,returning,0,0,24.6,0.0
8956,studio,female,young,returning,0,0,32.7,0.0
8957,lifestyle,male,senior,new,0,0,50.87,0.0
8958,lifestyle,female,young,returning,0,0,51.54,0.0
8959,lifestyle,male,young,new,0,0,47.7,0.0
8960,lifestyle,female,young,returning,0,0,37.71,0.0
8961,studio,female,adult,new,0,1,49.98,95.32
8962,lifestyle,male,adult,new,0,0,59.79,0.0
8963,studio,female,adult,new,0,0,37.77,0.0
8964,studio,male,senior,new,0,0,35.25,0.0
8965,lifestyle,male,young,new,0,0,47.38,0.0
8966,lifestyle,male,adult,returning,0,0,48.23,0.0
8967,lifestyle,male,adult,new,0,0,28.47,0.0
8968,lifestyle,male,senior,new,0,0,51.86,0.0
8969,lifestyle,female,young,new,0,0,26.94,0.0
8970,studio,female,senior,returning,0,0,33.55,0.0
8971,studio,female,young,new,0,0,25.14,0.0
8972,lifestyle,male,adult,new,0,0,40.71,0.0
8973,studio,female,adult,returning,1,0,45.63,0.0
8974,studio,female,adult,returning,0,1,53.0,72.22
8975,studio,male,young,returning,0,0,16.05,0.0
8976,lifestyle,female,young,new,0,0,41.24,0.0
8977,studio,female,young,new,0,0,23.99,0.0
8978,lifestyle,female,adult,returning,0,0,64.84,0.0
8979,lifestyle,male,adult,returning,0,0,38.0,0.0
8980,studio,male,senior,returning,0,0,37.42,0.0
8981,lifestyle,female,adult,new,0,0,48.95,0.0
8982,lifestyle,female,young,returning,0,0,55.22,0.0
8983,lifestyle,male,young,new,0,0,30.22,0.0
8984,lifestyle,male,young,new,0,0,47.73,0.0
8985,studio,female,adult,new,0,0,44.66,0.0
8986,lifestyle,female,adult,returning,1,0,58.85,0.0
8987,studio,female,senior,new,0,0,41.65,0.0
8988,lifestyle,male,adult,new,0,0,36.88,0.0
8989,lifestyle,male,young,returning,1,0,53.78,0.0
8990,lifestyle,male,young,new,0,0,40.92,0.0
8991,studio,male,adult,new,0,0,30.74,0.0
8992,studio,male,senior,returning,0,0,48.88,0.0
8993,studio,female,young,returning,0,0,26.28,0.0
8994,studio,female,young,new,0,0,43.55,0.0
8995,studio,female,adult,returning,0,0,48.28,0.0
8996,lifestyle,male,adult,new,0,0,45.7,0.0
8997,studio,male,young,returning,1,0,32.11,0.0
8998,lifestyle,male,adult,returning,0,0,48.12,0.0
8999,studio,male,young,new,0,0,28.56,0.0
9000,lifestyle,female,senior,returning,0,0,41.72,0.0
9001,lifestyle,male,young,new,0,0,45.62,0.0
9002,lifestyle,male,young,new,1,0,68.05,0.0
9003,lifestyle,male,young,returning,0,0,25.39,0.0
9004,studio,male,young,new,0,0,35.58,0.0
9005,lifestyle,female,adult,new,0,0,61.92,0.0
9006,studio,male,adult,new,0,0,24.01,0.0
9007,studio,female,adult,new,0,0,33.0,0.0
9008,lifestyle,female,adult,returning,0,1,55.84,186.84
9009,studio,male,adult,returning,0,0,42.03,0.0
9010,lifestyle,male,young,new,0,0,29.5,0.0
9011,studio,female,senior,new,0,0,24.3,0.0
9012,studio,female,adult,new,0,0,43.32,0.0
9013,studio,male,young,new,0,0,37.39,0.0
9014,studio,male,adult,new,0,0,23.14,0.0
9015,studio,male,adult,new,0,0,34.32,0.0
9016,studio,male,young,new,0,0,22.18,0.0
9017,studio,male,adult,new,0,0,44.22,0.0
9018,lifestyle,male,adult,returning,1,0,59.78,0.0
9019,studio,male,young,returning,0,0,27.85,0.0
9020,lifestyle,male,young,returning,1,0,51.2,0.0
9021,studio,male,adult,new,0,0,30.41,0.0
9022,lifestyle,female,young,returning,0,0,31.25,0.0
9023,studio,female,young,returning,0,0,48.4,0.0
9024,studio,female,adult,returning,0,0,46.63,0.0
9025,lifestyle,male,adult,new,0,0,37.99,0.0
9026,studio,female,young,new,0,0,31.85,0.0
9027,lifestyle,male,senior,new,0,0,35.77,0.0
9028,studio,female,adult,new,0,0,33.39,0.0
9029,lifestyle,male,young,returning,1,0,61.89,0.0
9030,studio,male,adult,new,0,0,46.81,0.0
9031,studio,female,adult,new,1,0,41.04,0.0
9032,lifestyle,female,young,new,0,0,25.15,0.0
9033,studio,female,adult,new,0,0,24.93,0.0
9034,lifestyle,male,adult,returning,0,0,47.56,0.0
9035,studio,male,adult,new,0,0,34.56,0.0
9036,lifestyle,male,adult,new,0,0,51.92,0.0
9037,studio,female,adult,new,0,0,35.42,0.0
9038,lifestyle,female,young,new,0,0,58.16,0.0
9039,lifestyle,female,adult,returning,0,0,26.14,0.0
9040,studio,male,adult,returning,0,0,10.1,0.0
9041,studio,female,adult,new,0,0,48.53,0.0
9042,studio,male,adult,returning,0,0,27.04,0.0
9043,lifestyle,male,adult,new,0,1,63.38,100.15
9044,studio,female,senior,returning,0,0,41.34,0.0
9045,studio,female,young,returning,1,0,53.27,0.0
9046,studio,male,young,returning,0,0,30.26,0.0
9047,studio,male,young,new,0,0,25.48,0.0
9048,lifestyle,male,young,new,0,0,31.68,0.0
9049,lifestyle,male,adult,returning,0,0,48.04,0.0
9050,lifestyle,male,young,returning,0,0,49.71,0.0
9051,lifestyle,male,young,new,0,0,39.5,0.0
9052,lifestyle,male,young,new,0,1,56.03,116.12
9053,studio,female,adult,new,0,0,40.69,0.0
9054,studio,female,senior,returning,0,0,25.18,0.0
9055,lifestyle,female,adult,new,0,0,61.5,0.0
9056,lifestyle,female,young,returning,0,0,46.52,0.0
9057,lifestyle,female,adult,returning,0,0,40.41,0.0
9058,studio,male,young,new,0,0,43.3,0.0
9059,studio,male,young,new,0,0,41.31,0.0
9060,studio,female,adult,returning,0,0,37.35,0.0
9061,lifestyle,female,adult,new,0,0,23.1,0.0
9062,lifestyle,female,young,new,0,0,46.11,0.0
9063,lifestyle,female,adult,new,0,0,56.56,0.0
9064,studio,male,young,new,0,0,29.45,0.0
9065,lifestyle,male,adult,new,0,0,51.59,0.0
9066,studio,male,adult,returning,0,0,43.49,0.0
9067,studio,male,young,returning,0,0,37.94,0.0
9068,lifestyle,male,senior,returning,0,0,48.7,0.0
9069,studio,male,adult,new,0,0,40.6,0.0
9070,studio,male,adult,new,0,0,39.16,0.0
9071,lifestyle,male,adult,new,0,0,60.91,0.0
9072,lifestyle,male,adult,new,0,0,51.67,0.0
9073,studio,male,adult,new,0,0,42.07,0.0
9074,lifestyle,male,young,new,0,0,52.57,0.0
9075,studio,male,adult,new,0,0,42.08,0.0
9076,lifestyle,female,adult,new,0,0,21.19,0.0
9077,lifestyle,female,young,new,0,0,40.83,0.0
9078,lifestyle,male,adult,new,0,0,35.8,0.0
9079,lifestyle,male,adult,new,0,0,45.28,0.0
9080,studio,female,senior,returning,0,0,34.43,0.0
9081,studio,female,adult,new,0,0,40.91,0.0
9082,studio,female,adult,new,0,0,30.79,0.0
9083,studio,male,senior,new,0,0,56.98,0.0
9084,lifestyle,female,young,new,0,0,58.5,0.0
9085,studio,female,young,returning,0,0,20.53,0.0
9086,studio,female,young,new,0,0,38.23,0.0
9087,studio,male,senior,returning,0,0,35.38,0.0
9088,lifestyle,female,young,new,0,0,44.52,0.0
9089,studio,female,young,new,0,0,40.87,0.0
9090,lifestyle,female,adult,returning,0,1,49.21,135.12
9091,studio,male,adult,returning,0,0,25.26,0.0
9092,studio,female,senior,new,0,0,31.51,0.0
9093,studio,male,adult,returning,0,0,29.49,0.0
9094,lifestyle,male,senior,new,0,0,41.78,0.0
9095,lifestyle,female,young,new,0,0,49.97,0.0
9096,lifestyle,male,young,returning,0,0,44.22,0.0
9097,studio,female,senior,returning,0,0,31.29,0.0
9098,studio,female,adult,new,0,0,31.8,0.0
9099,lifestyle,male,young,returning,0,0,18.3,0.0
9100,studio,female,adult,new,0,0,55.2,0.0
9101,lifestyle,female,adult,new,0,0,42.18,0.0
9102,lifestyle,male,adult,returning,0,0,51.93,0.0
9103,studio,female,senior,new,0,0,47.93,0.0
9104,lifestyle,male,adult,new,0,0,41.64,0.0
9105,studio,male,senior,new,0,0,16.18,0.0
9106,studio,male,adult,returning,0,0,29.42,0.0
9107,studio,male,adult,new,0,0,38.54,0.0
9108,lifestyle,male,adult,new,0,0,42.61,0.0
9109,studio,female,adult,new,0,0,45.4,0.0
9110,lifestyle,female,young,returning,1,0,56.98,0.0
9111,lifestyle,female,adult,returning,0,0,60.42,0.0
9112,lifestyle,male,adult,returning,0,0,31.4,0.0
9113,lifestyle,female,young,returning,0,0,47.18,0.0
9114,studio,male,young,new,0,0,24.71,0.0
9115,studio,male,young,new,0,0,44.14,0.0
9116,studio,male,young,new,0,0,27.47,0.0
9117,lifestyle,male,adult,new,0,0,24.43,0.0
9118,lifestyle,male,young,new,0,0,27.14,0.0
9119,lifestyle,female,young,returning,0,0,37.28,0.0
9120,lifestyle,female,adult,new,0,0,57.59,0.0
9121,lifestyle,male,adult,new,0,1,69.41,101.9
9122,studio,male,young,new,0,0,39.47,0.0
9123,lifestyle,male,young,new,0,0,41.35,0.0
9124,lifestyle,female,senior,new,0,0,35.74,0.0
9125,studio,female,adult,returning,0,0,25.67,0.0
9126,lifestyle,female,senior,new,0,0,41.48,0.0
9127,studio,female,young,new,0,0,28.58,0.0
9128,lifestyle,male,young,returning,0,0,35.43,0.0
9129,lifestyle,female,young,new,0,0,32.49,0.0
9130,lifestyle,male,young,returning,0,0,42.06,0.0
9131,studio,male,senior,new,0,0,32.49,0.0
9132,lifestyle,female,senior,returning,0,0,58.32,0.0
9133,lifestyle,male,senior,new,0,0,58.22,0.0
9134,studio,female,senior,new,0,0,46.01,0.0
9135,lifestyle,male,adult,new,0,0,46.86,0.0
9136,lifestyle,female,adult,new,1,0,41.48,0.0
9137,lifestyle,male,adult,returning,0,0,64.91,0.0
9138,studio,male,young,new,0,0,32.18,0.0
9139,studio,female,adult,new,0,0,42.94,0.0
9140,lifestyle,female,adult,new,0,0,50.33,0.0
9141,studio,female,senior,new,0,0,29.59,0.0
9142,studio,female,adult,new,0,0,28.72,0.0
9143,lifestyle,female,adult,new,0,0,45.98,0.0
9144,lifestyle,female,adult,new,0,0,26.54,0.0
9145,lifestyle,male,adult,new,0,0,41.11,0.0
9146,studio,male,senior,returning,1,0,31.05,0.0
9147,studio,male,young,new,0,0,35.1,0.0
9148,studio,female,senior,new,0,0,53.75,0.0
9149,studio,male,adult,new,0,0,34.98,0.0
9150,lifestyle,female,adult,returning,0,1,47.37,115.31
9151,lifestyle,female,senior,new,0,0,41.47,0.0
9152,studio,female,adult,new,0,0,41.15,0.0
9153,studio,male,adult,new,0,0,36.67,0.0
9154,studio,male,adult,new,0,0,39.52,0.0
9155,studio,female,young,new,0,0,33.28,0.0
9156,studio,male,adult,returning,0,0,27.34,0.0
9157,lifestyle,male,young,new,0,0,43.25,0.0
9158,lifestyle,male,senior,new,1,0,62.68,0.0
9159,lifestyle,male,young,returning,1,1,87.27,156.1
9160,studio,male,adult,new,0,0,30.3,0.0
9161,lifestyle,female,senior,new,0,1,67.49,83.13
9162,lifestyle,male,senior,new,0,0,45.55,0.0
9163,lifestyle,female,adult,returning,0,0,64.74,0.0
9164,studio,male,adult,new,0,0,27.47,0.0
9165,lifestyle,female,young,new,0,0,38.15,0.0
9166,lifestyle,female,adult,new,0,0,32.43,0.0
9167,lifestyle,male,young,new,0,0,55.04,0.0
9168,studio,male,adult,new,0,0,48.78,0.0
9169,studio,male,young,returning,0,1,52.83,135.84
9170,studio,female,adult,new,0,0,46.86,0.0
9171,studio,female,adult,returning,0,0,38.28,0.0
9172,lifestyle,female,adult,new,0,0,49.02,0.0
9173,studio,male,adult,returning,0,0,25.05,0.0
9174,studio,male,adult,returning,0,0,36.61,0.0
9175,studio,male,young,new,0,0,53.72,0.0
9176,studio,male,adult,new,1,0,64.77,0.0
9177,studio,female,young,returning,0,0,43.05,0.0
9178,lifestyle,male,young,new,0,0,51.51,0.0
9179,lifestyle,female,adult,new,0,0,66.33,0.0
9180,studio,female,young,returning,0,0,42.86,0.0
9181,studio,female,young,new,0,0,28.38,0.0
9182,studio,male,senior,new,0,0,52.13,0.0
9183,studio,female,adult,returning,0,0,34.26,0.0
9184,lifestyle,female,young,new,0,0,46.89,0.0
9185,lifestyle,female,young,new,0,0,43.18,0.0
9186,lifestyle,female,young,new,0,0,34.91,0.0
9187,lifestyle,female,adult,new,0,0,45.09,0.0
9188,studio,female,adult,returning,0,0,44.67,0.0
9189,lifestyle,male,adult,returning,0,0,49.39,0.0
9190,lifestyle,female,young,new,0,0,46.8,0.0
9191,lifestyle,female,adult,returning,0,0,39.99,0.0
9192,studio,female,adult,new,0,0,18.41,0.0
9193,lifestyle,female,adult,returning,0,0,41.53,0.0
9194,lifestyle,male,adult,new,0,0,47.54,0.0
9195,lifestyle,female,young,new,1,0,35.41,0.0
9196,studio,female,young,new,0,0,34.33,0.0
9197,lifestyle,male,senior,new,0,0,46.05,0.0
9198,lifestyle,male,young,new,0,0,32.85,0.0
9199,lifestyle,female,young,new,0,0,49.6,0.0
9200,lifestyle,male,adult,returning,0,0,51.44,0.0
9201,lifestyle,male,adult,returning,0,0,60.14,0.0
9202,studio,male,adult,returning,0,0,34.72,0.0
9203,lifestyle,female,young,new,0,0,54.92,0.0
9204,studio,male,adult,new,0,0,26.81,0.0
9205,lifestyle,male,young,new,0,0,38.29,0.0
9206,studio,female,adult,new,0,0,41.79,0.0
9207,lifestyle,female,young,new,0,0,35.44,0.0
9208,lifestyle,female,adult,new,0,0,40.38,0.0
9209,lifestyle,male,young,new,0,0,50.4,0.0
9210,lifestyle,female,young,returning,0,0,41.94,0.0
9211,lifestyle,male,adult,returning,0,0,32.8,0.0
9212,lifestyle,female,senior,new,0,0,41.1,0.0
9213,studio,female,senior,new,0,0,37.27,0.0
9214,studio,male,senior,new,0,0,45.88,0.0
9215,studio,female,adult,new,0,0,31.75,0.0
9216,studio,male,young,new,0,0,10.51,0.0
9217,lifestyle,female,young,returning,0,0,49.86,0.0
9218,lifestyle,male,adult,new,1,0,63.45,0.0
9219,lifestyle,female,young,new,0,0,31.34,0.0
9220,studio,male,young,new,0,0,23.67,0.0
9221,studio,male,young,new,0,1,68.51,160.79
9222,lifestyle,female,adult,new,0,0,39.59,0.0
9223,lifestyle,female,young,new,0,0,49.54,0.0
9224,studio,female,young,new,0,0,28.06,0.0
9225,lifestyle,male,adult,returning,0,0,48.55,0.0
9226,lifestyle,male,adult,new,0,0,32.77,0.0
9227,studio,female,adult,new,0,0,39.22,0.0
9228,lifestyle,female,adult,returning,0,1,65.57,166.56
9229,studio,male,young,new,0,1,34.35,108.59
9230,lifestyle,female,adult,new,0,0,43.24,0.0
9231,studio,male,young,new,0,0,27.81,0.0
9232,studio,male,adult,returning,0,0,45.93,0.0
9233,lifestyle,male,adult,new,0,0,44.35,0.0
9234,studio,female,senior,new,0,0,37.53,0.0
9235,lifestyle,female,adult,new,0,0,57.19,0.0
9236,studio,female,young,returning,0,0,15.97,0.0
9237,studio,female,adult,new,0,0,54.27,0.0
9238,studio,male,adult,new,0,0,53.75,0.0
9239,studio,female,adult,returning,0,0,31.1,0.0
9240,lifestyle,female,young,new,0,0,50.88,0.0
9241,studio,female,adult,new,0,0,39.85,0.0
9242,lifestyle,male,young,returning,0,1,37.15,127.17
9243,lifestyle,female,adult,new,0,0,40.88,0.0
9244,lifestyle,female,adult,returning,0,0,29.35,0.0
9245,studio,female,young,new,0,0,21.44,0.0
9246,lifestyle,female,senior,new,0,1,64.14,115.06
9247,studio,female,adult,new,0,0,32.48,0.0
9248,studio,male,young,new,0,0,47.16,0.0
9249,studio,female,young,new,0,0,27.48,0.0
9250,studio,female,adult,returning,0,0,31.05,0.0
9251,studio,female,adult,new,0,0,48.67,0.0
9252,lifestyle,male,senior,returning,0,0,45.16,0.0
9253,studio,male,young,new,0,0,29.87,0.0
9254,studio,male,young,returning,0,0,43.57,0.0
9255,lifestyle,male,senior,new,0,0,52.31,0.0
9256,studio,male,senior,new,0,0,41.0,0.0
9257,studio,female,young,new,1,0,59.24,0.0
9258,studio,male,adult,new,0,0,22.52,0.0
9259,lifestyle,male,young,new,0,0,36.18,0.0
9260,studio,male,adult,new,0,0,54.98,0.0
9261,studio,male,senior,returning,0,0,9.66,0.0
9262,lifestyle,female,young,returning,0,0,35.27,0.0
9263,lifestyle,male,young,returning,0,0,30.17,0.0
9264,lifestyle,male,young,new,0,0,42.71,0.0
9265,lifestyle,female,young,returning,0,1,68.05,148.2
9266,studio,female,young,new,0,0,46.07,0.0
9267,studio,male,adult,new,0,0,30.9,0.0
9268,studio,female,young,new,0,0,25.77,0.0
9269,studio,female,adult,new,0,0,20.49,0.0
9270,studio,female,adult,new,0,0,35.48,0.0
9271,studio,female,adult,new,0,0,56.27,0.0
9272,lifestyle,female,adult,new,0,0,36.12,0.0
9273,lifestyle,male,young,returning,0,0,41.28,0.0
9274,studio,male,adult,returning,0,0,36.36,0.0
9275,lifestyle,male,young,new,0,0,37.77,0.0
9276,studio,male,adult,new,0,0,49.23,0.0
9277,studio,female,young,returning,0,0,47.09,0.0
9278,lifestyle,female,adult,new,0,0,50.18,0.0
9279,studio,male,adult,returning,0,0,44.61,0.0
9280,studio,male,adult,returning,0,0,28.15,0.0
9281,studio,male,young,new,0,0,23.52,0.0
9282,lifestyle,female,young,new,0,0,35.23,0.0
9283,lifestyle,female,senior,returning,0,0,49.8,0.0
9284,studio,female,young,returning,0,0,31.75,0.0
9285,lifestyle,female,young,new,0,0,47.69,0.0
9286,lifestyle,female,adult,new,0,0,43.08,0.0
9287,lifestyle,female,adult,new,1,0,43.61,0.0
9288,lifestyle,male,adult,new,0,0,54.41,0.0
9289,studio,female,adult,returning,0,0,29.89,0.0
9290,studio,female,adult,returning,0,1,62.86,173.1
9291,lifestyle,female,young,new,0,0,33.52,0.0
9292,lifestyle,female,adult,new,0,0,33.19,0.0
9293,lifestyle,female,adult,returning,0,0,32.71,0.0
9294,lifestyle,female,senior,new,0,0,32.68,0.0
9295,lifestyle,female,young,new,0,0,27.92,0.0
9296,lifestyle,male,adult,new,0,0,45.81,0.0
9297,lifestyle,female,adult,new,0,0,32.72,0.0
9298,lifestyle,female,young,returning,0,0,45.46,0.0
9299,lifestyle,male,adult,returning,0,0,43.02,0.0
9300,studio,female,young,new,0,0,43.8,0.0
9301,studio,female,adult,new,0,0,24.82,0.0
9302,studio,female,young,new,0,0,45.61,0.0
9303,lifestyle,female,adult,new,0,0,32.94,0.0
9304,lifestyle,male,adult,returning,0,0,14.58,0.0
9305,lifestyle,female,adult,new,0,0,43.9,0.0
9306,studio,female,adult,returning,0,0,26.25,0.0
9307,studio,male,young,returning,0,0,50.0,0.0
9308,lifestyle,male,adult,new,0,0,45.01,0.0
9309,studio,female,senior,new,0,0,39.15,0.0
9310,studio,female,young,new,0,0,37.02,0.0
9311,studio,female,adult,new,0,0,30.03,0.0
9312,studio,female,adult,new,0,0,51.84,0.0
9313,lifestyle,male,adult,new,0,0,36.52,0.0
9314,studio,male,adult,returning,0,1,59.63,94.9
9315,lifestyle,male,adult,new,1,0,48.81,0.0
9316,studio,female,young,returning,0,0,35.02,0.0
9317,lifestyle,male,adult,new,0,0,29.63,0.0
9318,studio,female,adult,new,0,0,37.29,0.0
9319,lifestyle,female,young,new,0,0,42.65,0.0
9320,lifestyle,female,adult,new,1,0,62.49,0.0
9321,studio,male,adult,new,0,0,39.68,0.0
9322,lifestyle,female,adult,new,0,0,42.29,0.0
9323,lifestyle,male,young,new,0,0,62.39,0.0
9324,studio,male,senior,new,0,0,39.82,0.0
9325,studio,male,adult,returning,0,0,35.39,0.0
9326,lifestyle,female,adult,returning,0,0,41.15,0.0
9327,lifestyle,male,young,returning,1,1,79.03,167.65
9328,studio,female,adult,new,0,0,32.14,0.0
9329,studio,male,senior,returning,0,0,36.32,0.0
9330,lifestyle,male,adult,returning,0,0,49.52,0.0
9331,lifestyle,male,adult,returning,0,0,41.52,0.0
9332,lifestyle,female,adult,new,1,0,67.54,0.0
9333,studio,female,adult,new,0,0,16.06,0.0
9334,lifestyle,female,young,returning,0,0,57.23,0.0
9335,studio,female,adult,returning,0,0,43.95,0.0
9336,studio,female,adult,returning,0,0,34.49,0.0
9337,lifestyle,female,young,new,0,0,41.22,0.0
9338,lifestyle,female,adult,new,0,0,48.41,0.0
9339,studio,female,senior,new,0,0,29.74,0.0
9340,studio,female,adult,returning,1,0,50.38,0.0
9341,lifestyle,female,young,new,0,0,43.55,0.0
9342,lifestyle,female,senior,new,0,0,26.56,0.0
9343,lifestyle,female,young,returning,0,0,45.48,0.0
9344,lifestyle,female,young,new,0,0,28.48,0.0
9345,studio,male,young,new,0,0,45.83,0.0
9346,lifestyle,female,young,returning,0,0,55.38,0.0
9347,lifestyle,male,young,new,0,0,57.11,0.0
9348,lifestyle,female,adult,new,1,0,53.78,0.0
9349,lifestyle,female,adult,returning,0,0,38.64,0.0
9350,lifestyle,female,adult,returning,1,0,37.24,0.0
9351,studio,male,adult,returning,0,0,41.8,0.0
9352,studio,male,adult,new,0,0,19.91,0.0
9353,lifestyle,male,young,new,0,0,27.51,0.0
9354,studio,male,adult,returning,0,0,31.96,0.0
9355,studio,female,adult,new,0,0,23.94,0.0
9356,lifestyle,female,senior,new,0,0,37.38,0.0
9357,lifestyle,female,young,new,0,0,42.47,0.0
9358,studio,female,young,new,0,0,43.81,0.0
9359,lifestyle,male,adult,new,0,0,47.39,0.0
9360,lifestyle,male,adult,new,0,0,43.89,0.0
9361,lifestyle,male,young,new,0,0,53.47,0.0
9362,lifestyle,female,adult,returning,0,0,43.28,0.0
9363,studio,female,young,new,0,0,29.73,0.0
9364,studio,female,senior,new,0,0,32.3,0.0
9365,studio,male,young,new,0,0,40.52,0.0
9366,lifestyle,male,young,new,0,0,30.99,0.0
9367,lifestyle,female,young,returning,0,0,45.49,0.0
9368,lifestyle,male,adult,returning,0,0,37.72,0.0
9369,lifestyle,female,young,returning,0,0,33.62,0.0
9370,lifestyle,male,adult,returning,0,0,33.45,0.0
9371,lifestyle,male,senior,returning,0,0,56.65,0.0
9372,studio,female,young,new,0,0,26.42,0.0
9373,studio,male,adult,new,0,0,32.21,0.0
9374,lifestyle,female,young,new,0,0,37.31,0.0
9375,studio,female,adult,new,0,0,45.59,0.0
9376,studio,female,young,returning,1,0,65.38,0.0
9377,lifestyle,female,young,new,1,0,66.09,0.0
9378,studio,female,adult,new,1,0,46.24,0.0
9379,lifestyle,male,young,new,0,0,45.42,0.0
9380,studio,female,senior,new,0,0,30.9,0.0
9381,studio,female,adult,new,0,0,37.1,0.0
9382,studio,male,adult,returning,0,0,17.43,0.0
9383,lifestyle,female,senior,new,0,0,49.35,0.0
9384,studio,female,senior,returning,0,1,59.45,109.27
9385,lifestyle,female,adult,returning,0,0,46.41,0.0
9386,lifestyle,female,adult,new,1,0,56.88,0.0
9387,lifestyle,male,young,new,0,0,50.35,0.0
9388,studio,female,adult,returning,0,0,27.37,0.0
9389,studio,male,adult,returning,1,0,57.56,0.0
9390,lifestyle,male,senior,new,0,0,51.72,0.0
9391,lifestyle,female,young,new,1,0,67.89,0.0
9392,lifestyle,female,young,new,0,0,53.57,0.0
9393,studio,male,young,new,0,0,25.48,0.0
9394,lifestyle,female,adult,returning,0,0,47.17,0.0
9395,studio,female,young,new,0,0,23.34,0.0
9396,studio,female,adult,new,0,0,46.6,0.0
9397,studio,female,adult,new,0,0,26.47,0.0
9398,studio,female,young,returning,0,0,31.2,0.0
9399,studio,male,adult,returning,0,0,37.18,0.0
9400,studio,male,adult,new,0,0,42.38,0.0
9401,lifestyle,female,young,new,0,0,45.71,0.0
9402,studio,female,adult,new,0,0,42.66,0.0
9403,lifestyle,female,senior,new,0,0,47.12,0.0
9404,studio,female,senior,returning,0,0,42.44,0.0
9405,studio,female,adult,new,0,0,17.33,0.0
9406,studio,male,adult,new,0,0,45.26,0.0
9407,studio,male,young,new,0,0,32.09,0.0
9408,lifestyle,male,senior,new,0,0,42.7,0.0
9409,studio,female,young,new,0,1,74.37,116.11
9410,lifestyle,male,adult,new,0,0,14.91,0.0
9411,studio,female,young,new,0,0,35.95,0.0
9412,lifestyle,male,young,returning,0,0,19.6,0.0
9413,lifestyle,female,young,new,0,0,45.4,0.0
9414,studio,male,adult,new,0,0,28.01,0.0
9415,studio,female,adult,new,0,0,5.66,0.0
9416,studio,male,adult,new,0,0,45.89,0.0
9417,lifestyle,male,young,new,0,0,29.1,0.0
9418,studio,female,adult,new,0,0,44.49,0.0
9419,lifestyle,male,young,new,0,1,52.25,170.08
9420,lifestyle,female,young,new,0,0,37.36,0.0
9421,lifestyle,female,adult,new,0,0,19.16,0.0
9422,lifestyle,female,senior,new,0,0,51.25,0.0
9423,lifestyle,female,young,returning,0,0,36.26,0.0
9424,studio,male,adult,new,0,0,31.33,0.0
9425,lifestyle,female,adult,new,0,0,41.05,0.0
9426,lifestyle,male,senior,new,0,0,30.52,0.0
9427,studio,male,young,new,0,0,41.91,0.0
9428,lifestyle,male,adult,returning,0,0,36.36,0.0
9429,studio,male,young,new,0,0,57.95,0.0
9430,lifestyle,female,young,new,0,0,37.2,0.0
9431,lifestyle,female,young,new,0,0,38.1,0.0
9432,studio,male,senior,new,0,0,26.43,0.0
9433,lifestyle,male,young,new,0,0,25.86,0.0
9434,studio,male,senior,new,0,0,48.78,0.0
9435,studio,male,young,new,0,1,65.61,127.54
9436,studio,female,senior,new,0,0,34.35,0.0
9437,lifestyle,male,adult,returning,0,0,43.21,0.0
9438,studio,male,young,new,1,0,62.42,0.0
9439,studio,female,adult,new,0,0,37.89,0.0
9440,lifestyle,female,young,returning,0,0,46.85,0.0
9441,studio,female,adult,returning,0,0,35.87,0.0
9442,studio,female,adult,new,0,0,28.47,0.0
9443,studio,male,adult,returning,0,0,38.85,0.0
9444,studio,male,adult,new,0,0,53.65,0.0
9445,studio,male,adult,new,0,0,29.8,0.0
9446,studio,male,young,returning,0,0,43.67,0.0
9447,lifestyle,female,senior,returning,0,0,48.81,0.0
9448,lifestyle,female,senior,new,0,0,41.1,0.0
9449,studio,male,young,new,0,0,43.95,0.0
9450,studio,male,young,returning,0,0,42.79,0.0
9451,studio,male,adult,new,0,0,40.8,0.0
9452,lifestyle,female,adult,returning,0,0,59.49,0.0
9453,studio,male,young,new,0,0,53.36,0.0
9454,studio,male,young,new,0,0,35.54,0.0
9455,lifestyle,female,adult,new,0,0,40.94,0.0
9456,studio,male,adult,new,1,1,55.73,148.91
9457,studio,male,young,new,0,0,50.33,0.0
9458,lifestyle,male,senior,new,0,0,46.27,0.0
9459,lifestyle,male,adult,new,0,0,35.91,0.0
9460,studio,male,adult,returning,0,0,25.67,0.0
9461,lifestyle,male,adult,new,1,0,47.59,0.0
9462,studio,female,young,new,0,0,52.59,0.0
9463,lifestyle,female,adult,new,1,0,65.98,0.0
9464,studio,female,young,new,0,0,20.12,0.0
9465,lifestyle,female,young,new,0,0,27.52,0.0
9466,lifestyle,male,young,returning,0,0,43.22,0.0
9467,lifestyle,female,young,returning,0,0,31.84,0.0
9468,lifestyle,male,adult,returning,0,0,39.48,0.0
9469,lifestyle,male,adult,new,1,0,72.53,0.0
9470,studio,male,young,returning,0,0,45.69,0.0
9471,studio,male,young,new,0,0,17.89,0.0
9472,lifestyle,female,adult,new,0,0,31.89,0.0
9473,lifestyle,male,young,new,0,0,44.46,0.0
9474,studio,male,young,new,0,0,46.3,0.0
9475,lifestyle,male,adult,new,0,0,33.78,0.0
9476,lifestyle,male,adult,new,0,0,45.69,0.0
9477,lifestyle,male,adult,new,0,0,37.45,0.0
9478,lifestyle,male,adult,new,0,0,59.52,0.0
9479,studio,male,young,returning,0,0,41.22,0.0
9480,studio,female,adult,returning,0,1,53.07,147.1
9481,studio,male,young,returning,0,0,20.05,0.0
9482,studio,male,young,new,0,0,24.39,0.0
9483,lifestyle,female,adult,new,0,0,16.75,0.0
9484,lifestyle,female,adult,new,0,0,44.72,0.0
9485,lifestyle,male,young,new,0,0,48.66,0.0
9486,lifestyle,male,young,returning,0,0,49.16,0.0
9487,studio,female,adult,new,1,0,43.86,0.0
9488,studio,male,senior,returning,0,1,72.8,155.45
9489,studio,female,adult,returning,0,0,50.84,0.0
9490,studio,male,adult,new,0,0,28.35,0.0
9491,lifestyle,female,adult,returning,0,0,53.82,0.0
9492,studio,female,adult,new,0,0,36.4,0.0
9493,studio,female,adult,new,0,0,29.73,0.0
9494,studio,male,young,returning,0,0,47.31,0.0
9495,lifestyle,male,young,new,0,0,29.93,0.0
9496,studio,male,adult,new,0,0,20.15,0.0
9497,studio,female,young,new,0,1,51.04,81.11
9498,studio,female,young,returning,0,0,32.71,0.0
9499,lifestyle,male,adult,new,0,0,25.57,0.0
9500,studio,female,young,returning,1,0,54.91,0.0
9501,lifestyle,male,adult,new,0,0,34.19,0.0
9502,lifestyle,male,young,new,0,0,28.91,0.0
9503,lifestyle,female,adult,new,0,0,48.5,0.0
9504,lifestyle,male,adult,new,0,0,37.71,0.0
9505,studio,male,adult,new,0,0,45.58,0.0
9506,studio,male,adult,returning,0,0,39.59,0.0
9507,studio,female,adult,returning,0,0,33.02,0.0
9508,lifestyle,female,adult,returning,0,0,52.98,0.0
9509,studio,female,senior,new,0,0,44.2,0.0
9510,studio,female,adult,new,0,0,34.8,0.0
9511,lifestyle,female,adult,new,0,0,47.12,0.0
9512,lifestyle,male,young,new,0,0,47.44,0.0
9513,studio,female,senior,returning,0,1,49.06,89.37
9514,lifestyle,female,senior,new,1,0,85.58,0.0
9515,lifestyle,female,adult,returning,0,0,42.68,0.0
9516,studio,female,adult,new,0,0,35.88,0.0
9517,studio,female,adult,new,1,0,32.43,0.0
9518,lifestyle,male,young,returning,0,0,43.29,0.0
9519,lifestyle,male,senior,returning,0,0,48.72,0.0
9520,studio,female,adult,returning,0,0,23.5,0.0
9521,studio,female,adult,returning,0,0,24.6,0.0
9522,lifestyle,female,adult,returning,0,0,33.01,0.0
9523,lifestyle,male,senior,returning,0,0,44.05,0.0
9524,lifestyle,male,adult,returning,0,0,44.13,0.0
9525,studio,female,young,returning,0,0,32.77,0.0
9526,studio,female,adult,new,0,0,38.03,0.0
9527,lifestyle,female,senior,returning,1,0,68.75,0.0
9528,studio,male,adult,new,0,0,40.43,0.0
9529,lifestyle,female,senior,new,0,0,50.64,0.0
9530,lifestyle,female,adult,new,0,0,44.86,0.0
9531,studio,female,adult,returning,0,0,37.89,0.0
9532,lifestyle,male,young,new,1,0,55.53,0.0
9533,studio,male,young,returning,0,0,28.4,0.0
9534,lifestyle,female,adult,new,0,0,41.07,0.0
9535,studio,male,adult,new,0,0,41.53,0.0
9536,studio,female,adult,new,0,0,41.47,0.0
9537,lifestyle,female,adult,new,0,0,47.08,0.0
9538,lifestyle,female,young,new,1,0,52.25,0.0
9539,studio,male,adult,returning,0,0,32.84,0.0
9540,lifestyle,male,adult,new,0,0,39.87,0.0
9541,studio,female,young,new,0,0,28.93,0.0
9542,studio,female,adult,new,0,0,43.94,0.0
9543,studio,male,senior,returning,0,0,21.59,0.0
9544,studio,male,adult,new,0,0,55.22,0.0
9545,studio,female,young,new,0,0,55.74,0.0
9546,studio,male,adult,new,0,0,35.5,0.0
9547,studio,female,young,returning,0,0,39.05,0.0
9548,studio,male,adult,new,0,0,43.49,0.0
9549,studio,female,young,new,0,0,27.42,0.0
9550,lifestyle,female,adult,returning,0,0,47.68,0.0
9551,studio,female,young,returning,0,0,48.19,0.0
9552,lifestyle,male,adult,new,0,0,23.97,0.0
9553,lifestyle,female,young,new,0,0,27.59,0.0
9554,lifestyle,male,senior,new,0,0,54.5,0.0
9555,lifestyle,female,adult,returning,0,0,39.3,0.0
9556,lifestyle,female,adult,new,0,0,38.13,0.0
9557,studio,female,adult,new,0,0,31.73,0.0
9558,lifestyle,male,adult,new,0,0,30.73,0.0
9559,lifestyle,female,adult,returning,0,0,37.9,0.0
9560,lifestyle,male,young,returning,0,0,28.8,0.0
9561,lifestyle,male,adult,returning,0,0,55.09,0.0
9562,studio,male,young,new,1,0,51.33,0.0
9563,lifestyle,male,adult,new,0,0,43.07,0.0
9564,lifestyle,male,senior,new,0,0,53.67,0.0
9565,studio,male,senior,new,0,0,67.9,0.0
9566,studio,female,young,returning,0,0,24.48,0.0
9567,lifestyle,male,adult,new,0,0,23.58,0.0
9568,lifestyle,female,adult,new,0,1,61.69,173.67
9569,studio,male,young,returning,1,0,31.73,0.0
9570,lifestyle,female,young,new,0,0,38.61,0.0
9571,studio,female,adult,returning,0,0,43.74,0.0
9572,studio,female,senior,returning,0,0,55.28,0.0
9573,studio,female,adult,returning,0,1,39.34,164.49
9574,studio,male,adult,returning,0,0,25.57,0.0
9575,studio,female,adult,returning,0,0,38.63,0.0
9576,studio,male,adult,new,1,0,57.54,0.0
9577,lifestyle,female,senior,new,0,0,55.11,0.0
9578,lifestyle,male,adult,returning,0,0,56.75,0.0
9579,studio,male,young,new,0,0,42.29,0.0
9580,studio,male,adult,returning,0,0,33.8,0.0
9581,studio,female,senior,new,0,0,50.62,0.0
9582,lifestyle,female,adult,new,0,0,42.7,0.0
9583,studio,female,adult,new,0,0,37.75,0.0
9584,studio,female,young,new,0,0,30.06,0.0
9585,lifestyle,male,young,returning,0,0,43.57,0.0
9586,lifestyle,female,senior,returning,0,0,30.7,0.0
9587,studio,female,young,new,0,0,45.35,0.0
9588,studio,female,young,returning,0,0,24.91,0.0
9589,studio,female,adult,new,0,0,26.12,0.0
9590,lifestyle,female,senior,returning,0,0,23.73,0.0
9591,lifestyle,female,young,returning,0,0,33.77,0.0
9592,studio,male,adult,new,0,0,25.42,0.0
9593,lifestyle,male,young,new,1,0,59.17,0.0
9594,studio,male,adult,new,0,0,22.05,0.0
9595,studio,male,senior,returning,0,1,55.56,97.82
9596,studio,male,young,returning,1,0,43.2,0.0
9597,studio,female,young,returning,0,0,17.4,0.0
9598,studio,male,young,returning,0,0,37.38,0.0
9599,studio,female,adult,new,0,0,32.81,0.0
9600,studio,female,young,returning,0,0,35.4,0.0
9601,studio,male,young,new,0,0,43.3,0.0
9602,lifestyle,male,young,new,0,1,62.08,135.55
9603,studio,female,adult,returning,0,0,31.67,0.0
9604,studio,female,young,new,0,0,44.23,0.0
9605,lifestyle,female,senior,new,0,0,43.74,0.0
9606,lifestyle,male,senior,new,1,0,56.95,0.0
9607,lifestyle,female,adult,new,0,0,48.7,0.0
9608,studio,male,adult,returning,0,0,27.2,0.0
9609,studio,female,adult,returning,0,1,66.67,126.29
9610,lifestyle,female,adult,new,0,0,43.6,0.0
9611,lifestyle,male,adult,new,0,0,57.69,0.0
9612,studio,male,adult,returning,1,0,49.4,0.0
9613,lifestyle,male,adult,new,1,0,66.48,0.0
9614,studio,male,adult,new,0,0,18.61,0.0
9615,lifestyle,female,young,returning,1,1,89.82,167.3
9616,lifestyle,male,young,returning,1,0,63.89,0.0
9617,lifestyle,female,young,new,0,0,35.55,0.0
9618,lifestyle,male,adult,returning,0,1,70.65,132.54
9619,lifestyle,female,adult,new,0,0,29.33,0.0
9620,studio,female,adult,new,0,0,30.03,0.0
9621,studio,female,adult,returning,0,0,26.49,0.0
9622,studio,female,adult,new,0,0,44.2,0.0
9623,studio,male,young,new,0,0,47.48,0.0
9624,lifestyle,female,adult,returning,0,1,57.51,107.54
9625,studio,male,adult,returning,0,0,22.29,0.0
9626,studio,male,adult,new,0,0,25.23,0.0
9627,lifestyle,male,adult,returning,0,0,42.92,0.0
9628,lifestyle,female,adult,new,0,0,42.29,0.0
9629,studio,female,young,new,0,0,31.6,0.0
9630,studio,female,senior,new,0,0,31.7,0.0
9631,studio,male,senior,new,0,0,56.28,0.0
9632,lifestyle,male,adult,new,0,0,35.8,0.0
9633,studio,female,adult,returning,0,0,26.67,0.0
9634,lifestyle,female,adult,new,1,0,68.47,0.0
9635,studio,male,adult,new,0,0,32.18,0.0
9636,studio,female,senior,returning,0,0,45.12,0.0
9637,lifestyle,male,young,new,0,0,33.25,0.0
9638,studio,male,young,returning,0,0,40.06,0.0
9639,studio,male,young,new,0,0,42.35,0.0
9640,studio,male,adult,new,0,0,23.84,0.0
9641,studio,male,young,returning,0,0,29.66,0.0
9642,lifestyle,female,senior,new,0,0,37.95,0.0
9643,studio,female,adult,new,0,0,29.72,0.0
9644,studio,female,adult,new,0,0,51.01,0.0
9645,studio,female,young,new,0,0,37.57,0.0
9646,lifestyle,female,young,returning,0,0,61.48,0.0
9647,lifestyle,male,young,new,0,0,56.83,0.0
9648,lifestyle,female,young,new,1,0,68.31,0.0
9649,lifestyle,female,adult,new,0,0,56.54,0.0
9650,studio,male,senior,new,0,0,51.6,0.0
9651,studio,male,adult,returning,0,0,52.05,0.0
9652,studio,female,adult,returning,0,0,40.45,0.0
9653,studio,female,adult,new,0,0,41.86,0.0
9654,studio,male,young,new,0,0,41.58,0.0
9655,lifestyle,female,adult,new,0,0,37.61,0.0
9656,lifestyle,female,young,new,0,0,50.46,0.0
9657,lifestyle,male,senior,new,0,0,59.58,0.0
9658,studio,female,adult,new,0,0,29.0,0.0
9659,lifestyle,female,adult,returning,0,0,33.43,0.0
9660,lifestyle,male,adult,new,0,0,36.49,0.0
9661,lifestyle,female,young,returning,1,0,70.57,0.0
9662,studio,male,adult,new,0,0,32.63,0.0
9663,studio,male,adult,returning,0,1,43.96,155.19
9664,studio,male,adult,returning,0,0,24.61,0.0
9665,studio,female,young,new,0,0,25.96,0.0
9666,lifestyle,female,young,returning,0,0,34.87,0.0
9667,studio,male,adult,new,0,0,21.01,0.0
9668,studio,male,senior,returning,1,1,81.06,87.1
9669,lifestyle,male,senior,returning,0,0,45.11,0.0
9670,lifestyle,female,adult,new,0,0,47.34,0.0
9671,studio,female,adult,returning,0,0,12.03,0.0
9672,lifestyle,female,senior,new,0,0,57.72,0.0
9673,studio,female,young,new,0,0,34.18,0.0
9674,studio,female,adult,new,0,0,40.0,0.0
9675,studio,male,young,new,0,0,50.21,0.0
9676,lifestyle,male,young,new,0,0,45.68,0.0
9677,lifestyle,female,young,new,0,0,63.12,0.0
9678,studio,female,adult,returning,0,0,16.2,0.0
9679,lifestyle,male,adult,new,0,0,38.82,0.0
9680,studio,female,adult,returning,0,1,36.97,143.46
9681,lifestyle,female,young,new,0,0,45.14,0.0
9682,studio,male,young,new,0,0,35.77,0.0
9683,studio,female,adult,returning,0,0,24.08,0.0
9684,lifestyle,female,adult,returning,0,0,63.74,0.0
9685,lifestyle,male,adult,returning,0,0,38.41,0.0
9686,studio,female,young,new,0,0,12.94,0.0
9687,studio,male,adult,new,0,0,41.8,0.0
9688,studio,male,senior,new,0,0,46.96,0.0
9689,studio,female,adult,new,0,0,30.21,0.0
9690,lifestyle,male,adult,new,0,0,49.88,0.0
9691,lifestyle,male,senior,new,1,0,52.5,0.0
9692,studio,male,adult,new,0,0,30.83,0.0
9693,studio,male,adult,returning,0,0,38.94,0.0
9694,lifestyle,male,adult,returning,0,0,51.24,0.0
9695,studio,female,young,new,0,0,32.76,0.0
9696,lifestyle,male,adult,new,1,0,52.18,0.0
9697,studio,female,adult,new,0,0,34.59,0.0
9698,lifestyle,female,young,new,0,0,21.54,0.0
9699,lifestyle,male,senior,returning,0,0,44.2,0.0
9700,lifestyle,female,adult,returning,0,0,22.19,0.0
9701,lifestyle,female,adult,returning,0,0,33.58,0.0
9702,studio,male,adult,new,0,0,20.78,0.0
9703,lifestyle,male,adult,returning,0,0,47.28,0.0
9704,lifestyle,female,adult,new,0,0,34.69,0.0
9705,studio,female,adult,returning,0,0,47.38,0.0
9706,studio,male,senior,new,0,0,21.53,0.0
9707,studio,male,adult,new,0,0,32.56,0.0
9708,studio,male,adult,new,0,0,35.85,0.0
9709,studio,male,senior,new,0,0,44.9,0.0
9710,lifestyle,female,young,new,0,0,63.54,0.0
9711,studio,male,adult,returning,0,0,15.33,0.0
9712,lifestyle,male,young,new,0,0,34.42,0.0
9713,studio,male,adult,new,0,0,54.97,0.0
9714,studio,male,adult,returning,0,0,25.79,0.0
9715,studio,male,senior,new,0,0,44.42,0.0
9716,studio,male,senior,new,0,0,30.6,0.0
9717,studio,male,young,returning,0,0,21.06,0.0
9718,studio,female,young,new,0,0,26.84,0.0
9719,studio,female,adult,new,0,0,54.78,0.0
9720,lifestyle,male,adult,returning,0,0,30.33,0.0
9721,lifestyle,female,young,new,0,0,39.02,0.0
9722,studio,male,young,returning,0,0,32.45,0.0
9723,lifestyle,female,adult,new,0,0,51.16,0.0
9724,lifestyle,male,young,new,0,0,53.29,0.0
9725,studio,male,senior,new,0,0,41.08,0.0
9726,lifestyle,female,adult,returning,0,0,10.1,0.0
9727,lifestyle,male,adult,returning,0,0,33.11,0.0
9728,studio,male,young,new,0,0,23.02,0.0
9729,studio,female,young,new,0,0,46.59,0.0
9730,studio,female,adult,new,1,0,40.79,0.0
9731,studio,female,senior,new,0,0,56.83,0.0
9732,lifestyle,male,young,returning,0,1,66.08,129.8
9733,studio,female,young,returning,1,0,61.35,0.0
9734,lifestyle,male,young,returning,0,0,64.56,0.0
9735,lifestyle,male,adult,new,0,0,32.56,0.0
9736,lifestyle,female,adult,new,0,0,25.8,0.0
9737,lifestyle,female,young,new,0,0,43.87,0.0
9738,studio,female,adult,new,0,0,44.54,0.0
9739,studio,female,adult,new,0,0,28.35,0.0
9740,lifestyle,male,adult,returning,0,0,42.36,0.0
9741,studio,male,adult,new,0,0,47.17,0.0
9742,studio,male,adult,new,0,0,46.18,0.0
9743,lifestyle,female,adult,new,0,0,36.18,0.0
9744,lifestyle,male,adult,returning,0,0,44.71,0.0
9745,studio,female,senior,returning,0,0,30.64,0.0
9746,lifestyle,female,senior,new,0,0,32.5,0.0
9747,lifestyle,female,adult,returning,0,0,55.58,0.0
9748,studio,female,young,new,0,0,13.67,0.0
9749,studio,female,adult,new,0,0,36.91,0.0
9750,lifestyle,female,young,new,0,0,38.3,0.0
9751,studio,female,senior,new,0,0,45.49,0.0
9752,studio,male,young,new,0,0,28.15,0.0
9753,studio,male,senior,returning,0,0,51.42,0.0
9754,lifestyle,female,adult,new,1,0,54.78,0.0
9755,studio,female,adult,new,0,0,49.51,0.0
9756,studio,male,adult,new,0,0,37.19,0.0
9757,studio,male,senior,returning,0,0,29.5,0.0
9758,lifestyle,female,young,returning,0,0,47.43,0.0
9759,studio,female,young,new,0,0,39.18,0.0
9760,lifestyle,male,young,new,0,0,40.93,0.0
9761,lifestyle,female,senior,new,1,0,54.52,0.0
9762,studio,female,adult,new,1,0,58.61,0.0
9763,lifestyle,female,adult,new,0,0,32.35,0.0
9764,lifestyle,male,adult,new,0,0,33.4,0.0
9765,lifestyle,male,senior,returning,0,1,72.27,150.42
9766,studio,male,adult,new,0,0,32.89,0.0
9767,lifestyle,male,adult,returning,0,0,22.35,0.0
9768,lifestyle,male,adult,returning,0,0,32.38,0.0
9769,lifestyle,female,adult,new,0,0,46.06,0.0
9770,studio,male,young,new,0,0,32.3,0.0
9771,lifestyle,female,young,new,1,0,55.99,0.0
9772,studio,female,young,returning,0,0,37.62,0.0
9773,studio,male,adult,new,0,0,39.56,0.0
9774,studio,female,adult,new,0,0,36.16,0.0
9775,lifestyle,female,adult,new,0,0,8.72,0.0
9776,studio,female,senior,new,0,0,39.45,0.0
9777,lifestyle,male,young,new,0,0,36.84,0.0
9778,lifestyle,female,adult,new,0,0,42.31,0.0
9779,studio,male,adult,new,0,0,45.68,0.0
9780,lifestyle,female,young,returning,0,0,31.28,0.0
9781,studio,male,adult,new,0,0,35.7,0.0
9782,studio,female,senior,new,0,0,44.77,0.0
9783,lifestyle,male,young,new,1,0,53.9,0.0
9784,lifestyle,male,adult,new,0,0,28.91,0.0
9785,lifestyle,female,young,new,0,0,29.96,0.0
9786,lifestyle,female,young,new,0,0,41.65,0.0
9787,studio,male,adult,returning,0,0,28.8,0.0
9788,studio,male,adult,new,1,0,30.72,0.0
9789,lifestyle,female,adult,new,0,0,34.02,0.0
9790,studio,female,adult,new,0,0,21.99,0.0
9791,studio,male,senior,new,0,0,47.48,0.0
9792,lifestyle,female,young,new,0,0,27.16,0.0
9793,studio,female,adult,new,0,0,49.2,0.0
9794,studio,male,adult,new,0,0,56.6,0.0
9795,lifestyle,female,senior,new,0,0,39.59,0.0
9796,lifestyle,female,adult,new,0,0,35.86,0.0
9797,lifestyle,female,senior,new,0,0,56.44,0.0
9798,lifestyle,male,young,returning,0,0,52.84,0.0
9799,studio,female,adult,returning,0,0,30.08,0.0
9800,lifestyle,male,adult,new,0,0,37.6,0.0
9801,lifestyle,female,adult,returning,0,0,37.68,0.0
9802,studio,male,adult,new,0,0,26.48,0.0
9803,studio,female,young,returning,0,0,44.11,0.0
9804,lifestyle,female,young,new,0,0,43.55,0.0
9805,lifestyle,male,young,new,0,0,34.75,0.0
9806,lifestyle,female,senior,new,0,0,47.65,0.0
9807,lifestyle,female,adult,new,0,0,38.22,0.0
9808,lifestyle,male,young,new,0,0,67.03,0.0
9809,lifestyle,female,senior,new,0,0,44.51,0.0
9810,lifestyle,female,young,new,1,0,64.4,0.0
9811,studio,male,adult,returning,1,0,54.35,0.0
9812,lifestyle,female,young,returning,0,0,40.49,0.0
9813,studio,female,senior,returning,0,0,44.4,0.0
9814,lifestyle,male,adult,new,0,0,44.1,0.0
9815,lifestyle,female,adult,returning,0,0,66.87,0.0
9816,lifestyle,male,adult,returning,0,0,41.03,0.0
9817,lifestyle,female,young,returning,0,0,15.93,0.0
9818,studio,female,adult,new,0,0,56.89,0.0
9819,studio,male,adult,new,0,0,29.9,0.0
9820,studio,female,young,new,0,0,35.86,0.0
9821,lifestyle,female,senior,returning,0,0,41.56,0.0
9822,lifestyle,male,adult,new,0,0,36.01,0.0
9823,lifestyle,female,young,new,0,0,30.81,0.0
9824,studio,female,young,new,0,0,14.98,0.0
9825,studio,male,young,new,0,0,27.83,0.0
9826,lifestyle,female,young,returning,0,0,47.14,0.0
9827,studio,male,adult,new,0,0,18.54,0.0
9828,lifestyle,male,young,new,0,0,47.05,0.0
9829,lifestyle,female,adult,returning,0,0,65.2,0.0
9830,lifestyle,female,adult,new,1,0,59.87,0.0
9831,studio,female,young,returning,0,0,21.11,0.0
9832,lifestyle,male,senior,new,0,0,51.03,0.0
9833,studio,female,young,returning,0,0,44.58,0.0
9834,lifestyle,female,adult,new,0,0,55.04,0.0
9835,studio,male,adult,new,1,0,51.88,0.0
9836,studio,male,young,new,0,0,41.04,0.0
9837,lifestyle,female,young,returning,0,0,50.5,0.0
9838,studio,male,young,new,0,0,41.02,0.0
9839,lifestyle,male,senior,new,0,0,50.18,0.0
9840,lifestyle,female,adult,returning,0,0,35.61,0.0
9841,lifestyle,female,adult,new,0,0,51.54,0.0
9842,lifestyle,female,adult,new,0,0,36.64,0.0
9843,studio,female,adult,returning,0,0,61.02,0.0
9844,lifestyle,female,young,new,0,0,35.6,0.0
9845,studio,female,young,new,1,0,58.03,0.0
9846,studio,male,young,returning,0,0,22.22,0.0
9847,lifestyle,male,adult,new,0,0,37.23,0.0
9848,studio,male,young,new,0,0,29.11,0.0
9849,lifestyle,male,young,returning,1,0,43.33,0.0
9850,lifestyle,male,young,new,0,0,36.26,0.0
9851,lifestyle,male,adult,returning,0,0,45.6,0.0
9852,lifestyle,male,adult,new,0,0,39.53,0.0
9853,studio,male,young,returning,0,0,46.93,0.0
9854,lifestyle,female,young,new,0,0,32.69,0.0
9855,lifestyle,male,young,new,0,0,48.97,0.0
9856,studio,female,young,returning,1,0,44.07,0.0
9857,studio,male,young,new,0,0,46.29,0.0
9858,lifestyle,female,young,new,0,0,49.83,0.0
9859,studio,female,adult,returning,0,0,45.13,0.0
9860,studio,female,adult,new,0,0,33.39,0.0
9861,lifestyle,female,young,new,0,1,75.29,115.47
9862,lifestyle,female,young,new,0,0,25.4,0.0
9863,lifestyle,male,young,returning,0,0,46.46,0.0
9864,lifestyle,female,young,new,0,0,43.38,0.0
9865,lifestyle,female,senior,returning,0,0,55.34,0.0
9866,studio,female,adult,new,0,0,34.24,0.0
9867,studio,male,young,returning,0,0,25.16,0.0
9868,studio,female,adult,new,0,0,24.08,0.0
9869,lifestyle,female,young,new,0,0,41.88,0.0
9870,studio,female,young,new,0,0,32.4,0.0
9871,studio,female,adult,new,0,0,43.57,0.0
9872,lifestyle,male,young,new,0,0,51.54,0.0
9873,studio,male,adult,new,0,0,35.48,0.0
9874,studio,male,adult,returning,0,0,35.26,0.0
9875,lifestyle,male,adult,new,0,0,52.65,0.0
9876,studio,male,senior,returning,0,0,37.55,0.0
9877,studio,male,adult,new,0,0,32.96,0.0
9878,studio,male,adult,returning,0,0,21.77,0.0
9879,lifestyle,female,adult,returning,1,0,65.79,0.0
9880,lifestyle,male,young,returning,0,0,41.1,0.0
9881,studio,female,adult,new,1,0,61.37,0.0
9882,lifestyle,female,senior,returning,0,0,34.93,0.0
9883,studio,female,adult,new,0,0,30.09,0.0
9884,lifestyle,male,senior,new,0,0,56.46,0.0
9885,studio,female,young,returning,0,0,38.26,0.0
9886,lifestyle,female,young,new,0,0,30.17,0.0
9887,lifestyle,female,young,new,0,0,51.23,0.0
9888,lifestyle,female,adult,new,0,0,28.95,0.0
9889,studio,female,adult,new,0,0,43.28,0.0
9890,studio,female,young,new,0,0,25.2,0.0
9891,lifestyle,male,senior,returning,0,0,59.11,0.0
9892,studio,male,adult,new,0,0,36.13,0.0
9893,lifestyle,female,adult,returning,0,0,45.44,0.0
9894,lifestyle,male,adult,returning,1,0,56.19,0.0
9895,lifestyle,male,young,new,0,0,42.88,0.0
9896,studio,female,adult,returning,0,0,35.83,0.0
9897,lifestyle,male,young,returning,0,0,49.06,0.0
9898,lifestyle,female,young,new,0,0,41.37,0.0
9899,lifestyle,female,adult,new,0,1,76.62,108.89
9900,studio,male,senior,returning,1,0,47.64,0.0
9901,studio,male,adult,returning,0,0,43.61,0.0
9902,studio,male,adult,returning,0,0,40.64,0.0
9903,studio,male,adult,new,0,0,47.33,0.0
9904,lifestyle,male,young,new,0,0,43.21,0.0
9905,lifestyle,male,adult,new,0,0,45.29,0.0
9906,studio,male,adult,returning,0,1,58.18,101.14
9907,lifestyle,male,young,returning,0,0,29.84,0.0
9908,studio,female,adult,new,0,0,38.94,0.0
9909,studio,female,young,returning,0,0,67.7,0.0
9910,studio,female,young,new,0,0,51.09,0.0
9911,studio,female,young,returning,0,0,27.2,0.0
9912,lifestyle,male,young,new,0,0,23.99,0.0
9913,studio,female,adult,returning,0,0,35.52,0.0
9914,lifestyle,male,adult,new,0,0,52.83,0.0
9915,studio,male,adult,new,1,0,49.61,0.0
9916,lifestyle,female,young,new,0,0,60.89,0.0
9917,studio,male,adult,returning,0,0,27.2,0.0
9918,studio,male,young,new,0,0,37.25,0.0
9919,studio,female,adult,new,0,0,33.91,0.0
9920,studio,female,young,returning,0,0,42.31,0.0
9921,studio,male,adult,new,0,0,43.0,0.0
9922,lifestyle,male,young,new,0,0,53.89,0.0
9923,lifestyle,female,adult,new,0,0,40.76,0.0
9924,lifestyle,female,senior,new,0,0,59.58,0.0
9925,lifestyle,male,adult,new,0,0,45.45,0.0
9926,studio,female,young,new,0,0,48.6,0.0
9927,studio,female,young,returning,0,0,50.0,0.0
9928,lifestyle,male,senior,new,0,0,47.18,0.0
9929,lifestyle,female,adult,new,0,0,35.26,0.0
9930,lifestyle,female,senior,new,0,0,49.04,0.0
9931,lifestyle,male,adult,new,0,0,51.91,0.0
9932,studio,female,senior,returning,0,0,24.95,0.0
9933,studio,male,senior,returning,0,0,35.05,0.0
9934,studio,female,adult,new,0,0,41.83,0.0
9935,studio,female,young,returning,0,0,9.12,0.0
9936,studio,male,adult,new,0,0,24.66,0.0
9937,studio,female,senior,returning,0,0,33.87,0.0
9938,lifestyle,female,senior,new,0,0,46.17,0.0
9939,lifestyle,male,young,new,0,0,38.78,0.0
9940,lifestyle,male,adult,returning,0,0,38.97,0.0
9941,lifestyle,male,adult,returning,1,0,43.69,0.0
9942,studio,female,adult,new,0,0,52.7,0.0
9943,studio,female,adult,returning,0,0,28.92,0.0
9944,lifestyle,female,adult,returning,0,0,22.97,0.0
9945,studio,male,senior,new,0,0,51.35,0.0
9946,studio,female,young,new,0,0,27.25,0.0
9947,studio,male,young,new,0,0,22.88,0.0
9948,studio,male,young,returning,0,0,41.78,0.0
9949,lifestyle,female,senior,returning,0,0,41.81,0.0
9950,studio,male,adult,new,1,0,51.68,0.0
9951,lifestyle,female,young,returning,0,0,35.66,0.0
9952,lifestyle,female,young,returning,0,0,37.37,0.0
9953,studio,female,adult,new,0,0,25.07,0.0
9954,studio,female,adult,new,0,0,22.86,0.0
9955,studio,male,adult,new,0,0,69.72,0.0
9956,studio,female,adult,new,0,0,26.72,0.0
9957,lifestyle,female,young,returning,0,0,27.37,0.0
9958,lifestyle,female,senior,new,0,0,58.3,0.0
9959,lifestyle,male,young,new,0,0,44.67,0.0
9960,studio,female,adult,returning,0,0,35.17,0.0
9961,lifestyle,female,young,new,0,0,37.12,0.0
9962,lifestyle,male,young,new,0,0,37.93,0.0
9963,studio,female,young,new,0,0,32.03,0.0
9964,lifestyle,female,adult,new,0,0,53.37,0.0
9965,studio,male,adult,returning,0,0,32.52,0.0
9966,lifestyle,male,young,new,0,0,53.44,0.0
9967,lifestyle,female,young,returning,1,0,56.46,0.0
9968,studio,male,senior,new,0,0,37.95,0.0
9969,lifestyle,female,young,new,0,0,31.79,0.0
9970,studio,female,young,new,0,0,56.45,0.0
9971,studio,male,adult,returning,0,0,35.15,0.0
9972,lifestyle,female,adult,new,1,0,56.99,0.0
9973,lifestyle,female,young,new,0,0,60.59,0.0
9974,studio,female,senior,returning,0,0,44.17,0.0
9975,studio,female,adult,new,0,0,40.27,0.0
9976,studio,female,adult,new,0,0,35.6,0.0
9977,studio,male,young,new,0,0,27.26,0.0
9978,lifestyle,male,adult,returning,1,0,69.17,0.0
9979,lifestyle,male,young,returning,0,1,47.84,95.16
9980,lifestyle,male,adult,new,0,0,32.23,0.0
9981,studio,female,young,new,0,0,27.23,0.0
9982,lifestyle,male,adult,new,0,0,44.51,0.0
9983,studio,female,senior,returning,0,0,39.84,0.0
9984,lifestyle,male,adult,new,0,0,23.37,0.0
9985,lifestyle,male,young,new,0,0,65.17,0.0
9986,lifestyle,female,adult,returning,0,0,49.6,0.0
9987,studio,male,adult,new,0,0,30.09,0.0
9988,studio,female,young,new,0,0,39.33,0.0
9989,studio,male,adult,returning,0,0,39.47,0.0
9990,lifestyle,female,young,returning,0,0,38.7,0.0
9991,studio,female,adult,new,0,0,38.94,0.0
9992,studio,female,adult,new,0,0,39.06,0.0
9993,studio,male,young,new,0,0,45.91,0.0
9994,lifestyle,female,young,new,0,1,62.69,170.62
9995,studio,female,young,returning,0,0,38.22,0.0
9996,lifestyle,female,senior,returning,0,1,64.91,150.89
9997,lifestyle,male,adult,returning,0,0,37.67,0.0
9998,lifestyle,male,young,new,0,0,34.3,0.0
9999,studio,male,adult,new,0,0,26.96,0.0
10000,studio,male,young,new,0,0,30.35,0.0
